count,mean,std,min,max
13894,668.1864833741183,234.62073482952607,5.0,999.0
13894,501.81106952641426,288.1914992629507,0.0,999.0
13894,499.4632935079891,230.1442727807812,5.0,999.0
13894,,,,
13894,333.5210162660141,237.02247213518416,0.0,992.0
