count,mean,std,min,max
15136,664.6298229386892,237.22559240374287,8.0,999.0
15136,497.7081131078224,289.6283982643683,0.0,999.0
15136,498.59659090909093,230.54217030370938,1.0,999.0
15136,,,,
15136,331.84863900634247,235.14036045188612,0.0,998.0
