count,mean,std,min,max
12613,498.327915642591,289.3877295043832,0,999
12613,668.179418060731,234.71204107968794,5,999
12613,330.9426781891699,235.50172391993627,0,990
12613,499.4110045191469,229.88440353979635,1,996
