count,mean,std,min,max
17576,502.539144287665,287.8507621739749,0,999
17576,667.5459148839326,235.1606946655862,11,999
17576,335.7027765134274,235.50701859350133,0,991
17576,501.1065088757396,229.0021638434277,0,993
