count,mean,std,min,max
14467,497.8542890716804,290.6308991934148,0,999
14467,666.962535425451,235.38532110409122,16,999
14467,331.0382940485242,236.3935148735337,0,989
14467,499.274279394484,230.70647299208605,0,997
