count,mean,std,min,max
19890,668.0522373051784,233.82003437109185,11.0,999.0
19890,501.73906485671193,287.01041429668953,0.0,999.0
19890,501.45525389643035,228.74939699278923,6.0,998.0
19890,,,,
19890,335.0628456510809,236.60092659078876,0.0,994.0
