count,mean,std,min,max
14823,666.65013829859,235.7861441282492,5.0,999.0
14823,500.08041557039735,287.547679882282,0.0,999.0
14823,499.389057545706,230.12719715966503,3.0,997.0
14823,,,,
14823,329.8081360048573,234.27311514558411,0.0,995.0
