count,mean,std,min,max
18525,503.2498245614035,288.1286772016887,0,999
18525,668.4689338731444,234.6273755648946,11,999
18525,337.07309041835356,236.14933489096177,0,990
18525,502.1101754385965,228.17053048321958,2,994
