count,mean,std,min,max
13417,670.2496832376835,234.1574018608841,5.0,999.0
13417,500.1360214653052,289.83538199363846,0.0,999.0
13417,501.9246478348364,230.32361647888635,4.0,996.0
13417,,,,
13417,331.10397257211,236.88502339354233,0.0,990.0
