count,mean,std,min,max
17758,666.7904606374592,236.17147560561926,4.0,999.0
17758,498.2366820587904,289.42591537429195,0.0,999.0
17758,500.38422119608066,229.7116643757634,2.0,998.0
17758,,,,
17758,332.7932199572024,235.43230648238054,0.0,994.0
