count,mean,std,min,max
10970,666.8813126709207,235.80835795605427,5.0,999.0
10970,500.19781221513216,287.72968568689686,0.0,999.0
10970,501.87657247037373,229.24748706846538,5.0,996.0
10970,,,,
10970,333.4331814038286,234.51009049444102,0.0,991.0
