count,mean,std,min,max
14895,496.754145686472,288.47348399045353,0,999
14895,665.1893252769386,236.4463975034382,7,999
14895,331.9640819066801,236.34083449247214,0,990
14895,498.32326283987913,230.2146292330696,4,996
