count,mean,std,min,max
16151,497.572162714383,286.87222661879156,0,999
16151,665.8673766330259,235.5488251623014,6,999
16151,333.3300724413349,234.54533467450105,0,995
16151,500.9963469754195,228.384055006215,4,996
