count,mean,std,min,max
10779,506.0821968642731,288.504169300231,0,999
10779,669.7792930698581,234.85419368918008,3,999
10779,335.51043696075703,237.80485402269767,0,985
10779,501.7420911030708,230.8240373599859,0,998
