count,mean,std,min,max
13193,667.8905480178882,235.25605960378877,0.0,999.0
13193,499.25824300765555,289.75741657171386,0.0,999.0
13193,501.55423330554083,230.3678537638477,0.0,997.0
13193,,,,
13193,334.2419464867733,237.9093917695299,0.0,989.0
