count,mean,std,min,max
15199,499.39186788604513,288.36927117800917,0,999
15199,667.2877820909271,235.09223609268267,7,999
15199,330.3012040265807,233.94739932009452,0,983
15199,499.0397394565432,229.22346210236074,4,994
