count,mean,std,min,max
12851,501.6502995875807,287.94037272472207,0,999
12851,665.565403470547,235.84462401199767,8,999
12851,336.5621352423936,235.5304646474496,0,983
12851,499.2577231343864,230.7351898061112,3,996
