count,mean,std,min,max
11547,666.6714298086083,234.19929845815773,7.0,999.0
11547,497.328829999134,288.48161284917467,0.0,999.0
11547,499.29713345457697,229.64820578022585,2.0,997.0
11547,,,,
11547,334.06192084524116,235.9690713347601,0.0,992.0
