count,mean,std,min,max
15340,666.8670143415906,235.58505898071311,11.0,999.0
15340,500.32659713168186,289.9793662332168,0.0,999.0
15340,497.28585397653194,230.18961244697192,9.0,995.0
15340,,,,
15340,331.37157757496743,236.08741299761428,0.0,995.0
