count,mean,std,min,max
13958,663.4925490757988,239.6010513434955,10.0,999.0
13958,496.05423413096435,289.2249599329508,0.0,999.0
13958,494.2152170798109,231.4158884478053,1.0,998.0
13958,,,,
13958,329.71629173233987,233.97565634193734,0.0,989.0
