count,mean,std,min,max
10298,665.9402796659546,235.58574680464758,17.0,999.0
10298,500.4592153816275,287.2967887494086,0.0,999.0
10298,500.0043697805399,228.54959300211303,5.0,997.0
10298,,,,
10298,333.65517576228393,234.80477004492158,0.0,992.0
