count,mean,std,min,max
12613,498.327915642591,289.38772950438374,0,999
12613,668.179418060731,234.71204107968822,5,999
12613,330.9426781891699,235.50172391993624,0,990
12613,499.4110045191469,229.8844035397961,1,996
