count,mean,std,min,max
12976,501.29007398273734,289.038714551457,0,999
12976,666.4650893958077,235.70868996882675,5,999
12976,336.1229963008631,236.08441155530494,0,992
12976,500.56411837237977,230.06729293763988,1,995
