count,mean,std,min,max
15253,498.2942371992395,288.1097264829201,0,999
15253,666.4724972136629,234.56511251341374,14,999
15253,330.39729889202124,235.33178563293143,0,996
15253,497.3900216350882,229.0658166517494,7,998
