count,mean,std,min,max
16754,667.9304046794796,234.47679409742366,3.0,999.0
16754,503.0528232063985,288.0632926792925,0.0,999.0
16754,502.96012892443594,228.39512663913843,2.0,995.0
16754,,,,
16754,335.18592574907484,235.1950070247904,0.0,994.0
