count,mean,std,min,max
16620,500.67346570397115,287.4498288565435,0,999
16620,665.5626353790614,235.59935281155498,16,999
16620,330.0907942238267,232.04891864288206,0,999
16620,499.11853188929,227.4236624962395,1,999
