count,mean,std,min,max
19240,502.94532224532225,288.4155522327786,0,999
19240,669.1669958419958,234.98419219767374,9,999
19240,333.5737525987526,234.63366681720825,0,990
19240,501.5373180873181,229.13804129199056,1,996
