count,mean,std,min,max
15046,499.1983915990961,287.14394725885506,0,999
15046,666.2753555762329,235.17079404765468,10,999
15046,335.3840223315167,234.96321471906617,0,998
15046,501.2292968230759,229.45588722566424,1,998
