count,mean,std,min,max
12766,498.76844743850853,287.87665672867104,0,999
12766,665.3647187842707,235.08435733206142,12,999
12766,330.6838477205076,234.115721585647,0,989
12766,500.6663011123296,228.4979249773987,2,999
