count,mean,std,min,max
15648,669.0938139059305,235.6530784443027,8.0,999.0
15648,502.99022239263803,288.69942311292226,0.0,999.0
15648,502.73306492842534,229.38360723271617,2.0,997.0
15648,,,,
15648,336.2479550102249,236.83443693155027,0.0,995.0
