count,mean,std,min,max
10781,667.8515907615249,233.4677856046544,2.0,999.0
10781,501.7011408960208,286.8744899997428,0.0,999.0
10781,499.5773119376681,228.27909040877375,1.0,995.0
10781,,,,
10781,332.8136536499397,235.0650872305608,0.0,995.0
