count,mean,std,min,max
16382,669.7956293492858,235.68140785779437,5.0,999.0
16382,500.8286534000733,289.5479384668739,0.0,999.0
16382,502.10914418263945,230.58254205851546,3.0,997.0
16382,,,,
16382,332.50341838603345,235.88912432786782,0.0,990.0
