count,mean,std,min,max
10395,665.569696969697,235.89997494122457,8.0,999.0
10395,496.9020683020683,288.50971711517684,0.0,999.0
10395,498.3978835978836,230.82719008607359,2.0,995.0
10395,,,,
10395,330.18220298220297,237.23230458155288,0.0,991.0
