count,mean,std,min,max
13592,494.13846380223663,288.7127433112868,0,999
13592,664.0437021777516,236.63475984766703,10,999
13592,333.247572101236,236.83145225201568,0,995
13592,498.3192319011183,229.05402194124954,3,996
