count,mean,std,min,max
17053,497.80859672784845,288.2663948209136,0,999
17053,665.3450419281065,236.60850060313712,6,999
17053,331.5295255966692,234.984837426388,0,991
17053,499.3212924412127,229.85702353633653,2,994
