count,mean,std,min,max
15139,503.0444547195984,287.24869307173736,0,999
15139,666.4520113613845,234.99595461309403,4,999
15139,333.5339850716692,235.3654443785162,0,994
15139,499.15166127221084,229.86345700037728,4,995
