count,mean,std,min,max
14722,499.4255535932618,290.3295229687427,0,999
14722,666.3249558483901,236.11555566878084,12,999
14722,332.40062491509303,234.78846681671286,0,996
14722,499.83813340578723,229.16539091310975,5,996
