count,mean,std,min,max
18875,666.6193377483444,234.8099942224795,7.0,999.0
18875,501.161059602649,285.9145465359999,0.0,999.0
18875,499.83782781456955,230.30177513224598,5.0,996.0
18875,,,,
18875,333.7300132450331,234.90747291244296,0.0,990.0
