count,mean,std,min,max
12961,500.6007252526811,289.3267902743572,0,999
12961,665.6888357379831,235.7861587542232,3,999
12961,331.7813440320963,235.1103179349194,0,988
12961,498.9895069824859,230.147677457911,1,993
