count,mean,std,min,max
16593,500.54577231362623,288.7494440006344,0,999
16593,665.611583197734,234.99441350046806,4,999
16593,333.8214307237992,236.66362602646475,0,989
16593,499.62393780509854,228.6633373591231,2,998
