count,mean,std,min,max
15962,498.43616088209495,288.82088893654065,0,999
15962,666.5947876205989,236.22277725507334,4,999
15962,329.34419245708557,234.37435161747504,0,996
15962,497.2041097606816,229.55706976879304,3,998
