count,mean,std,min,max
16719,497.61211794963816,288.2040263559934,0,999
16719,665.9708714636042,236.0784068169625,10,999
16719,330.0921705843651,235.85374377666997,0,997
16719,497.5807165500329,231.0000148662913,2,997
