count,mean,std,min,max
13037,500.2422336427092,289.3071034547914,0,999
13037,666.0870599064202,234.72798594267445,6,999
13037,332.090588325535,234.97135482731142,0,993
13037,498.0181023241543,227.81660389739326,3,993
