count,mean,std,min,max
13316,495.37045659357165,288.7257510760113,0,999
13316,664.2934064283569,234.7725551666728,8,999
13316,329.1305947732052,234.20207948794294,0,994
13316,496.57051667167315,229.34527569835694,2,999
