count,mean,std,min,max
19389,500.6220021661767,287.8775739059359,0,999
19389,666.7924596420651,236.29728302589916,7,999
19389,333.4822321935118,235.22879191008914,0,989
19389,500.5079168600753,230.52512599143532,2,998
