count,mean,std,min,max
16101,663.4624557480902,235.19161879193086,9.0,999.0
16101,501.0420470778213,287.7068051810067,0.0,999.0
16101,497.91783119060926,228.52974150200401,4.0,998.0
16101,,,,
16101,333.47860381342775,236.71440872247993,0.0,993.0
