count,mean,std,min,max
16592,499.0975771456123,287.73735619567935,0,999
16592,665.2914657666345,235.86875959748585,4,999
16592,330.46630906460945,232.67115062697988,0,992
16592,496.6601976856316,230.00297411742326,2,998
