count,mean,std,min,max
10872,505.04359823399557,287.9764682467325,0,999
10872,667.8096946284032,235.44131215026653,5,999
10872,335.5458057395143,238.16199948595602,0,990
10872,500.82956217807214,231.50150466785803,2,998
