count,mean,std,min,max
17328,494.56538550323177,289.6361865488551,0,999
17328,665.461853647276,235.56333396111793,0,999
17328,328.1834025854109,234.95517281826653,0,992
17328,496.1601454293629,229.43216992763885,0,997
