count,mean,std,min,max
17348,498.964895088771,288.1989378058376,0,999
17348,663.4292137422182,237.20499612092476,4,999
17348,332.1649757897164,235.26896035282454,0,994
17348,498.7539197602029,230.44532275459494,3,997
