count,mean,std,min,max
13658,500.28137355396103,287.59608263979686,0,999
13658,666.6813589105286,235.90964492314825,6,999
13658,331.9524820617953,233.34388849523907,0,990
13658,501.8377507687802,229.32687337860452,1,996
