count,mean,std,min,max
14986,503.8668090217536,288.88088856452964,0,999
14986,669.4714400106766,233.87559530478558,7,999
14986,331.9400106766315,236.51305241346645,0,993
14986,501.7360202855999,230.40587010330617,0,998
