count,mean,std,min,max
17944,499.25206197057514,289.0450624872027,0,999
17944,667.175100312082,235.98880584024508,6,999
17944,332.84529647793136,236.43918967989805,0,994
17944,498.873439589835,230.4390837010022,3,998
