count,mean,std,min,max
14116,501.3327429866818,287.38756147895936,0,999
14116,665.2069991499009,236.67399406145287,5,999
14116,336.00212524794557,237.42507111730623,0,991
14116,499.1166761122131,230.9739941219372,2,996
