count,mean,std,min,max
17365,497.0986467031385,288.8188167624204,0,999
17365,664.9408580477973,235.9480226171469,12,999
17365,331.7402821767924,233.83751802237862,0,989
17365,496.6909876187734,230.5702532053648,5,995
