count,mean,std,min,max
14848,668.3616648706897,235.00313706380106,8.0,999.0
14848,498.05637122844826,288.5462602187141,0.0,999.0
14848,499.7949892241379,229.25983908236182,5.0,994.0
14848,,,,
14848,331.1310614224138,234.17812684703614,0.0,990.0
