count,mean,std,min,max
17699,664.2423300751454,235.39830248272258,1.0,999.0
17699,496.49754223402454,288.54110993683014,0.0,999.0
17699,498.68003842024973,230.41286197222473,1.0,998.0
17699,,,,
17699,330.9068873947681,235.86628338113104,0.0,994.0
