count,mean,std,min,max
18215,663.5576173483392,236.42979890924275,2.0,999.0
18215,496.9346692286577,288.1636354349868,0.0,999.0
18215,497.55185286851497,230.42847842774583,1.0,996.0
18215,,,,
18215,333.3519626681307,237.47184451850575,0.0,990.0
