count,mean,std,min,max
10642,495.5711332456305,289.2033542024706,0,999
10642,667.2541815448224,234.59470704900494,9,999
10642,331.7909227588799,235.92706400982024,0,998
10642,500.91956399173085,228.0075169663,7,999
