count,mean,std,min,max
14710,500.4558123725357,287.95620649017684,0,999
14710,667.7757987763426,235.40394107248207,3,999
14710,334.4624065261727,235.73420509942716,0,997
14710,502.1066621346023,230.69307553856495,1,998
