count,mean,std,min,max
18808,501.0310506167588,287.7254594491603,0,999
18808,666.2680774138664,235.28829761216326,6,999
18808,336.1189919183326,236.24500757652572,0,992
18808,502.2414929817099,229.88330860227248,5,999
