count,mean,std,min,max
13439,667.996130664484,235.36453753803852,11.0,999.0
13439,501.7769923357393,290.84651210503415,0.0,999.0
13439,502.0948731304413,231.05694397397448,3.0,997.0
13439,,,,
13439,333.6621028350324,236.76728768939512,0.0,995.0
