count,mean,std,min,max
13623,666.2836379652059,235.29404128194213,7.0,999.0
13623,499.43529325405564,288.623849032675,0.0,999.0
13623,500.3813403802393,228.83780950281735,6.0,998.0
13623,,,,
13623,333.39227776554355,235.64000101193852,0.0,995.0
