count,mean,std,min,max
17227,502.49213444012304,289.6358707654391,0,999
17227,670.948569106635,234.07788638104512,8,999
17227,331.5584257270564,235.69470498802707,0,998
17227,500.18105299820047,229.98837045693648,5,999
