count,mean,std,min,max
18773,500.5271933095403,288.3179077446688,0,999
18773,666.8123368667767,235.24126711444737,2,999
18773,333.3732488147872,234.90966179228198,0,994
18773,500.29526447557663,229.03400849701498,2,994
