count,mean,std,min,max
12564,663.1150907354346,238.71101254623494,8.0,999.0
12564,498.7170487106017,291.0149059484973,0.0,999.0
12564,497.51671442215854,231.97472247850246,4.0,995.0
12564,,,,
12564,333.79035339063995,238.4763629916166,0.0,995.0
