count,mean,std,min,max
16086,666.5367400223797,235.89228135849763,4.0,999.0
16086,496.38623647892575,289.6528707503153,0.0,999.0
16086,500.6906005221932,229.16269739792844,3.0,996.0
16086,,,,
16086,332.2752704214845,235.7680731982316,0.0,996.0
