count,mean,std,min,max
14699,501.3865569086332,288.8134951307359,0,999
14699,668.0659228518947,236.08186035741667,14,999
14699,334.43159398598544,237.4944718606294,0,991
14699,501.1528675420097,231.23743150343418,2,994
