count,mean,std,min,max
19817,496.76479790079225,289.0081711433733,0,999
19817,666.2099207750921,236.3675028923724,1,999
19817,332.81394762072966,236.60845806005952,0,994
19817,499.953524751476,230.32174273708424,0,998
