count,mean,std,min,max
19221,667.7095884709432,234.9873316623071,3.0,999.0
19221,502.5682846886218,288.3293818651508,0.0,999.0
19221,501.81686696841996,229.39769090307115,1.0,997.0
19221,,,,
19221,335.3058633785963,235.49313556998354,0.0,993.0
