count,mean,std,min,max
19950,666.6507268170426,235.82124149654652,3.0,999.0
19950,501.254686716792,289.1097864858206,0.0,999.0
19950,500.7445112781955,231.02174032367586,1.0,998.0
19950,,,,
19950,333.7761403508772,236.37851119243464,0.0,993.0
