count,mean,std,min,max
19717,499.217883045088,289.03559147148496,0,999
19717,663.0660851042247,238.04390186136996,9,999
19717,330.56793629862557,234.19835061326117,0,987
19717,496.241263883958,229.66484499805918,0,997
