count,mean,std,min,max
12487,495.61680147353246,289.35771519942347,0,999
12487,664.8439977576679,236.89851714379037,10,999
12487,331.3552494594378,235.9695989293648,0,997
12487,496.54112276767836,230.69954947216291,2,998
