count,mean,std,min,max
12240,663.1679738562092,235.51521641287394,2.0,999.0
12240,498.8748366013072,287.4476824264498,0.0,999.0
12240,497.2474673202614,229.47702391254236,2.0,992.0
12240,,,,
12240,331.0749183006536,235.38943057509158,0.0,990.0
