count,mean,std,min,max
12685,499.93354355538037,287.3233647644187,0,999
12685,665.1153330705557,235.6958186786151,6,999
12685,333.2032321639732,235.34176321144037,0,995
12685,498.1186440677966,228.89738109526377,6,995
