count,mean,std,min,max
13416,665.515503875969,235.00052557418152,5.0,999.0
13416,500.5349582587955,287.70255294599366,0.0,999.0
13416,496.5916815742397,229.70902679434707,2.0,994.0
13416,,,,
13416,330.2207811568277,236.16416491000876,0.0,993.0
