count,mean,std,min,max
17757,499.75294250154866,286.1886049692709,0,999
17757,664.0947795235681,235.42471428528688,8,999
17757,336.40637495072366,235.12014485894792,0,997
17757,498.7266430140226,228.80850781061207,3,999
