count,mean,std,min,max
12495,502.5263705482193,289.81615296266875,0,999
12495,666.3265306122449,237.51248705601097,12,999
12495,331.31164465786316,236.01460561924483,0,988
12495,497.40464185674267,232.07274698941168,5,997
