count,mean,std,min,max
17300,663.9822543352601,234.20872135882192,7.0,999.0
17300,497.74549132947976,287.00416361083836,0.0,999.0
17300,498.2126589595376,229.64482923407465,4.0,994.0
17300,,,,
17300,333.4542774566474,235.94320297594874,0.0,991.0
