count,mean,std,min,max
14072,498.6418419556566,290.2639927369577,0,999
14072,666.9282973280273,235.93938141593773,5,999
14072,330.9088260375213,236.44534036074865,0,995
14072,498.9177799886299,229.80374682472709,1,998
