count,mean,std,min,max
15610,497.2801409352979,289.11771673805663,0,999
15610,665.1499679692505,236.14571266900785,2,999
15610,335.67866752082,237.1635624062504,0,994
15610,501.79564381806534,230.06031906232485,2,997
