count,mean,std,min,max
16015,499.0947236965345,288.5015250701245,0,999
16015,665.8990945988136,236.33514374909458,2,999
16015,334.22060568217296,235.94319429248526,0,992
16015,500.1940056197315,229.82600379638401,1,996
