count,mean,std,min,max
14255,498.3588916169765,288.2909117128695,0,999
14255,666.965976850228,234.5898920705641,10,999
14255,333.0934408979306,236.98447102558626,0,997
14255,501.7351806383725,229.02056042512922,1,997
