count,mean,std,min,max
16764,668.4462538773562,232.85738627781495,8.0,999.0
16764,502.2762467191601,288.5440718910358,0.0,999.0
16764,501.1985206394655,230.43756588836294,1.0,996.0
16764,,,,
16764,335.4001431639227,236.84289302580618,0.0,987.0
