count,mean,std,min,max
12501,498.5819534437245,288.2826828359544,0,999
12501,664.8127349812015,236.06039271552436,5,999
12501,332.0147188224942,235.22498630744778,0,994
12501,499.52283817294614,227.76970030795582,0,996
