count,mean,std,min,max
10004,503.38404638144743,290.5161925812987,0,999
10004,673.2697920831667,235.28893433039158,11,999
10004,334.65023990403836,238.22315092797106,0,993
10004,505.3325669732107,232.71195241999922,1,999
