count,mean,std,min,max
14986,503.8668090217536,288.88088856452873,0,999
14986,669.4714400106766,233.87559530478478,7,999
14986,331.9400106766315,236.51305241346648,0,993
14986,501.7360202855999,230.40587010330572,0,998
