count,mean,std,min,max
12115,664.401155592241,237.1170122445364,11.0,999.0
12115,497.5073875361123,288.05256094619,0.0,999.0
12115,498.3564176640528,229.46775510881915,2.0,997.0
12115,,,,
12115,330.8196450680974,233.75788499386178,0.0,992.0
