count,mean,std,min,max
15890,499.13020767778477,288.03580932407465,0,999
15890,668.6191315292637,233.94167428245467,6,999
15890,331.4154814348647,234.77840092020244,0,989
15890,500.12724984266833,228.5552655052944,6,995
