count,mean,std,min,max
18336,667.6685754799302,234.71300416496925,5.0,999.0
18336,497.73031195462477,285.85701813712774,0.0,999.0
18336,503.2265488656195,229.7959480558715,3.0,997.0
18336,,,,
18336,334.7319480802792,236.05266308700416,0.0,988.0
