count,mean,std,min,max
11507,664.6126705483618,235.42620327905374,1.0,999.0
11507,495.5304597201703,288.1601738102777,0.0,999.0
11507,498.4185278526115,229.8549577753943,1.0,995.0
11507,,,,
11507,331.0793430086035,235.2862066515717,0.0,985.0
