count,mean,std,min,max
12113,666.4784116238752,233.3412757628268,10.0,999.0
12113,503.55106084372164,287.173744390703,0.0,999.0
12113,499.90274911252374,228.56913041283522,6.0,995.0
12113,,,,
12113,333.73284900520105,237.09220770000505,0.0,995.0
