count,mean,std,min,max
18235,503.34834110227587,288.9233505575225,0,999
18235,665.4350973402796,236.30212899711637,7,999
18235,335.2946531395668,236.6201790367463,0,997
18235,499.5441184535234,231.46332560701424,4,999
