count,mean,std,min,max
19760,664.8744433198381,235.92824464437624,6.0,999.0
19760,495.5245951417004,289.43835101582397,0.0,999.0
19760,498.1387145748988,230.52391987528185,1.0,996.0
19760,,,,
19760,333.99605263157895,236.01148769414755,0.0,993.0
