count,mean,std,min,max
12602,496.47159181082367,285.77645805739917,0,999
12602,664.4338200285669,233.96157351155315,7,999
12602,328.9006506903666,231.46716839502545,0,994
12602,497.8263767655928,227.7714331013304,3,998
