count,mean,std,min,max
14201,497.1123160340821,289.52450817663845,0,999
14201,663.9923949017675,236.60849775475998,2,999
14201,332.1195690444335,234.63799281886915,0,981
14201,497.9028237448067,230.01900532267194,2,993
