count,mean,std,min,max
12270,661.4901385493073,236.54586599627035,4.0,999.0
12270,495.44637326813364,286.69832250801704,0.0,999.0
12270,496.3153219233904,228.7574296326808,3.0,996.0
12270,,,,
12270,331.1888345558272,235.06865818798127,0.0,995.0
