count,mean,std,min,max
15706,666.5140073857125,236.56364781239802,3.0,999.0
15706,497.66948936712083,288.6329849832328,0.0,999.0
15706,498.4338469374761,230.7579750058029,3.0,998.0
15706,,,,
15706,331.42747994397047,235.9186335352391,0.0,993.0
