count,mean,std,min,max
12902,499.66400558053016,285.3634896958449,0,999
12902,665.3620368935049,233.49554645346285,3,999
12902,335.05355758797083,235.00325933082095,0,990
12902,499.690358084018,229.3030623983916,0,990
