count,mean,std,min,max
14566,505.3142249073184,289.0696784701232,0,999
14566,670.2324591514486,234.31573127290804,5,999
14566,335.2258684607991,236.4622348849698,0,998
14566,502.9386241933269,230.06241889924564,2,998
