count,mean,std,min,max
17728,495.7446976534296,289.9519534374114,0,999
17728,667.8670464801444,234.9133426120748,6,999
17728,331.18614620938627,236.19997060477584,0,999
17728,497.2831678700361,228.80443217729268,6,999
