count,mean,std,min,max
16156,498.9048031691013,289.40961404839015,0,999
16156,668.7740158455064,235.87033928935384,7,999
16156,331.5286580836841,234.69063429179263,0,995
16156,499.2188041594454,230.2027614763826,3,997
