count,mean,std,min,max
10168,494.49773800157357,287.82668747189814,0,999
10168,661.9304681353265,236.0082889354635,16,999
10168,330.81520456333595,234.69772539258508,0,988
10168,494.88198269079464,230.37276859260555,4,993
