count,mean,std,min,max
14253,497.89742510348697,288.75109607381074,0,999
14253,663.5169438013049,237.59594737663414,11,999
14253,332.2395285203115,236.17113370572704,0,994
14253,497.3637830632148,229.98686718672013,4,996
