count,mean,std,min,max
18660,667.5340300107181,234.1487843611424,0.0,999.0
18660,502.2707931404073,287.4695951535557,0.0,999.0
18660,501.1639335476956,227.83614635076907,0.0,998.0
18660,,,,
18660,336.11811361200427,234.7143344222932,0.0,992.0
