count,mean,std,min,max
13830,500.53702096890817,288.6028167523488,0,999
13830,666.3552422270427,236.2282380226585,6,999
13830,335.30636297903106,236.0575214673812,0,985
13830,500.1545914678236,231.44343373391212,3,996
