count,mean,std,min,max
18426,500.10767393899926,289.37995684451397,0,999
18426,668.3541191794204,235.8000830191199,10,999
18426,333.29849126234666,235.92307099988494,0,989
18426,500.94149571258004,228.99382380233234,5,998
