count,mean,std,min,max
10599,667.1974714595716,234.54119621195642,11.0,999.0
10599,502.92131333144636,287.85231379152486,0.0,999.0
10599,500.2387961128408,227.91631663170458,1.0,995.0
10599,,,,
10599,334.16586470421737,234.41340189966283,0.0,989.0
