count,mean,std,min,max
13981,500.96931549960664,288.8542867725238,0,999
13981,667.3257277734068,236.48275904269136,17,999
13981,334.36900078678207,237.05287665889193,0,988
13981,500.56076103283027,231.14538149045987,3,998
