count,mean,std,min,max
17911,667.6036513874155,236.60399945565973,5.0,999.0
17911,499.62241080900003,290.90202150809364,0.0,999.0
17911,498.9811289151918,231.8943093770791,0.0,997.0
17911,,,,
17911,332.8577410529842,236.17932879555374,0.0,995.0
