count,mean,std,min,max
14567,496.4235601015995,286.80308515593373,0,999
14567,665.3130363149585,234.13201048866944,14,999
14567,330.1889888103247,233.62682124422807,0,986
14567,498.2626484519805,227.91279715654002,5,997
