count,mean,std,min,max
15410,499.5040882543803,288.76966498143156,0,999
15410,668.6970798182998,235.3736304807025,0,999
15410,331.94133679428944,235.93202516606172,0,989
15410,500.25451005840364,230.50787811911974,0,999
