count,mean,std,min,max
18612,500.05716741886954,289.13147268836894,0,999
18612,666.9868901783796,237.24520442754536,6,999
18612,332.40721040189123,234.70921132691498,0,995
18612,499.1009026434558,231.09365966906608,3,997
