count,mean,std,min,max
16788,498.0359780795807,288.2807100944275,0,999
16788,665.523588277341,237.2659694663691,3,999
16788,331.021265189421,234.75297044764375,0,990
16788,499.03925422921134,231.02898475970125,1,997
