count,mean,std,min,max
15247,665.5635862792681,237.70759716820766,14.0,999.0
15247,497.5550600118056,289.9975457028063,0.0,999.0
15247,499.31986620318753,232.02306411946927,2.0,997.0
15247,,,,
15247,333.40965435823443,237.2449815011201,0.0,994.0
