count,mean,std,min,max
12428,664.2720469906662,238.00771640315307,4.0,999.0
12428,499.1417766334084,289.01362961509113,0.0,999.0
12428,498.9979884132604,231.44861522827185,4.0,998.0
12428,,,,
12428,332.5714515609913,236.23539827537996,0.0,991.0
