count,mean,std,min,max
10706,502.36428171118996,290.168401764657,0,999
10706,668.3429852419205,236.5608758304616,7,999
10706,329.9036988604521,235.54008608825563,0,984
10706,499.95245656641134,228.98018507396134,0,994
