count,mean,std,min,max
11762,500.43929603808874,291.6748082872775,0,999
11762,665.241455534773,236.66533206966807,2,999
11762,336.31958850535625,237.7015206003969,0,990
11762,499.2507226662132,230.8457748274936,0,995
