count,mean,std,min,max
11725,668.4075906183369,233.01809597956836,8.0,999.0
11725,501.62985074626863,289.50019630425936,0.0,999.0
11725,500.97901918976544,227.83168442455695,3.0,996.0
11725,,,,
11725,332.36955223880597,233.98924449917723,0.0,996.0
