count,mean,std,min,max
15186,665.3340576847096,235.72898587023934,4.0,999.0
15186,500.49203213486106,287.7188651723879,0.0,999.0
15186,499.1606084551561,227.90992208152252,3.0,994.0
15186,,,,
15186,334.2626761490847,234.0339968922029,0.0,993.0
