count,mean,std,min,max
17144,500.6482734484368,288.8719259844034,0,999
17144,667.0414722351843,234.39785170801304,5,999
17144,334.4888007466169,237.21370889636827,0,987
17144,500.7987050863276,229.85956902888367,3,998
