count,mean,std,min,max
11991,494.3656909348678,288.66990470432813,0,999
11991,663.7433074806105,236.4739268716755,9,999
11991,331.2240847302143,234.7917905175552,0,989
11991,499.6296388958385,230.64197244156972,3,997
