count,mean,std,min,max
10004,673.2697920831667,235.28893433039158,11.0,999.0
10004,503.38404638144743,290.5161925812987,0.0,999.0
10004,505.3325669732107,232.7119524199992,1.0,999.0
10004,,,,
10004,334.65023990403836,238.22315092797106,0.0,993.0
