count,mean,std,min,max
12115,497.5073875361123,288.05256094619006,0,999
12115,664.401155592241,237.1170122445357,11,999
12115,330.8196450680974,233.7578849938611,0,992
12115,498.3564176640528,229.46775510881935,2,997
