count,mean,std,min,max
10564,495.7752745172283,289.23641559949334,0,999
10564,661.9358197652405,238.1404120754541,5,999
10564,327.5482771677395,233.3928043344204,0,985
10564,496.07118515713745,230.48901302312416,2,998
