count,mean,std,min,max
16755,499.8704864219636,288.9768770808112,0,999
16755,665.2256042972247,236.54178125254742,7,999
16755,334.9829304685169,236.56424788162235,0,987
16755,500.4667263503432,230.7128993711675,1,997
