count,mean,std,min,max
10463,502.53397687087835,286.77339034636003,0,999
10463,668.2843352766893,233.89919415107494,1,999
10463,334.40007645990636,235.62268691852105,0,995
10463,503.15444901079996,228.28457189793164,0,996
