count,mean,std,min,max
13193,499.25824300765555,289.75741657171363,0,999
13193,667.8905480178882,235.25605960378903,0,999
13193,334.2419464867733,237.90939176953026,0,989
13193,501.55423330554083,230.36785376384768,0,997
