count,mean,std,min,max
12568,497.3485837046467,289.6743500562514,0,999
12568,665.8130171865054,236.22289649951156,6,999
12568,331.0173456397199,236.44233373025287,0,987
12568,498.88637810311906,231.33410219331054,1,997
