count,mean,std,min,max
10101,498.2204732204732,287.877608758254,0,999
10101,667.5667755667756,235.1938951963084,10,999
10101,331.02702702702703,233.20427997822088,0,981
10101,501.6834966834967,228.35369672030933,4,991
