count,mean,std,min,max
17806,500.33943614511963,288.50632915555855,0,999
17806,667.2269459732674,236.43706760338918,3,999
17806,331.62888913849264,237.00662828997042,0,995
17806,497.53425811524204,230.78725365708283,3,996
