count,mean,std,min,max
16795,497.54992557308725,287.9208227894414,0,999
16795,663.679726108961,235.83575010366525,5,999
16795,332.9456981244418,235.55353770319448,0,987
16795,496.8048228639476,229.46790538721427,3,991
