count,mean,std,min,max
18779,498.6530166675542,288.19716492634706,0,999
18779,667.1472921880825,235.63655790413307,2,999
18779,334.3063528409393,235.76841515077632,0,990
18779,499.9209223068321,230.67192870524815,2,998
