count,mean,std,min,max
15405,496.87971437844857,289.1792698276879,0,999
15405,663.1831872768581,238.34006768323724,16,999
15405,332.6148653034729,235.86056870069766,0,995
15405,496.2600454397923,230.87103676704317,1,996
