count,mean,std,min,max
13256,496.4515691007845,288.1935664044022,0,999
13256,664.5929390464695,237.18381450549992,18,999
13256,332.8863910681955,236.48890195368887,0,996
13256,499.9627338563669,231.43716304184107,4,996
