count,mean,std,min,max
16217,504.7862736634396,288.8978389471444,0,999
16217,667.7981747548869,235.76775785804614,2,999
16217,337.5722390084479,237.90529145521964,0,990
16217,501.56890916939017,230.59802153534108,2,997
