count,mean,std,min,max
15612,498.87451960030745,287.43406885046875,0,999
15612,667.5259415833974,234.25674442966337,10,999
15612,331.61273379451706,233.04025145358042,0,993
15612,499.04400461183707,228.00991024598446,1,997
