count,mean,std,min,max
17883,497.0751551753062,287.94159979341606,0,999
17883,665.0062629312755,236.86136869487757,1,999
17883,333.70558631102165,235.5346564128998,0,985
17883,500.3678912934071,231.32242774261059,1,994
