count,mean,std,min,max
19279,663.951449763992,236.85720627277897,5.0,999.0
19279,495.1028580320556,289.9704929191921,0.0,999.0
19279,498.6569324135069,230.73396143207057,2.0,998.0
19279,,,,
19279,330.88324083199336,235.4788866489498,0.0,990.0
