count,mean,std,min,max
14228,498.66460500421704,287.34290123462773,0,999
14228,666.4127073376441,235.5198546294692,4,999
14228,330.4963452347484,233.3443393644447,0,989
14228,498.1277059319651,227.7093787781847,0,995
