count,mean,std,min,max
10857,664.9739338675508,236.80447270372932,10.0,999.0
10857,500.12977802339503,289.96235337155,0.0,999.0
10857,498.95063092935436,230.13412343575797,6.0,992.0
10857,,,,
10857,332.74836511006725,235.97612043465472,0.0,974.0
