count,mean,std,min,max
17904,498.29641420911526,288.76509020984616,0,999
17904,668.429792225201,234.1868691460624,5,999
17904,330.0778038427167,234.4157971207243,0,994
17904,500.31048927613944,228.52380920612572,4,998
