count,mean,std,min,max
13893,500.4415892895703,288.74991892928097,0,999
13893,668.3374361189088,235.18357021131803,3,999
13893,334.87511696537825,235.27773657153847,0,986
13893,501.47318793637083,229.3628453005941,3,998
