count,mean,std,min,max
11575,492.10444924406045,287.6515365689612,0,999
11575,660.9920518358531,236.8879173146825,5,999
11575,331.83308855291574,234.3874135061048,0,992
11575,495.27187904967604,229.81755586848953,5,997
