count,mean,std,min,max
15656,499.85213336739906,287.77137456176314,0,999
15656,665.2414409810935,236.4399519305672,6,999
15656,332.2672457843638,234.8180308736038,0,994
15656,498.86126724578435,229.7302833956982,2,997
