count,mean,std,min,max
19721,667.9228233862381,234.93316693870494,6.0,999.0
19721,501.5817149231783,289.12237985984757,0.0,999.0
19721,500.96491050149586,228.85461647661907,1.0,997.0
19721,,,,
19721,333.9762689518787,235.92456237651328,0.0,994.0
