count,mean,std,min,max
12119,501.94479742553017,286.16512591988516,0,999
12119,666.8277910718706,234.8888258060112,8,999
12119,334.569848997442,233.45806224693268,0,994
12119,500.3940919217757,228.83406007862916,1,995
