count,mean,std,min,max
10253,498.8912513410709,289.6166873130007,0,999
10253,667.044474787867,236.0258008554968,3,999
10253,335.3224422120355,235.98055074164625,0,986
10253,499.54618160538377,230.553998561578,1,993
