count,mean,std,min,max
17800,500.3608426966292,287.5632467733765,0,999
17800,666.9742696629213,234.12483617328954,6,999
17800,336.001797752809,235.96072628447718,0,998
17800,502.22331460674155,229.25132809288698,0,998
