count,mean,std,min,max
15890,498.3794839521712,288.1948133981917,0,999
15890,665.5383259911895,236.49890052384612,4,999
15890,332.83763373190686,234.68315226227327,0,991
15890,498.76431718061673,229.5645367679789,4,999
