count,mean,std,min,max
18634,664.9335086401202,235.53347569503526,14.0,999.0
18634,497.9046366856284,287.3312514911578,0.0,999.0
18634,499.16974347966084,229.96081770479873,2.0,998.0
18634,,,,
18634,333.81995277449823,235.8141097709528,0.0,997.0
