count,mean,std,min,max
11507,495.5304597201703,288.16017381027723,0,999
11507,664.6126705483618,235.42620327905428,1,999
11507,331.0793430086035,235.28620665157172,0,985
11507,498.4185278526115,229.85495777539484,1,995
