count,mean,std,min,max
11427,496.8605933315831,288.77110697783405,0,999
11427,663.7848954231207,236.62346060853298,15,999
11427,331.78086986960705,236.44525015055842,0,982
11427,497.90881246171347,230.95579548120486,1,999
