count,mean,std,min,max
11069,502.7661035323878,289.27783970386287,0,999
11069,667.907579727166,237.09217442517854,6,999
11069,333.399765109766,234.38428247646735,0,990
11069,500.2113108681904,228.65555004404553,6,999
