count,mean,std,min,max
18430,501.3344546934346,288.3677381063214,0,999
18430,667.2686923494302,233.15796206096562,10,999
18430,332.906456863809,235.54911568278743,0,996
18430,499.7502441671188,229.37047303562406,2,996
