count,mean,std,min,max
11369,497.78168704371535,290.1636792915644,0,999
11369,664.608584747999,238.6688188361329,4,999
11369,333.44463013457647,236.69553510072316,0,997
11369,498.3990676400739,230.9981040402872,4,998
