count,mean,std,min,max
10048,668.5655851910828,233.53011369441396,3.0,999.0
10048,497.93670382165607,288.57826792015885,0.0,999.0
10048,500.44705414012736,228.86451546932219,0.0,997.0
10048,,,,
10048,332.4543192675159,236.34261337734648,0.0,991.0
