count,mean,std,min,max
13449,664.0673656033906,239.11631678145116,9.0,999.0
13449,495.3470146479292,290.0352956893107,0.0,999.0
13449,499.384415198156,231.14679419150121,8.0,998.0
13449,,,,
13449,333.6457729199197,236.1212839671187,0.0,987.0
