count,mean,std,min,max
11212,501.745183731716,287.9706069473187,0,999
11212,668.9940242597218,233.91956619013575,8,999
11212,335.36434177666786,236.93937962250817,0,987
11212,500.1402069211559,228.86930745746383,0,995
