count,mean,std,min,max
16632,502.8129509379509,288.67641521434035,0,999
16632,668.6011904761905,234.98276862592516,11,999
16632,335.51130351130354,236.83105442899196,0,994
16632,503.4472703222703,230.7422851363947,4,995
