count,mean,std,min,max
14488,497.51808393152953,290.5141429682602,0,999
14488,669.2842352291551,236.2949568983134,6,999
14488,329.7296383213694,237.49041680386446,0,986
14488,501.18360022087245,230.6589076799273,3,998
