count,mean,std,min,max
17800,500.3608426966292,287.56324677337636,0,999
17800,666.9742696629213,234.1248361732894,6,999
17800,336.001797752809,235.9607262844768,0,998
17800,502.22331460674155,229.25132809288647,0,998
