count,mean,std,min,max
12961,500.6007252526811,289.32679027435677,0,999
12961,665.6888357379831,235.78615875422344,3,999
12961,331.7813440320963,235.11031793491938,0,988
12961,498.9895069824859,230.14767745791139,1,993
