count,mean,std,min,max
17660,664.4266704416762,236.01614309075288,5.0,999.0
17660,495.82678369195924,288.0672354769784,0.0,999.0
17660,496.12678369195925,230.16275742444085,0.0,999.0
17660,,,,
17660,329.8049830124575,233.8691541549725,0.0,988.0
