count,mean,std,min,max
17586,667.4431934493347,235.27259040738397,13.0,999.0
17586,502.8849084499033,287.363744973515,0.0,999.0
17586,502.3310019333561,229.61644821719983,0.0,994.0
17586,,,,
17586,335.59120891618335,235.83794311118046,0.0,990.0
