count,mean,std,min,max
10333,500.425336301171,287.2526678795609,0,999
10333,666.4296912803638,234.151807442609,5,999
10333,334.5586954417885,234.86751804133266,0,985
10333,499.13529468692536,228.76204462323727,4,992
