count,mean,std,min,max
12562,495.01830918643526,289.4940316253508,0,999
12562,663.5281802260787,237.9347331270957,7,999
12562,328.66637478108584,235.48305659814642,0,987
12562,494.64535901926445,231.6935392127358,1,996
