count,mean,std,min,max
15178,664.775069179075,234.1996803734473,7.0,999.0
15178,500.1497562261167,288.5512874062443,0.0,999.0
15178,497.1601001449466,229.22671829627936,3.0,999.0
15178,,,,
15178,331.8146659638951,234.8574988837499,0.0,990.0
