count,mean,std,min,max
17420,497.6506888633754,288.4731457333136,0,999
17420,666.9365671641791,236.84890040920254,5,999
17420,330.598794489093,235.450265053042,0,996
17420,498.7886337543054,230.81992319828035,4,996
