count,mean,std,min,max
10692,496.756734006734,289.4130446554191,0,999
10692,666.3869248035915,235.31409289946396,7,999
10692,332.2514964459409,238.06685017959668,0,995
10692,499.65974560419005,230.64765684954833,4,998
