count,mean,std,min,max
18514,497.1620935508264,289.7136432075987,0,999
18514,667.2888084692665,235.61834011951618,7,999
18514,329.2361996327104,235.34225547180233,0,993
18514,498.01663605919845,229.86737677312678,7,996
