count,mean,std,min,max
12092,665.7228746278531,235.5452799134271,11.0,999.0
12092,498.7745616936818,287.964002119788,0.0,999.0
12092,499.2183261660602,229.9965981666204,1.0,995.0
12092,,,,
12092,333.41763149189546,234.39305335730222,0.0,988.0
