count,mean,std,min,max
10606,496.7421270978691,286.7804982788752,0,999
10606,663.6294550254573,235.3687827841909,7,999
10606,333.7186498208561,234.7619811301749,0,988
10606,500.8104846313407,229.4927479569631,3,995
