count,mean,std,min,max
18532,667.1329052449817,235.1512920262607,9.0,999.0
18532,500.8754047053745,289.8317362562135,0.0,999.0
18532,499.7075329160371,230.99013260149854,3.0,997.0
18532,,,,
18532,334.16382473559247,237.2270179941167,0.0,995.0
