count,mean,std,min,max
16162,495.6237470610073,288.69306233472315,0,999
16162,661.8402425442396,237.73086220142423,12,999
16162,330.8237223115951,234.4348395677303,0,997
16162,496.4071897042445,231.19059020048795,3,997
