count,mean,std,min,max
14501,667.207227087787,234.69743872404592,2.0,999.0
14501,496.4837597407075,287.674324172248,0.0,999.0
14501,499.5256189228329,229.1707479275982,1.0,996.0
14501,,,,
14501,331.0526860216537,235.00361607604944,0.0,995.0
