count,mean,std,min,max
18354,502.4760815081181,289.87914499904423,0,999
18354,667.2315026697178,236.04084063441505,6,999
18354,334.24457883840034,236.6961560585639,0,998
18354,499.4828920126403,230.10162295378038,2,998
