count,mean,std,min,max
18718,667.3224169248851,235.5660766338043,1.0,999.0
18718,499.40704135057166,288.10259563677795,0.0,999.0
18718,499.52361363393527,230.57179842033355,1.0,995.0
18718,,,,
18718,331.8797948498771,235.27013588685816,0.0,995.0
