count,mean,std,min,max
16367,500.96517382538036,288.65074058394595,0,999
16367,665.652349239323,236.90535710706965,7,999
16367,334.18347895154886,235.2220551987205,0,991
16367,498.6329809983503,229.88547833436425,4,999
