count,mean,std,min,max
15308,668.4186046511628,235.85064578477773,4.0,999.0
15308,501.5176378364254,289.58595121691843,0.0,999.0
15308,501.92272014632874,230.46547431642264,0.0,997.0
15308,,,,
15308,333.59446041285605,235.65547992885635,0.0,997.0
