count,mean,std,min,max
10871,664.8315702327293,237.27106306790554,6.0,999.0
10871,497.11286910127865,287.84261334292097,0.0,999.0
10871,496.3047557722381,230.45905617396892,1.0,997.0
10871,,,,
10871,331.1206880691749,234.2187926677824,0.0,993.0
