count,mean,std,min,max
13450,666.3979182156133,235.31329534410258,10.0,999.0
13450,501.99092936802975,288.70765612748033,0.0,999.0
13450,499.6218587360595,230.81482338799304,5.0,998.0
13450,,,,
13450,332.084312267658,235.6649004492005,0.0,995.0
