count,mean,std,min,max
18711,668.8400940623163,235.2894669853744,2.0,999.0
18711,501.03500614611727,288.5886795756348,0.0,999.0
18711,501.30185452407676,229.56647860400886,0.0,993.0
18711,,,,
18711,333.41066752177863,234.80038219274707,0.0,991.0
