count,mean,std,min,max
11689,671.1254170587732,234.65763141594468,2.0,999.0
11689,501.84523911369666,290.8583339313374,0.0,999.0
11689,503.5472666609633,229.6008041631064,1.0,998.0
11689,,,,
11689,336.0469672341518,238.2910104941496,0.0,990.0
