count,mean,std,min,max
10978,667.2638003279286,235.5468665081044,5.0,999.0
10978,500.3961559482602,288.3920465246209,0.0,999.0
10978,501.39305884496264,230.64131647903972,2.0,992.0
10978,,,,
10978,333.9897977773729,237.02448373587214,0.0,992.0
