count,mean,std,min,max
13624,667.6169260129184,235.1135512506919,1.0,999.0
13624,501.17814151497356,288.0587815106721,0.0,999.0
13624,500.8556224310041,230.8749916380704,1.0,996.0
13624,,,,
13624,335.17263652378153,237.9805347723856,0.0,996.0
