count,mean,std,min,max
17778,496.79367757903026,290.0914219487093,0,999
17778,666.2602654966813,237.49394627002505,4,999
17778,332.14084823939703,235.11550367511597,0,994
17778,498.89014512318596,230.92769154098696,1,999
