count,mean,std,min,max
17594,500.62998749573717,288.9378946880977,0,999
17594,669.3085711037854,234.374928244401,11,999
17594,332.9860179606684,235.59991412122596,0,995
17594,501.2917471865409,228.92693657009704,0,998
