count,mean,std,min,max
18520,499.5696544276458,289.25045048966086,0,999
18520,665.2475161987041,236.08514584728093,3,999
18520,331.6021058315335,236.4932074005495,0,995
18520,497.18072354211665,230.38775801004138,0,998
