count,mean,std,min,max
17219,499.55537487658984,289.81615149913125,0,999
17219,666.5881293919507,236.89688814901112,4,999
17219,333.7366862187119,236.45435227919464,0,993
17219,498.8329171264301,230.183583661814,2,998
