count,mean,std,min,max
16423,502.3281982585398,288.13065221280004,0,999
16423,669.8224441332278,236.16442446362828,8,999
16423,332.3035986117031,234.94175075701486,0,997
16423,500.11995372343665,228.9612912868805,7,997
