count,mean,std,min,max
12720,667.7941037735849,234.67888972917433,9.0,999.0
12720,497.62908805031446,288.1366916058508,0.0,999.0
12720,501.65526729559747,230.06097246885017,0.0,994.0
12720,,,,
12720,331.63977987421384,236.0440144317728,0.0,993.0
