count,mean,std,min,max
19686,664.038910901148,237.27932396570696,2.0,999.0
19686,500.045819364015,289.9107603290724,0.0,999.0
19686,496.38189576348674,230.18061873655464,0.0,997.0
19686,,,,
19686,331.4057198008737,235.5941004426272,0.0,995.0
