count,mean,std,min,max
19985,667.7807855891919,234.95887718973165,10.0,999.0
19985,498.2706029522142,288.86212955816075,0.0,999.0
19985,500.30627970978236,229.67622830622662,2.0,997.0
19985,,,,
19985,332.2518889166875,235.28943770419426,0.0,996.0
