count,mean,std,min,max
17066,501.0098441345365,288.89476653655584,0,999
17066,664.7312199695301,236.20522744009384,6,999
17066,333.37847181530526,236.3999278723855,0,995
17066,498.37601078167114,229.62973905960217,2,996
