count,mean,std,min,max
12154,666.6677636991936,233.7253021443936,1.0,999.0
12154,500.0564423235149,288.6401664116365,0.0,999.0
12154,498.44454500575944,228.28067860368006,1.0,995.0
12154,,,,
12154,332.8527233832483,234.77164690182437,0.0,995.0
