count,mean,std,min,max
13001,665.7737866317975,236.65938907839686,2.0,999.0
13001,496.36620259980003,289.2854073148869,0.0,999.0
13001,498.54272748250133,230.27016248727136,1.0,997.0
13001,,,,
13001,331.0850703792016,235.57431979545075,0.0,997.0
