count,mean,std,min,max
18711,501.03500614611727,288.58867957563336,0,999
18711,668.8400940623163,235.28946698537442,2,999
18711,333.41066752177863,234.8003821927471,0,991
18711,501.30185452407676,229.56647860400918,0,993
