count,mean,std,min,max
16593,665.611583197734,234.99441350046752,4.0,999.0
16593,500.54577231362623,288.74944400063396,0.0,999.0
16593,499.62393780509854,228.66333735912306,2.0,998.0
16593,,,,
16593,333.8214307237992,236.66362602646487,0.0,989.0
