count,mean,std,min,max
16939,498.357222976563,287.8409010374627,0,999
16939,664.213826081823,234.1616759637163,9,999
16939,335.9150481138202,236.40415744140643,0,995
16939,500.1082708542417,229.04169818161677,0,997
