count,mean,std,min,max
11513,499.5135064709459,287.9896881342446,0,999
11513,665.2696951272475,236.3700936983817,9,999
11513,332.5808216798402,235.17256742707488,0,991
11513,501.0660991922175,229.9544563744586,2,997
