count,mean,std,min,max
16699,667.1777950775496,234.68427772730186,5.0,999.0
16699,501.78579555662014,287.72911941730916,0.0,999.0
16699,499.86729744296065,229.85439859204337,1.0,998.0
16699,,,,
16699,335.2521109048446,237.43987779881303,0.0,996.0
