count,mean,std,min,max
11764,503.0396973818429,287.38494446408737,0,999
11764,669.4942196531792,233.75457087617215,8,999
11764,335.7059673580415,236.40477334740447,0,993
11764,504.2678510710643,229.5313694885677,2,997
