count,mean,std,min,max
19749,501.9932654817965,287.0465666422812,0,999
19749,667.916198288521,234.41859934714833,8,999
19749,334.6592232518102,236.39110973945006,0,996
19749,500.7125930426857,230.05037170207052,2,996
