count,mean,std,min,max
11083,503.239646305152,289.0052095449922,0,999
11083,667.4954434719841,235.7509304753365,5,999
11083,335.75457908508525,237.43605384541777,0,994
11083,502.15050076694035,230.15584453646514,0,996
