count,mean,std,min,max
11217,665.7347775697602,231.57908476435082,11.0,999.0
11217,501.5682446286886,286.119635765918,0.0,999.0
11217,501.05937416421506,228.10471011850285,4.0,998.0
11217,,,,
11217,336.3606133547294,235.22264817681926,0.0,994.0
