count,mean,std,min,max
16376,501.1718368343918,288.690311838982,0,999
16376,669.2815095261358,235.2141534196472,6,999
16376,332.6284807034685,234.96052326231535,0,996
16376,499.82743038593065,229.14249019623057,4,997
