count,mean,std,min,max
12141,666.0622683469237,235.6034613821481,9.0,999.0
12141,498.4372786426159,287.96009005912697,0.0,999.0
12141,499.213244378552,228.39580281574402,2.0,999.0
12141,,,,
12141,332.54698953957666,233.94482347731972,0.0,995.0
