count,mean,std,min,max
16684,663.9297530568209,237.17789891053874,8.0,999.0
16684,496.7757731958763,289.52271274786,0.0,999.0
16684,500.36903620234955,230.41795950685756,2.0,999.0
16684,,,,
16684,332.88180292495804,236.20489021137038,0.0,996.0
