count,mean,std,min,max
15610,500.1030749519539,289.44262106570307,0,999
15610,664.9889814221652,235.87287807984998,0,999
15610,330.3790518898142,234.19271268276506,0,994
15610,497.76822549647665,229.05200591410957,0,998
