count,mean,std,min,max
10850,496.1919815668203,287.70857108053707,0,999
10850,661.8551152073733,236.60917904385664,11,999
10850,329.28645161290325,234.4501940960927,0,993
10850,497.24460829493086,228.94782492098128,3,993
