count,mean,std,min,max
18186,501.9833388320686,287.73029656384557,0,999
18186,666.3447157153854,236.212345573024,0,999
18186,333.57126360936985,235.65397804469686,0,991
18186,500.128450456395,230.65175493820885,0,996
