count,mean,std,min,max
14255,498.3588916169765,288.2909117128692,0,999
14255,666.965976850228,234.58989207056425,10,999
14255,333.0934408979306,236.98447102558603,0,997
14255,501.7351806383725,229.02056042512865,1,997
