count,mean,std,min,max
13677,501.3732543686481,289.8130237493652,0,999
13677,667.6541639248373,235.8145817762543,4,999
13677,334.76149740440155,235.89374674765187,0,990
13677,502.38846238210135,229.2715975020215,3,999
