count,mean,std,min,max
14283,499.2672407757474,289.1875981907656,0,999
14283,665.6075054260309,235.04182450936094,5,999
14283,331.28418399495905,236.66862972366718,0,995
14283,497.98151648813274,229.80245425604127,4,998
