count,mean,std,min,max
11464,500.99171318911374,288.671462287207,0,999
11464,668.8569434752268,233.57836762903258,8,999
11464,332.8488311235171,235.42805986303915,0,995
11464,500.74127704117234,228.295318367141,2,998
