count,mean,std,min,max
19751,666.999088653739,236.03711765432595,6.0,999.0
19751,502.6691813072756,289.43356347765723,0.0,999.0
19751,500.91732064199283,231.09332302900398,1.0,996.0
19751,,,,
19751,333.66685231127536,236.35855661574587,0.0,995.0
