count,mean,std,min,max
15527,668.7105686868036,233.8322502857844,2.0,999.0
15527,502.63077220325886,287.45510648903587,0.0,999.0
15527,502.6128679075159,229.24222012567407,2.0,998.0
15527,,,,
15527,335.4721452952921,236.8033081622625,0.0,989.0
