count,mean,std,min,max
10716,669.7451474430758,235.43217178757664,6.0,999.0
10716,505.1207540126913,289.5194731178681,0.0,999.0
10716,500.63288540500184,229.97033787329394,3.0,996.0
10716,,,,
10716,331.4688316536021,236.57358513642225,0.0,984.0
