count,mean,std,min,max
18708,666.9380478939491,234.9854818545005,11.0,999.0
18708,502.1082424631174,288.7714040813195,0.0,999.0
18708,501.6155655334616,228.67232259113447,1.0,998.0
18708,,,,
18708,336.41474235621126,235.97199796795445,0.0,995.0
