count,mean,std,min,max
17503,668.7523853053763,234.23548374771684,2.0,999.0
17503,502.71279209278407,289.027901268118,0.0,999.0
17503,503.6851968234017,230.4489325535166,1.0,998.0
17503,,,,
17503,335.72616122950353,236.18505695184024,0.0,996.0
