count,mean,std,min,max
18235,665.4350973402796,236.3021289971168,7.0,999.0
18235,503.34834110227587,288.92335055752255,0.0,999.0
18235,499.5441184535234,231.46332560701381,4.0,999.0
18235,,,,
18235,335.2946531395668,236.62017903674632,0.0,997.0
