count,mean,std,min,max
19364,667.3322660607313,233.5867350800528,8.0,999.0
19364,500.3792604833712,287.7671477931717,0.0,999.0
19364,500.24431935550507,228.74798470453214,4.0,996.0
19364,,,,
19364,333.3216277628589,235.641557671867,0.0,991.0
