count,mean,std,min,max
17338,496.9142346291383,288.07875977394457,0,999
17338,664.8936440189179,235.49094584086916,13,999
17338,333.64315376629366,235.60411895917414,0,990
17338,499.9357480678279,228.91435414184258,3,998
