count,mean,std,min,max
11165,666.8773846842812,235.82177666471836,0.0,999.0
11165,495.20824003582624,288.3273789136234,0.0,999.0
11165,498.10595611285265,230.2913090730258,0.0,992.0
11165,,,,
11165,330.0746081504702,236.38687835166343,0.0,987.0
