count,mean,std,min,max
10871,664.985189954926,235.8889812267102,6.0,999.0
10871,498.8961457087664,290.23981356610534,0.0,999.0
10871,497.01481004507406,230.16140263255087,2.0,998.0
10871,,,,
10871,328.650998068255,233.68132947033646,0.0,990.0
