count,mean,std,min,max
15013,500.4934390195164,288.5639862622878,0,999
15013,666.6978618530607,236.55156559520466,9,999
15013,332.58562579098117,235.13165651428844,0,995
15013,499.75008326117364,229.8344632913287,8,997
