count,mean,std,min,max
15146,499.5270038293939,288.1034446406853,0,999
15146,666.6201637396013,235.42162002411138,4,999
15146,330.61521193714515,234.15529711369507,0,997
15146,497.3401558167173,228.4891943884364,4,997
