count,mean,std,min,max
17380,668.1195051783659,233.3367515702056,5.0,999.0
17380,501.0617376294592,287.7659768337273,0.0,999.0
17380,497.77341772151897,227.8083532725701,2.0,997.0
17380,,,,
17380,332.41006904487915,234.8789978836135,0.0,993.0
