count,mean,std,min,max
10961,500.5072529878661,288.9297529850134,0,999
10961,667.5817899826658,235.97482833974294,14,999
10961,331.74153818082294,235.1180400813277,0,987
10961,500.6442842806313,230.13185962855283,5,998
