count,mean,std,min,max
18180,499.3926292629263,289.00323086798284,0,999
18180,665.3661716171617,235.1123761955503,7,999
18180,331.26358635863585,235.92082699044073,0,993
18180,498.3190319031903,229.39385344320553,0,997
