count,mean,std,min,max
12562,495.01830918643526,289.4940316253499,0,999
12562,663.5281802260787,237.93473312709534,7,999
12562,328.66637478108584,235.48305659814667,0,987
12562,494.64535901926445,231.6935392127355,1,996
