count,mean,std,min,max
19996,667.0874174834967,234.53345144067006,11.0,999.0
19996,501.1475795159032,287.35245976618273,0.0,999.0
19996,502.4868973794759,229.4945653326779,2.0,999.0
19996,,,,
19996,336.85412082416485,237.01199557202494,0.0,991.0
