count,mean,std,min,max
17924,665.2147400133898,236.36420358968624,12.0,999.0
17924,502.3051774157554,288.37942870334115,0.0,999.0
17924,501.0077549654095,229.98348624604134,5.0,996.0
17924,,,,
17924,333.9395782191475,235.48048481127915,0.0,996.0
