count,mean,std,min,max
11072,500.8284862716763,289.33399915193905,0,999
11072,667.2228143063584,235.90946467485836,3,999
11072,333.26725072254334,235.6629671192698,0,989
11072,500.0233020231214,229.81219352948042,3,998
