count,mean,std,min,max
18050,501.71080332409974,289.9056483898308,0,999
18050,667.9115789473684,237.0132401781049,5,999
18050,333.3509695290859,236.15063960007606,0,998
18050,500.8452077562327,231.31001583524335,1,998
