count,mean,std,min,max
19934,666.8480987257951,234.12029825333153,14.0,999.0
19934,500.77876994080464,289.23014499870345,0.0,999.0
19934,501.4124611217016,230.48175589526593,3.0,997.0
19934,,,,
19934,333.24601183906896,236.06293823704658,0.0,996.0
