count,mean,std,min,max
19451,498.9102873888232,289.5062447170244,0,999
19451,664.087039226775,238.3198334487568,3,999
19451,330.5339571230271,233.94862797344888,0,989
19451,498.5580175826436,230.02337349404556,1,996
