count,mean,std,min,max
13868,497.81222959330836,287.402895587612,0,999
13868,664.3301124891838,235.4444898304514,8,999
13868,333.0245889818287,234.89224142926318,0,993
13868,497.9518315546582,230.28456531296285,0,996
