count,mean,std,min,max
12141,498.4372786426159,287.96009005912697,0,999
12141,666.0622683469237,235.60346138214857,9,999
12141,332.54698953957666,233.94482347731963,0,995
12141,499.213244378552,228.3958028157416,2,999
