count,mean,std,min,max
10298,500.4592153816275,287.2967887494082,0,999
10298,665.9402796659546,235.58574680464775,17,999
10298,333.65517576228393,234.80477004492155,0,992
10298,500.0043697805399,228.54959300211294,5,997
