count,mean,std,min,max
10168,504.0244885916601,287.42621170726306,0,999
10168,666.5040322580645,236.52445045261976,5,999
10168,333.72708497246265,234.8386217994375,0,996
10168,498.5409126671912,230.36007944618376,1,997
