count,mean,std,min,max
14977,497.93690325165255,289.6368345907699,0,999
14977,666.4232489817721,234.85480091395485,5,999
14977,331.16845830273087,235.70251082615934,0,992
14977,498.5302797623022,229.86050682685743,2,994
