count,mean,std,min,max
19834,499.11036603811635,290.0302683648348,0,999
19834,663.2992336392055,237.3182985830448,6,999
19834,330.7673187455884,235.33502127175913,0,998
19834,497.0274276494908,230.58628853077005,1,999
