count,mean,std,min,max
12589,501.32750814202876,288.99678341344617,0,999
12589,668.1224878862499,235.58047576052604,13,999
12589,333.24680276431803,236.26000804881494,0,993
12589,502.83843037572484,230.65630263785798,4,998
