count,mean,std,min,max
15370,500.53832140533507,290.07125268970816,0,999
15370,666.4465842550422,236.16181376395986,5,999
15370,330.662589459987,236.9086902494493,0,995
15370,500.10221210149643,230.80045053746986,0,998
