count,mean,std,min,max
16512,501.04614825581393,287.4967638872761,0,999
16512,666.1662427325581,235.62459744565737,5,999
16512,332.5426962209302,234.3611108325739,0,995
16512,496.41630329457365,229.08123582171794,1,997
