count,mean,std,min,max
15712,497.77297606924645,289.89166834848,0,999
15712,664.1573956211813,237.49621797478846,4,999
15712,332.2340885947047,235.39756949229275,0,987
15712,497.9126782077393,230.50085304824194,4,996
