count,mean,std,min,max
11594,501.8098154217699,288.38957060839493,0,999
11594,669.1565464895635,234.3904348480439,9,999
11594,333.92418492323617,235.92589967042883,0,990
11594,502.72149387614286,229.35501012178844,1,999
