count,mean,std,min,max
18814,496.83235888168383,288.4167104480485,0,999
18814,664.3998086531307,236.11022580699102,2,999
18814,329.61023705751035,234.0988599676458,0,990
18814,495.75268417136175,228.67583903390704,2,996
