count,mean,std,min,max
19314,500.2825411618515,289.8039811581281,0,999
19314,664.5722791757274,237.73213147041812,3,999
19314,333.7661281971627,236.33292451346134,0,983
19314,499.22087604846223,232.17788855323573,3,996
