count,mean,std,min,max
16128,497.31907242063494,288.36573874858266,0,999
16128,662.0871775793651,237.18273753496504,6,999
16128,335.1818576388889,237.40195048137963,0,993
16128,498.1984126984127,229.60425310774258,2,997
