count,mean,std,min,max
17338,496.9142346291383,288.0787597739455,0,999
17338,664.8936440189179,235.49094584086902,13,999
17338,333.64315376629366,235.6041189591737,0,990
17338,499.9357480678279,228.9143541418421,3,998
