count,mean,std,min,max
15548,669.1512091587342,235.372900924668,17.0,999.0
15548,500.1764214046823,289.4068094382123,0.0,999.0
15548,497.415358888603,229.58531999152603,3.0,994.0
15548,,,,
15548,328.4723437098019,233.85785794694846,0.0,987.0
