count,mean,std,min,max
12819,495.51977533348935,289.3621317006801,0,999
12819,667.8250253529917,234.40972775441065,11,999
12819,328.2086746236056,233.2272499779254,0,987
12819,498.544816288322,229.4621702595071,2,997
