count,mean,std,min,max
10070,666.2421052631579,234.75485905973756,11.0,999.0
10070,499.3828202581926,288.3263435211044,0.0,999.0
10070,502.3788480635551,227.86005084338166,6.0,997.0
10070,,,,
10070,336.6351539225422,235.0497498397799,0.0,992.0
