count,mean,std,min,max
10081,502.58605297093544,288.2340235662254,0,999
10081,665.7024104751513,235.63448187974666,1,999
10081,335.48893958932643,235.9031679828856,0,994
10081,500.13768475349667,229.73214624257196,1,996
