count,mean,std,min,max
15139,666.4520113613845,234.99595461309468,4.0,999.0
15139,503.0444547195984,287.2486930717374,0.0,999.0
15139,499.15166127221084,229.86345700037757,4.0,995.0
15139,,,,
15139,333.5339850716692,235.36544437851612,0.0,994.0
