count,mean,std,min,max
19712,497.1447341720779,290.0613011466386,0,999
19712,664.5569703733767,237.4801979170748,2,999
19712,330.22118506493507,235.2611668592759,0,988
19712,495.6685267857143,230.13837922235433,2,998
