count,mean,std,min,max
18018,497.53646353646354,287.9703378802885,0,999
18018,668.2274947274947,232.50507785473224,5,999
18018,331.0905205905206,234.74821252013035,0,997
18018,500.95915195915194,228.56026186273246,4,997
