count,mean,std,min,max
16311,495.8637116056649,288.26941083087297,0,999
16311,664.9862056281038,235.8849684188277,5,999
16311,329.56802158052847,234.83213309622295,0,996
16311,495.650665195267,229.88181639465873,2,997
