count,mean,std,min,max
16796,665.5316742081448,237.2393585745865,6.0,999.0
16796,499.5113122171946,288.2689158384636,0.0,999.0
16796,499.4102762562515,230.1229273715964,4.0,998.0
16796,,,,
16796,331.377411288402,236.20009488198602,0.0,998.0
