count,mean,std,min,max
19526,498.15149032059816,289.7128277368288,0,999
19526,666.6950732356858,235.4010954131107,1,999
19526,331.41918467684116,234.29278835947102,0,988
19526,498.94110416880056,229.8134013725866,1,997
