count,mean,std,min,max
13658,666.6813589105286,235.90964492314822,6.0,999.0
13658,500.28137355396103,287.59608263979686,0.0,999.0
13658,501.8377507687802,229.32687337860452,1.0,996.0
13658,,,,
13658,331.9524820617953,233.34388849523907,0.0,990.0
