count,mean,std,min,max
16699,501.78579555662014,287.7291194173095,0,999
16699,667.1777950775496,234.6842777273024,5,999
16699,335.2521109048446,237.4398777988135,0,996
16699,499.86729744296065,229.85439859204357,1,998
