count,mean,std,min,max
10218,497.0791740066549,287.61874337972523,0,999
10218,664.4939322763751,236.25486404173947,13,999
10218,329.1460168330397,235.0321776105772,0,993
10218,496.34664317870426,230.90057361078814,7,996
