count,mean,std,min,max
17204,501.1284003720065,289.4244016960784,0,999
17204,668.2768542199489,234.6632728306896,13,999
17204,330.4214136247384,234.72368355950204,0,990
17204,498.6216577540107,229.2328631283181,3,998
