count,mean,std,min,max
16555,499.476532769556,288.5776670685215,0,999
16555,664.5610993657506,236.80818891422746,10,999
16555,332.3400181214135,236.13048170014392,0,996
16555,498.02337662337663,229.628719447392,4,998
