count,mean,std,min,max
11426,499.4338351129004,291.6004467132317,0,999
11426,664.556800280063,237.2919880296716,12,999
11426,333.7948538421145,237.47778486680266,0,991
11426,498.6241904428496,232.85467153268837,1,995
