count,mean,std,min,max
16254,499.11221853082316,287.76542909773934,0,999
16254,668.8287806078504,234.475709999426,10,999
16254,333.06183093392394,234.91618171628988,0,996
16254,499.9641934293097,229.71167222659525,1,996
