count,mean,std,min,max
13956,495.8382774433935,289.4549131676209,0,999
13956,661.6947549441101,237.16399840501225,12,999
13956,331.96682430495844,235.19096514375133,0,989
13956,496.9749928346231,229.73743713881277,2,998
