count,mean,std,min,max
15610,500.1030749519539,289.4426210657036,0,999
15610,664.9889814221652,235.87287807985024,0,999
15610,330.3790518898142,234.19271268276438,0,994
15610,497.76822549647665,229.0520059141097,0,998
