count,mean,std,min,max
10080,500.32380952380953,285.7884301312356,0,999
10080,664.9615079365079,233.9213221265624,9,999
10080,334.6500992063492,236.05314003234307,0,991
10080,500.1534722222222,228.3043726126814,1,996
