count,mean,std,min,max
15247,497.5550600118056,289.99754570280555,0,999
15247,665.5635862792681,237.70759716820686,14,999
15247,333.40965435823443,237.24498150112,0,994
15247,499.31986620318753,232.02306411946975,2,997
