count,mean,std,min,max
13094,498.054528791813,288.09242099663385,0,999
13094,664.6800824805255,234.76614104486532,1,999
13094,331.6004276767985,235.40917468586818,0,991
13094,498.2821139453185,229.5015985171324,0,996
