count,mean,std,min,max
17780,501.9800337457818,289.8066293938627,0,999
17780,667.312879640045,236.20660081422974,10,999
17780,333.69955005624297,235.39025007287677,0,991
17780,500.366366704162,230.15879715962717,0,995
