count,mean,std,min,max
15293,500.13306741646505,286.73364900206093,0,999
15293,667.4071797554436,234.13566308768438,9,999
15293,333.40443340090235,234.31834279243122,0,990
15293,501.29614856470283,228.46759832211006,5,999
