count,mean,std,min,max
11308,661.9117438981252,236.71909987856236,4.0,999.0
11308,496.94738238415283,285.7620078875051,0.0,999.0
11308,497.46117792713125,227.8923087594528,3.0,997.0
11308,,,,
11308,333.2722851078882,234.21179479538293,0.0,995.0
