count,mean,std,min,max
11683,666.6140546092613,233.82295697246516,15.0,999.0
11683,501.22177522896516,286.19996834055684,0.0,999.0
11683,499.4004108533767,226.34565641639227,4.0,998.0
11683,,,,
11683,335.1304459471026,233.23598695759813,0.0,985.0
