count,mean,std,min,max
10988,499.1527120495086,290.25355410601486,0,999
10988,666.0566072078631,238.2336197056409,8,999
10988,335.53694939934473,236.42473076525766,0,998
10988,501.46823807790315,232.74945912533383,5,998
