count,mean,std,min,max
19775,498.324399494311,287.3690374562693,0,999
19775,666.9448798988622,235.02476320650462,4,999
19775,331.19534766118835,234.59508577945826,0,994
19775,499.5514032869785,229.83779724472214,3,994
