count,mean,std,min,max
11042,497.54174968302846,287.3263853234713,0,999
11042,664.6429994566201,234.7416223510502,9,999
11042,332.12814707480527,234.05345733891744,0,991
11042,500.3720340518022,228.41274760836816,2,995
