count,mean,std,min,max
17547,670.0079785718357,235.81891806162056,9.0,999.0
17547,504.1514218954807,289.4671051869224,0.0,999.0
17547,503.04433806348663,231.04563674577454,5.0,997.0
17547,,,,
17547,334.90739157690774,237.81028223784546,0.0,994.0
