count,mean,std,min,max
17752,499.9435556557008,288.9634311459124,0,999
17752,665.7885308697612,236.32982399683755,8,999
17752,332.94592158630013,235.56927239332927,0,993
17752,499.5196034249662,229.70278896155983,2,999
