count,mean,std,min,max
14762,668.5736350088064,234.81018463284914,10.0,999.0
14762,502.225782414307,288.310036159962,0.0,999.0
14762,500.48936458474464,229.5827148129273,2.0,997.0
14762,,,,
14762,335.47825497900016,237.07797385660126,0.0,997.0
