count,mean,std,min,max
19549,502.9691544324518,290.15733971144783,0,999
19549,666.8084300987263,236.83830956319238,9,999
19549,335.72085528671545,236.5946398783327,0,998
19549,500.4375671389841,230.26340632577907,3,999
