count,mean,std,min,max
10455,668.0794835007174,235.44807161642842,3.0,999.0
10455,501.2672405547585,288.41189770979935,0.0,999.0
10455,499.41912960306075,229.44602964906971,1.0,993.0
10455,,,,
10455,334.61396461023435,235.79068873945798,0.0,993.0
