count,mean,std,min,max
13746,669.378946602648,235.52518948728664,5.0,999.0
13746,500.2432707696785,287.9659813917087,0.0,999.0
13746,501.10883166011934,230.0848207725433,1.0,993.0
13746,,,,
13746,334.5534701003928,235.00210895077427,0.0,993.0
