count,mean,std,min,max
17924,502.3051774157554,288.3794287033413,0,999
17924,665.2147400133898,236.36420358968624,12,999
17924,333.9395782191475,235.48048481127864,0,996
17924,501.0077549654095,229.98348624604102,5,996
