count,mean,std,min,max
10367,498.99508054403395,289.7737876978613,0,999
10367,665.8688145075721,238.22177499826373,3,999
10367,334.30568148934117,236.01768310635657,0,992
10367,501.8343783158098,232.39575981246364,2,997
