count,mean,std,min,max
16870,497.41481920569055,289.79595225134693,0,999
16870,663.6501481920569,236.7639151790085,11,999
16870,334.5454653230587,237.74432264820786,0,992
16870,497.5284528749259,231.30483121146474,1,995
