count,mean,std,min,max
13969,499.69188918319134,287.23590812535656,0,999
13969,665.0161070942802,234.480344653086,6,999
13969,333.0774572267163,235.8057489652876,0,983
13969,499.3510630682225,230.128467220302,2,995
