count,mean,std,min,max
17586,502.8849084499033,287.36374497351517,0,999
17586,667.4431934493347,235.2725904073839,13,999
17586,335.59120891618335,235.83794311118095,0,990
17586,502.3310019333561,229.61644821719992,0,994
