count,mean,std,min,max
18107,665.5676810073452,235.4088205947571,6.0,999.0
18107,497.97586568730327,288.5609482934264,0.0,999.0
18107,498.4073010437952,230.02587792538392,3.0,997.0
18107,,,,
18107,331.51007897498204,234.72606003183566,0.0,982.0
