count,mean,std,min,max
19658,500.85649608301964,290.02639460549335,0,999
19658,666.5985858174789,235.28862728780712,8,999
19658,334.7223013531387,237.12892040847305,0,990
19658,501.17672194526403,229.14472852716975,3,996
