count,mean,std,min,max
10821,503.4248221051659,289.87603859838396,0,999
10821,667.6767396728583,236.13252435988326,7,999
10821,335.2679974124388,236.8945651760202,0,991
10821,504.39524997689676,229.06816066145345,3,998
