count,mean,std,min,max
15218,667.6900381127612,234.79886861192043,3.0,999.0
15218,501.9105007228282,286.40073147730067,0.0,999.0
15218,499.7692863714023,228.36657267150767,3.0,999.0
15218,,,,
15218,332.34071494283086,233.79097651550464,0.0,986.0
