count,mean,std,min,max
12613,668.179418060731,234.71204107968794,5.0,999.0
12613,498.327915642591,289.3877295043832,0.0,999.0
12613,499.4110045191469,229.88440353979635,1.0,996.0
12613,,,,
12613,330.9426781891699,235.50172391993627,0.0,990.0
