count,mean,std,min,max
12987,668.9489489489489,234.07278850451146,15.0,999.0
12987,497.46223146223144,288.7493150923698,0.0,999.0
12987,499.3040733040733,228.57735245161612,2.0,999.0
12987,,,,
12987,328.09163009163007,233.12596049686175,0.0,999.0
