count,mean,std,min,max
16918,663.7509161839461,236.70658917961063,0.0,999.0
16918,498.34945028963233,288.5122570353803,0.0,999.0
16918,497.5741813453127,229.4982391409085,0.0,996.0
16918,,,,
16918,331.27018560113487,235.3265923578012,0.0,993.0
