count,mean,std,min,max
18934,497.10531319319745,289.3510548773183,0,999
18934,664.5607901130242,237.52306662629306,10,999
18934,331.20888349001797,235.88400444686764,0,992
18934,497.79513045315304,231.1256993690617,1,995
