count,mean,std,min,max
14108,665.4912815423872,235.93999900589483,4.0,999.0
14108,497.698114544939,289.9308496654186,0.0,999.0
14108,498.10490501842924,229.08129206440603,0.0,996.0
14108,,,,
14108,330.42054153671677,235.79334178528714,0.0,989.0
