count,mean,std,min,max
17826,500.53511724447435,288.013203931834,0,999
17826,667.2780208683945,234.07153125987725,5,999
17826,334.22203522944017,235.96129893821436,0,995
17826,500.60142488499946,229.523430543019,1,998
