count,mean,std,min,max
11883,665.9633089287217,235.75054644337476,4.0,999.0
11883,496.8220987966002,289.37204588379205,0.0,999.0
11883,499.1079693680047,229.95009164009272,2.0,989.0
11883,,,,
11883,330.22847765715727,237.34333889683393,0.0,982.0
