count,mean,std,min,max
14227,667.5135306108104,234.56434489388664,2.0,999.0
14227,500.2350460392212,288.0337207584761,0.0,999.0
14227,500.0597455542279,229.90855785536868,2.0,998.0
14227,,,,
14227,333.23335910592533,236.16903800456996,0.0,998.0
