count,mean,std,min,max
14467,666.962535425451,235.38532110409182,16.0,999.0
14467,497.8542890716804,290.6308991934139,0.0,999.0
14467,499.274279394484,230.70647299208576,0.0,997.0
14467,,,,
14467,331.0382940485242,236.39351487353355,0.0,989.0
