count,mean,std,min,max
11416,500.6314821303434,288.1594375809297,0,999
11416,665.457866152768,236.14888948621655,3,999
11416,334.12806587245973,235.57144782798593,0,996
11416,500.60888227049753,230.4210251978001,3,998
