count,mean,std,min,max
18350,668.539455040872,234.67021802660165,2.0,999.0
18350,502.5183651226158,286.92827186575084,0.0,999.0
18350,501.9207629427793,229.8974932865531,2.0,999.0
18350,,,,
18350,336.03340599455044,236.51269263034033,0.0,991.0
