count,mean,std,min,max
11537,493.13452370633615,286.7719535886472,0,999
11537,661.8766577099766,237.07679490416606,8,999
11537,332.9783305885412,236.9494788536344,0,995
11537,498.2143538181503,230.0877438656127,6,995
