count,mean,std,min,max
19036,501.660905652448,286.1296904289994,0,999
19036,667.2212649716326,235.01415949517167,10,999
19036,334.2757407018281,235.1005867184037,0,998
19036,499.9243013238075,228.89434154470774,7,999
