count,mean,std,min,max
16754,503.0528232063985,288.0632926792921,0,999
16754,667.9304046794796,234.47679409742386,3,999
16754,335.18592574907484,235.1950070247905,0,994
16754,502.96012892443594,228.3951266391376,2,995
