count,mean,std,min,max
15771,496.92086741487543,288.76978862184666,0,999
15771,666.1111533827911,236.34622510149933,2,999
15771,330.1146407963985,233.6684181900595,0,990
15771,497.57795954600215,229.0237040145716,1,999
