count,mean,std,min,max
17865,499.3773859501819,287.2093394000255,0,999
17865,665.984550797649,235.46446983538806,10,999
17865,333.24304506017353,235.835544827096,0,995
17865,499.72454520011195,230.667818016812,2,997
