count,mean,std,min,max
16329,669.2970175760917,235.51288380586865,7.0,999.0
16329,502.54326658092964,288.82293050217777,0.0,999.0
16329,501.57082491273195,229.2732121342644,2.0,998.0
16329,,,,
16329,334.5048686386184,235.37836094053637,0.0,990.0
