count,mean,std,min,max
11218,500.5845961847032,289.4441926266446,0,999
11218,664.2885541094669,237.3986191844589,6,999
11218,334.8318773399893,237.55496071051903,0,993
11218,500.22686753431987,230.82008051252828,4,994
