count,mean,std,min,max
18186,666.3447157153854,236.21234557302398,0.0,999.0
18186,501.9833388320686,287.7302965638439,0.0,999.0
18186,500.128450456395,230.65175493820882,0.0,996.0
18186,,,,
18186,333.57126360936985,235.653978044697,0.0,991.0
