count,mean,std,min,max
14399,501.35814987151883,290.53425815539526,0,999
14399,667.0857698451281,236.65643898300246,13,999
14399,333.167442183485,236.37008396234674,0,993
14399,499.582262657129,229.64386390766163,1,997
