count,mean,std,min,max
13272,501.2937010247137,290.1315694092687,0,999
13272,668.6371308016878,236.10243808691507,6,999
13272,335.2833031946956,237.13870897769107,0,987
13272,503.16063893911996,231.11388800867456,3,997
