count,mean,std,min,max
13272,495.29716696805303,288.4429397879005,0,999
13272,664.491636528029,236.2586092403448,16,999
13272,329.69462025316454,233.61886652056822,0,995
13272,497.6862567811935,228.14413136073725,4,995
