count,mean,std,min,max
19134,496.72274485209573,289.51322093108683,0,999
19134,662.9253684540608,236.80553876677234,4,999
19134,329.43336469112575,234.1494144454799,0,995
19134,495.5578551269991,229.6213733366309,2,996
