count,mean,std,min,max
19039,497.1646094857923,288.88865667803077,0,999
19039,666.4146751405011,234.2086690510627,3,999
19039,329.8378591312569,233.01038744928834,0,995
19039,498.5654708755712,227.1358471099739,3,997
