count,mean,std,min,max
16344,496.2141458639256,290.27860414154344,0,999
16344,665.8739598629467,236.9185053249563,1,999
16344,332.4151370533529,237.09641611867718,0,995
16344,497.9560083210964,230.79062244765674,1,995
