count,mean,std,min,max
19743,504.08929747252193,288.8104705026746,0,999
19743,666.8829965050904,234.15539833287866,12,999
19743,334.6572456060376,236.37229704280205,0,995
19743,499.57579901737324,229.4848488072192,0,998
