count,mean,std,min,max
10573,500.3318830984583,287.94895729520823,0,999
10573,667.7339449541284,234.2400526169994,11,999
10573,336.2792963208172,236.26052922382686,0,994
10573,502.35581197389575,228.52694222245026,2,997
