count,mean,std,min,max
12091,665.8240840294434,235.2648770030492,13.0,999.0
12091,498.5746422959226,288.5213458817054,0.0,999.0
12091,498.4075758828881,229.57657241681017,5.0,995.0
12091,,,,
12091,331.62972458853693,235.77296022645186,0.0,994.0
