count,mean,std,min,max
14814,496.60787093290133,289.52765233701166,0,999
14814,665.5540704738761,235.71421638032535,3,999
14814,331.60685837721076,236.18498745333397,0,990
14814,497.83414337788577,228.76194063636456,3,997
