count,mean,std,min,max
18532,500.8754047053745,289.83173625621305,0,999
18532,667.1329052449817,235.1512920262637,9,999
18532,334.16382473559247,237.22701799411638,0,995
18532,499.7075329160371,230.9901326014982,3,997
