count,mean,std,min,max
14482,498.18443585140176,289.8564046799948,0,999
14482,665.544676149703,235.74261397218166,10,999
14482,331.4751415550338,237.30351433108694,0,985
14482,498.80907333241265,231.20089910739406,0,998
