count,mean,std,min,max
16619,500.26511823816116,288.8822231546939,0,999
16619,666.3508634695229,235.86609107846522,13,999
16619,330.5987123172273,235.6806094480034,0,989
16619,498.98435525603225,230.94852422303353,4,992
