count,mean,std,min,max
12579,666.5262739486445,236.48852284949078,6.0,999.0
12579,497.2385722235472,289.9205911979504,0.0,999.0
12579,499.3920025439224,230.85546351305044,1.0,996.0
12579,,,,
12579,331.97797917163524,235.5744022728691,0.0,991.0
