count,mean,std,min,max
12508,495.1915574032619,287.9155789274818,0,999
12508,664.0801087304126,236.69924039054152,2,999
12508,329.2929325231852,234.893729034669,0,994
12508,495.70762711864404,230.0140907716218,2,996
