count,mean,std,min,max
19290,497.23939865215135,288.618340458671,0,999
19290,663.154898911353,237.15908391437824,11,999
19290,330.0632970451011,234.79893875623648,0,980
19290,496.20274753758423,229.48175231682035,2,996
