count,mean,std,min,max
16697,501.02503443732405,286.98482973380493,0,999
16697,665.1923099958076,235.20695292171834,4,999
16697,335.0080253937833,235.92280392812478,0,987
16697,498.71210397077317,229.44377664025387,1,997
