count,mean,std,min,max
13869,501.83625351503355,289.02390597335386,0,999
13869,665.43766673877,234.6256365166686,7,999
13869,331.1465859110246,235.54365478730242,0,987
13869,498.5518782897109,229.76991066960434,6,999
