count,mean,std,min,max
14814,496.60787093290133,289.5276523370119,0,999
14814,665.5540704738761,235.71421638032487,3,999
14814,331.60685837721076,236.18498745333454,0,990
14814,497.83414337788577,228.76194063636464,3,997
