count,mean,std,min,max
12172,499.08946763062767,290.46341866392845,0,999
12172,665.8934439697666,235.00847863370538,8,999
12172,334.4686986526454,237.34759278815602,0,994
12172,499.6484554715741,230.99707800869476,1,996
