count,mean,std,min,max
10988,666.0566072078631,238.2336197056405,8.0,999.0
10988,499.1527120495086,290.2535541060146,0.0,999.0
10988,501.46823807790315,232.74945912533437,5.0,998.0
10988,,,,
10988,335.53694939934473,236.42473076525707,0.0,998.0
