count,mean,std,min,max
16381,501.09120322324645,288.49929794908945,0,999
16381,666.6956840241744,234.41498428782361,7,999
16381,334.4556498382272,235.8224408918311,0,990
16381,500.2327696721812,229.51187166195854,3,994
