count,mean,std,min,max
15894,502.99779791116146,290.3027002440956,0,999
15894,668.7015225871398,235.08773388672378,9,999
15894,336.89933308166604,237.0257963735976,0,998
15894,503.40449226123064,231.2298221193376,1,999
