count,mean,std,min,max
12066,495.5032322227747,289.15111855874744,0,999
12066,662.8259572352064,237.72347368041218,3,999
12066,333.5499751367479,236.0766345973643,0,991
12066,499.9232554284767,231.16363150017494,2,996
