count,mean,std,min,max
11956,670.0714285714286,234.62251465514177,2.0,999.0
11956,499.918200066912,288.85744611132696,0.0,999.0
11956,502.92932418869185,229.1329463248455,2.0,998.0
11956,,,,
11956,332.4301605888257,234.63435780805364,0.0,994.0
