count,mean,std,min,max
10993,664.9939961793868,235.45969424330394,6.0,999.0
10993,498.2567088147003,289.21804013984456,0.0,999.0
10993,497.5840080050942,228.52830581811736,5.0,998.0
10993,,,,
10993,331.5665423451287,235.36049952286157,0.0,995.0
