count,mean,std,min,max
16091,499.24249580510843,288.3510113843878,0,999
16091,666.27997016966,234.72869542481496,13,999
16091,332.6106519172208,235.14582330633226,0,997
16091,497.2552358461252,228.39707863292227,4,998
