count,mean,std,min,max
19279,495.22807199543547,288.71407410649135,0,999
19279,660.9842834171897,237.99336024039002,3,999
19279,328.9049743243944,233.21230064372833,0,984
19279,494.9751024430728,228.90530046966774,3,998
