count,mean,std,min,max
14724,665.8347595762021,233.07349198023857,10.0,999.0
14724,499.4386715566422,286.12721584292626,0.0,999.0
14724,500.3778864439011,230.23757039093806,2.0,996.0
14724,,,,
14724,333.994430861179,235.0519087766715,0.0,994.0
