count,mean,std,min,max
17326,498.4820500981184,285.45613369925513,0,999
17326,663.5094655431144,234.7472519971442,2,999
17326,331.8019161953134,233.18451607754602,0,991
17326,498.91723421447534,228.993191239997,2,997
