count,mean,std,min,max
19468,502.17623792890896,289.44344650358653,0,999
19468,666.3790322580645,236.7375778113439,4,999
19468,332.9457571399219,236.08422321710407,0,993
19468,500.52850832134783,231.1973427394146,4,996
