count,mean,std,min,max
11807,665.8935377318539,236.45854427898888,5.0,999.0
11807,500.0551367832642,288.3567143428184,0.0,999.0
11807,496.5389175912594,229.2844421265164,0.0,995.0
11807,,,,
11807,331.85161344964854,235.12435859268632,0.0,986.0
