count,mean,std,min,max
12851,501.6502995875807,287.94037272472195,0,999
12851,665.565403470547,235.8446240119971,8,999
12851,336.5621352423936,235.53046464744847,0,983
12851,499.2577231343864,230.73518980611075,3,996
