count,mean,std,min,max
15046,498.8492622623953,287.3086006007881,0,999
15046,663.4015685231956,236.47415932987943,4,999
15046,331.717931676193,234.52289446742887,0,992
15046,500.24205768975145,229.1085126383773,1,997
