count,mean,std,min,max
18107,665.5676810073452,235.40882059475706,6.0,999.0
18107,497.97586568730327,288.56094829342646,0.0,999.0
18107,498.4073010437952,230.02587792538392,3.0,997.0
18107,,,,
18107,331.51007897498204,234.7260600318357,0.0,982.0
