count,mean,std,min,max
12998,664.3452838898293,235.83237480708155,1.0,999.0
12998,498.6853362055701,288.0623005120734,0.0,999.0
12998,498.88529004462225,229.38549700754263,0.0,990.0
12998,,,,
12998,334.43368210493924,234.9451710234566,0.0,988.0
