count,mean,std,min,max
17985,503.55752015568527,289.1032766271812,0,999
17985,669.4648874061718,234.16919874011973,4,999
17985,334.6714484292466,235.36160488226676,0,992
17985,500.9408951904365,228.82212320158342,3,996
