count,mean,std,min,max
18017,666.5185657989676,236.66460865864357,5.0,999.0
18017,498.61858244990844,288.5406635569749,0.0,999.0
18017,501.11972026419494,230.30374987154457,1.0,997.0
18017,,,,
18017,333.9867902536493,234.58822182177002,0.0,995.0
