count,mean,std,min,max
14650,498.19795221843003,288.7086915501457,0,999
14650,662.3470989761092,236.9802865691249,10,999
14650,330.6813651877133,235.24906367807296,0,996
14650,495.7245733788396,229.5748063030816,2,996
