count,mean,std,min,max
16521,668.1190605895526,237.74068609756154,12.0,999.0
16521,504.99092064645,291.0222427948384,0.0,999.0
16521,499.39023061558015,231.28638934725336,2.0,997.0
16521,,,,
16521,333.4066339809939,237.6697994049895,0.0,997.0
