count,mean,std,min,max
11673,663.3413004369057,235.08342369220148,15.0,999.0
11673,500.9320654501842,288.09021681288596,0.0,999.0
11673,496.313544076073,230.3553997954717,5.0,995.0
11673,,,,
11673,333.8582198235244,236.1834829630459,0.0,992.0
