count,mean,std,min,max
14824,503.3627900701565,288.1655990248971,0,999
14824,669.1203453858608,235.05069267174966,5,999
14824,334.8907177549919,236.89297425123462,0,986
14824,502.88862655153804,231.9971736903551,5,997
