count,mean,std,min,max
15728,495.4995549338759,288.6438437225176,0,999
15728,661.3205747711088,238.3583915280779,3,999
15728,332.54361648016277,234.5236828070054,0,995
15728,496.3074135300102,230.2042163396438,1,997
