count,mean,std,min,max
15943,498.8890422128834,288.3464365382165,0,999
15943,662.3437245185975,237.37925102843468,12,999
15943,332.92479458069374,235.44483383532855,0,995
15943,495.38468293294864,230.6110532771305,5,998
