count,mean,std,min,max
14930,499.93328868050907,286.21738420508643,0,999
14930,666.1749497655727,233.28356044679884,5,999
14930,335.89477561955795,234.57162129067848,0,995
14930,500.6659075686537,228.12575011095325,2,998
