count,mean,std,min,max
13482,670.2421747515206,235.0596466481238,13.0,999.0
13482,507.6182317163626,290.3070120869768,0.0,999.0
13482,504.60977599762646,230.07491483553605,4.0,996.0
13482,,,,
13482,337.73423824358406,237.27436629333903,0.0,989.0
