count,mean,std,min,max
11190,502.71966041108135,288.446192500246,0,999
11190,666.8361930294906,235.12466306287237,6,999
11190,336.33521000893654,236.66068437104002,0,994
11190,499.9324396782842,229.0035214298603,2,998
