count,mean,std,min,max
12930,665.4598607888631,236.34129713152737,9.0,999.0
12930,494.21028615622583,287.6902748984894,0.0,999.0
12930,496.1185614849188,228.81575412209037,3.0,996.0
12930,,,,
12930,328.58484145398296,232.32994090487773,0.0,991.0
