count,mean,std,min,max
11369,664.608584747999,238.66881883613263,4.0,999.0
11369,497.78168704371535,290.16367929156377,0.0,999.0
11369,498.3990676400739,230.99810404028673,4.0,998.0
11369,,,,
11369,333.44463013457647,236.69553510072282,0.0,997.0
