count,mean,std,min,max
19284,502.38799004355945,287.5917811248784,0,999
19284,665.5354698195396,234.43516554982682,4,999
19284,335.3146650072599,236.08485363111413,0,998
19284,500.45960381663554,229.77638913147962,2,998
