count,mean,std,min,max
11807,500.0551367832642,288.3567143428184,0,999
11807,665.8935377318539,236.45854427898888,5,999
11807,331.85161344964854,235.1243585926863,0,986
11807,496.5389175912594,229.2844421265164,0,995
