count,mean,std,min,max
15754,665.9749270026659,235.48050569946236,3.0,999.0
15754,503.3220134568998,289.213118403446,0.0,999.0
15754,497.80462104862255,230.08126658920793,0.0,997.0
15754,,,,
15754,334.8182049003428,235.89562705438308,0.0,995.0
