count,mean,std,min,max
19265,500.78473916428754,287.6171704679535,0,999
19265,666.0223202699195,235.17098029104017,4,999
19265,332.45740981053723,233.5641702421116,0,992
19265,498.73303919024136,228.69684153730702,4,997
