count,mean,std,min,max
18057,497.18618818186854,287.2971982256222,0,999
18057,665.660630226505,235.31464389557937,9,999
18057,331.7243174392203,235.86743482900806,0,996
18057,499.0205460486238,229.7448278905966,2,998
