count,mean,std,min,max
11262,501.6810513230332,288.3930931517525,0,999
11262,670.067838749778,233.34134693764702,2,999
11262,330.8230332090215,235.25196854614933,0,983
11262,500.5720120760078,229.3858982984276,1,998
