count,mean,std,min,max
12086,667.407744497766,235.07148687510585,14.0,999.0
12086,501.6095482376303,289.96142160731034,0.0,999.0
12086,500.4171768988913,230.7879328963027,7.0,998.0
12086,,,,
12086,336.3233493298031,238.89556151855538,0.0,998.0
