count,mean,std,min,max
17897,667.4484550483321,234.87381606168512,5.0,999.0
17897,500.16790523551435,287.667237169791,0.0,999.0
17897,498.5176845281332,228.83143999673976,2.0,999.0
17897,,,,
17897,331.68994803598366,234.4268989949244,0.0,989.0
