count,mean,std,min,max
18718,499.40704135057166,288.1025956367782,0,999
18718,667.3224169248851,235.5660766338039,1,999
18718,331.8797948498771,235.2701358868583,0,995
18718,499.52361363393527,230.57179842033386,1,995
