count,mean,std,min,max
17183,500.1602164930454,288.40001553935565,0,999
17183,667.1594017342723,234.79316024768474,9,999
17183,336.8264563813071,237.99855776090544,0,997
17183,502.4492812663679,231.08208904891822,2,998
