count,mean,std,min,max
15890,498.3794839521712,288.19481339819185,0,999
15890,665.5383259911895,236.49890052384683,4,999
15890,332.83763373190686,234.68315226227338,0,991
15890,498.76431718061673,229.564536767979,4,999
