count,mean,std,min,max
10978,500.3961559482602,288.3920465246209,0,999
10978,667.2638003279286,235.5468665081044,5,999
10978,333.9897977773729,237.0244837358722,0,992
10978,501.39305884496264,230.64131647903974,2,992
