count,mean,std,min,max
13075,496.45460803059274,287.6118233768258,0,999
13075,666.1353728489484,236.6230222793993,9,999
13075,331.1252007648184,235.04517645277227,0,998
13075,499.7031739961759,229.56454928156953,2,998
