count,mean,std,min,max
12397,495.5547309833024,289.5155044909973,0,999
12397,664.0832459466,237.34072325793727,6,999
12397,331.9872549810438,236.3763724383274,0,988
12397,496.88150358957813,231.62173094219247,0,994
