count,mean,std,min,max
18278,665.0698107013897,235.49442608117175,3.0,999.0
18278,499.0266987635409,288.4422219634765,0.0,999.0
18278,496.58753692964217,229.6090012456477,2.0,998.0
18278,,,,
18278,332.13393150235254,235.29639315559774,0.0,995.0
