count,mean,std,min,max
13541,668.9945351155749,235.46055652203407,15.0,999.0
13541,504.2860940846319,288.54434515169197,0.0,999.0
13541,501.3583930285799,229.38604359347556,6.0,998.0
13541,,,,
13541,334.11129163281885,235.61997876489463,0.0,987.0
