count,mean,std,min,max
17806,500.33943614511963,288.50632915555946,0,999
17806,667.2269459732674,236.43706760338944,3,999
17806,331.62888913849264,237.00662828996954,0,995
17806,497.53425811524204,230.78725365708235,3,996
