count,mean,std,min,max
11241,497.75856240547995,289.41971651510636,0,999
11241,667.9882572724847,235.60505594911672,7,999
11241,335.4076149808736,235.77166941469216,0,997
11241,502.2761320167245,229.7204879194462,4,997
