count,mean,std,min,max
15894,668.7015225871398,235.08773388672327,9.0,999.0
15894,502.99779791116146,290.30270024409515,0.0,999.0
15894,503.40449226123064,231.22982211933797,1.0,999.0
15894,,,,
15894,336.89933308166604,237.02579637359753,0.0,998.0
