count,mean,std,min,max
13322,500.56380423359855,288.17283100939994,0,999
13322,664.4269629184807,236.5825501022972,7,999
13322,333.2438072361507,235.94329733040894,0,991
13322,499.77938747935747,230.2757564338596,4,998
