count,mean,std,min,max
17741,666.9683783326757,235.58411936640866,6.0,999.0
17741,499.86032354433235,290.2986874802356,0.0,999.0
17741,499.69449298235725,231.67046219260394,2.0,999.0
17741,,,,
17741,333.89149427878925,237.5235978458218,0.0,990.0
