count,mean,std,min,max
10354,662.6019895692486,235.76363323508426,6.0,999.0
10354,496.81852424183893,286.72491563167785,0.0,999.0
10354,500.21585860536993,228.50355802849802,5.0,995.0
10354,,,,
10354,335.34073787908056,235.5291503615306,0.0,995.0
