count,mean,std,min,max
13944,500.5227337923121,288.6446191891679,0,999
13944,663.9036144578313,235.56065998503385,4,999
13944,333.9108577165806,235.7842634809781,0,996
13944,498.42670682730926,229.9350686037701,0,996
