count,mean,std,min,max
10455,501.2672405547585,288.41189770979844,0,999
10455,668.0794835007174,235.44807161642814,3,999
10455,334.61396461023435,235.79068873945795,0,993
10455,499.41912960306075,229.4460296490697,1,993
