count,mean,std,min,max
10850,499.32552995391706,288.05715945119096,0,999
10850,669.0477419354838,235.36382374927726,2,999
10850,333.68930875576035,236.828753687392,0,992
10850,501.7072811059908,230.52210081552172,1,999
