count,mean,std,min,max
13030,667.3048349961628,234.81041766306555,3.0,999.0
13030,497.57766692248657,287.56070333277734,0.0,999.0
13030,498.66300844205676,229.9515580120393,3.0,994.0
13030,,,,
13030,332.7978511128166,235.2368992470189,0.0,992.0
