count,mean,std,min,max
16978,502.48527506184473,289.1184339660339,0,999
16978,668.9003416185652,235.1485243332052,12,999
16978,335.44139474614207,236.12420796045683,0,990
16978,500.5958298975144,228.85391013958835,1,995
