count,mean,std,min,max
18815,500.83305872973693,288.5096811432816,0,999
18815,667.9756045708211,235.18631244780994,3,999
18815,334.82242891310125,236.0093015960006,0,994
18815,500.4946585171406,229.4328679732028,2,995
