count,mean,std,min,max
19751,502.6691813072756,289.43356347765763,0,999
19751,666.999088653739,236.03711765432533,6,999
19751,333.66685231127536,236.35855661574618,0,995
19751,500.91732064199283,231.09332302900435,1,996
