count,mean,std,min,max
11514,669.0114643043252,233.7039105466672,8.0,999.0
11514,502.37311099531007,289.4371912905755,0.0,999.0
11514,499.0541080423832,230.0925620282602,2.0,994.0
11514,,,,
11514,332.56001389612646,234.6562856585379,0.0,988.0
