count,mean,std,min,max
15548,500.1764214046823,289.4068094382107,0,999
15548,669.1512091587342,235.37290092466824,17,999
15548,328.4723437098019,233.85785794694772,0,987
15548,497.415358888603,229.585319991527,3,994
