count,mean,std,min,max
15831,493.5545448802981,288.2575003750243,0,999
15831,661.8409449813656,236.12038530162593,5,999
15831,328.9446023624534,234.0817867902221,0,992
15831,496.1529277998863,229.41289107226012,2,997
