count,mean,std,min,max
10464,500.00038226299694,288.932323570402,0,999
10464,667.8826452599388,234.971167740121,14,999
10464,331.9345374617737,234.479405542665,0,989
10464,500.58725152905197,230.9825557541755,5,995
