count,mean,std,min,max
10001,663.7722227777223,238.47364657829314,5.0,999.0
10001,496.996100389961,288.20479851104704,0.0,999.0
10001,497.75712428757123,230.6202742724268,3.0,997.0
10001,,,,
10001,331.63243675632435,236.37221724168757,0.0,993.0
