count,mean,std,min,max
19775,498.324399494311,287.3690374562683,0,999
19775,666.9448798988622,235.02476320650482,4,999
19775,331.19534766118835,234.59508577945877,0,994
19775,499.5514032869785,229.83779724472194,3,994
