count,mean,std,min,max
16417,663.8272522385332,235.10707896072748,3.0,999.0
16417,497.81519156971433,287.87078527748895,0.0,999.0
16417,499.41944326003534,228.8646912217321,0.0,998.0
16417,,,,
16417,332.04294329049156,234.60284899099045,0.0,994.0
