count,mean,std,min,max
14363,662.4868063774977,236.40375628850342,9.0,999.0
14363,496.5920072408271,288.915641111321,0.0,999.0
14363,496.82357446215974,229.54119380427298,1.0,997.0
14363,,,,
14363,332.63204066002925,234.9542892926581,0.0,989.0
