count,mean,std,min,max
13376,501.33328349282294,291.8047331000697,0,999
13376,667.0761812200957,236.92204062977075,3,999
13376,336.2068630382775,237.6073796975319,0,996
13376,501.2255532296651,231.23260910706375,2,998
