count,mean,std,min,max
15139,503.0444547195984,287.2486930717375,0,999
15139,666.4520113613845,234.99595461309468,4,999
15139,333.5339850716692,235.36544437851614,0,994
15139,499.15166127221084,229.86345700037757,4,995
