count,mean,std,min,max
13328,501.12447478991595,288.69431338415717,0,999
13328,664.6210984393757,236.5798480485451,7,999
13328,334.4522809123649,235.986192982464,0,991
13328,500.13655462184875,231.55354490110562,3,995
