count,mean,std,min,max
15008,498.32182835820896,288.9785684415484,0,999
15008,664.2959754797441,236.6672735421831,9,999
15008,330.5876199360341,234.5345310263257,0,988
15008,498.2723880597015,229.9426133103214,4,996
