count,mean,std,min,max
16283,500.6673217466069,289.48668242245117,0,999
16283,667.1458576429405,235.56541140517896,4,999
16283,334.69802861880487,237.14454573832828,0,994
16283,500.11730025179634,229.75996350037647,3,999
