count,mean,std,min,max
17906,499.6089020440076,288.25049185815016,0,999
17906,665.8198927733721,234.681559234761,2,999
17906,335.0983469228192,237.5288000364389,0,997
17906,501.3093376521836,229.80926680791782,0,998
