count,mean,std,min,max
17033,500.5199906064698,288.8307358213393,0,999
17033,668.5194035108319,234.9255855713805,11,999
17033,334.60964011037396,235.47620089301287,0,996
17033,500.84166030646395,229.48092936984702,2,997
