count,mean,std,min,max
10984,669.5100145666424,234.25942535236572,7.0,999.0
10984,500.2030225782957,290.08482548781967,0.0,999.0
10984,501.50109249817916,230.8527635766129,4.0,998.0
10984,,,,
10984,332.15294974508373,236.11309554003606,0.0,994.0
