count,mean,std,min,max
15627,665.8026492608946,237.13811953476744,6.0,999.0
15627,497.9795226211045,289.63738075157727,0.0,999.0
15627,497.8783515709989,230.9872660911667,2.0,998.0
15627,,,,
15627,332.07960581045626,235.77766148501462,0.0,994.0
