count,mean,std,min,max
17250,499.3007536231884,289.1871850467407,0,999
17250,664.572,236.64123719080848,13,999
17250,331.2192463768116,234.21571078250787,0,989
17250,498.50063768115945,229.62876503428743,2,993
