count,mean,std,min,max
11105,500.45646105357946,287.9020105021833,0,999
11105,665.6244934714093,234.26365724864095,8,999
11105,336.972985141828,237.19771523881116,0,976
11105,501.6425934263845,229.63068536644076,2,995
