count,mean,std,min,max
19774,668.3527864873066,236.42067848534128,5.0,999.0
19774,502.6845858197633,288.97786827522435,0.0,999.0
19774,501.6130777789016,229.82619286918845,3.0,999.0
19774,,,,
19774,333.2665621523212,236.57281737115238,0.0,994.0
