count,mean,std,min,max
16796,499.5113122171946,288.26891583846304,0,999
16796,665.5316742081448,237.23935857458662,6,999
16796,331.377411288402,236.20009488198596,0,998
16796,499.4102762562515,230.1229273715966,4,998
