count,mean,std,min,max
17332,666.0288483729518,235.71219569643637,4.0,999.0
17332,496.45707362104775,287.9854112346644,0.0,999.0
17332,498.7904454188784,229.31779356832772,3.0,995.0
17332,,,,
17332,331.0455804292638,235.73094496461258,0.0,993.0
