count,mean,std,min,max
12483,500.21901786429544,288.94640023435625,0,999
12483,666.8702235039653,236.13996413143775,12,999
12483,334.0054474084755,235.96438427206496,0,993
12483,499.47152126892576,229.37334718907948,4,994
