count,mean,std,min,max
11517,498.164886689242,288.7419965886009,0,999
11517,667.7241469132587,237.18250576262008,9,999
11517,331.67673873404533,235.93047731616426,0,997
11517,501.190674654858,231.88258362276835,1,997
