count,mean,std,min,max
16942,496.59491205288634,288.5700324864297,0,999
16942,664.8414590957384,235.08631520198972,5,999
16942,330.2320269153583,235.1451529483245,0,990
16942,497.19619879589186,227.97114258872423,1,996
