count,mean,std,min,max
14609,503.3274693681977,289.04494715352274,0,999
14609,667.6340611951537,235.0034355291668,6,999
14609,337.8550208775412,236.81799335192935,0,994
14609,503.26962831131493,230.10419162090744,2,996
