count,mean,std,min,max
17732,500.07376494473266,288.2253890291847,0,999
17732,666.2475186104218,234.34501671995358,12,999
17732,331.73815700428605,234.69153425705412,0,986
17732,500.27470110534625,229.42044089907182,1,993
