count,mean,std,min,max
16740,502.52514934289127,290.1059776170188,0,999
16740,666.8637395459976,236.95089953079355,9,999
16740,335.89199522102746,238.6265293520928,0,998
16740,500.51648745519714,232.51569723849045,5,998
