count,mean,std,min,max
15982,501.1713803028407,288.653122001709,0,999
15982,664.7624202227506,236.236066389611,3,999
15982,335.97215617569765,236.5534212274116,0,986
15982,501.5733950694531,229.6334421753946,3,996
