count,mean,std,min,max
19780,501.8659251769464,290.37618559187,0,999
19780,669.212891809909,236.0406605075518,6,999
19780,331.71415571284126,235.20170717409042,0,991
19780,500.97912032355913,230.42090099683583,4,998
