count,mean,std,min,max
17648,501.0693563009973,288.8969334455468,0,999
17648,667.8062669990934,235.58711692242733,6,999
17648,332.9435063463282,234.5890661527018,0,994
17648,500.3117067089755,228.2542315863163,6,999
