count,mean,std,min,max
11900,504.29126050420166,288.7438167671212,0,999
11900,668.1157142857143,235.7361605941423,4,999
11900,335.43882352941176,235.8980577356666,0,989
11900,501.8218487394958,229.43026669230977,2,996
