count,mean,std,min,max
17328,665.461853647276,235.56333396111725,0.0,999.0
17328,494.56538550323177,289.6361865488545,0.0,999.0
17328,496.1601454293629,229.4321699276376,0.0,997.0
17328,,,,
17328,328.1834025854109,234.95517281826722,0.0,992.0
