count,mean,std,min,max
18917,498.52962943384256,289.81434861525605,0,999
18917,666.4101073108844,236.22076643739868,8,999
18917,333.2497753343553,236.32574495707632,0,984
18917,499.7121636623143,230.54926986395643,2,997
