count,mean,std,min,max
11308,496.94738238415283,285.7620078875054,0,999
11308,661.9117438981252,236.71909987856228,4,999
11308,333.2722851078882,234.21179479538318,0,995
11308,497.46117792713125,227.89230875945327,3,997
