count,mean,std,min,max
19701,500.40058880259886,289.30446931764806,0,999
19701,665.1875031724278,236.07232021939933,0,999
19701,332.6857519922847,235.31564992801663,0,996
19701,498.5779909649256,230.10681975621432,0,997
