count,mean,std,min,max
17855,495.8730887706525,290.0067027978876,0,999
17855,667.1535144217306,235.99121699449285,7,999
17855,332.9180061607393,236.56512072521122,0,997
17855,500.1894147297676,230.51031553348145,3,997
