count,mean,std,min,max
10970,500.19781221513216,287.7296856868965,0,999
10970,666.8813126709207,235.80835795605438,5,999
10970,333.4331814038286,234.5100904944418,0,991
10970,501.87657247037373,229.24748706846538,5,996
