count,mean,std,min,max
11795,498.68155998304366,287.587346618071,0,999
11795,666.7465027554048,235.5895743010546,8,999
11795,330.2568037303942,235.4526316736342,0,995
11795,498.27494701144553,229.93421863585553,1,997
