count,mean,std,min,max
18227,496.35661381467054,287.9340579503626,0,999
18227,663.4628847314424,235.48502163709725,2,999
18227,331.6077248038624,234.83104647859244,0,992
18227,497.6130465792506,229.9656680536233,2,997
