count,mean,std,min,max
15432,498.5230041472265,290.07439082974963,0,999
15432,665.3566614826335,238.30134576547437,12,999
15432,332.38258164852255,235.456512981501,0,987
15432,498.7562856402281,230.69710739832163,6,997
