count,mean,std,min,max
16621,669.4275916009867,234.78383868770538,5.0,999.0
16621,501.41297154202516,289.3690856179908,0.0,999.0
16621,500.782985379941,229.4350499197204,0.0,997.0
16621,,,,
16621,331.3102099753324,234.69901642895178,0.0,997.0
