count,mean,std,min,max
13844,664.2258017913898,236.76162921923833,2.0,999.0
13844,500.0610372724646,288.7143383773638,0.0,999.0
13844,496.40508523548107,229.51076654164825,1.0,995.0
13844,,,,
13844,331.2534672060098,233.59626871631775,0.0,993.0
