count,mean,std,min,max
12592,500.6320679796696,287.9215308171742,0,999
12592,663.8055908513342,234.73484434921102,5,999
12592,335.81154701397713,235.92341044362468,0,992
12592,498.2935991105464,229.24228463063008,3,995
