count,mean,std,min,max
11008,663.8041424418604,235.9511219044407,1.0,999.0
11008,499.31958575581393,288.84333916427676,0.0,999.0
11008,497.6314498546512,230.82991586519316,1.0,995.0
11008,,,,
11008,332.6950399709302,237.6935887677466,0.0,991.0
