count,mean,std,min,max
13847,666.7120675958691,234.27529652342164,12.0,999.0
13847,501.3369682963819,289.71672095086524,0.0,999.0
13847,497.1213259189716,230.61269248906183,4.0,997.0
13847,,,,
13847,330.8752076262006,236.30957900246992,0.0,994.0
