count,mean,std,min,max
16148,666.6000123854348,235.46630669094122,3.0,999.0
16148,499.42469655684914,287.8412044062626,0.0,999.0
16148,498.816757493188,229.94403270597536,3.0,994.0
16148,,,,
16148,331.45807530344314,234.7767187655186,0.0,989.0
