count,mean,std,min,max
18460,664.8374322860238,235.99448899733702,11.0,999.0
18460,497.0521668472373,289.72973266345485,0.0,999.0
18460,497.66565547128926,230.66348600086354,3.0,999.0
18460,,,,
18460,332.1114842903575,235.44361695303357,0.0,997.0
