count,mean,std,min,max
19391,499.9880872569749,288.6770033916218,0,999
19391,665.9513691918931,235.5118248763386,1,999
19391,331.200092826569,234.898673868192,0,999
19391,497.97122376360164,229.24843481590455,1,999
