count,mean,std,min,max
19716,498.3971393791844,287.0477084627899,0,999
19716,664.8931324812335,233.21817534922164,7,999
19716,330.73082775410836,234.49628019967872,0,994
19716,497.98021911138164,228.65399264676597,5,995
