count,mean,std,min,max
18662,664.7188404243918,236.12981906228802,6.0,999.0
18662,498.4408959382703,287.13887143431174,0.0,999.0
18662,498.2538313149716,229.29198959917863,1.0,995.0
18662,,,,
18662,332.0644089593827,235.2045780512685,0.0,988.0
