count,mean,std,min,max
16537,501.6135332889883,289.1191304963539,0,999
16537,665.3289593033803,235.34117562425396,2,999
16537,336.85632218661186,236.56326288690065,0,990
16537,500.5854749954647,230.54669643061158,1,997
