count,mean,std,min,max
13658,500.28137355396103,287.5960826397972,0,999
13658,666.6813589105286,235.90964492314822,6,999
13658,331.9524820617953,233.34388849523896,0,990
13658,501.8377507687802,229.32687337860443,1,996
