count,mean,std,min,max
11105,500.45646105357946,287.9020105021837,0,999
11105,665.6244934714093,234.26365724864075,8,999
11105,336.972985141828,237.1977152388111,0,976
11105,501.6425934263845,229.630685366441,2,995
