count,mean,std,min,max
12231,499.04938271604937,289.40947773557065,0,999
12231,662.8853732319516,237.58312902330886,10,999
12231,331.65530210121824,235.67723031531324,0,991
12231,497.8304308723735,229.17470694927152,3,998
