count,mean,std,min,max
15519,496.5856691797152,288.202278191175,0,999
15519,666.4430053482828,234.57749067740102,4,999
15519,331.01301630259684,235.2586968110408,0,993
15519,497.88246665377926,229.56563174159066,1,999
