count,mean,std,min,max
12000,501.4365833333333,288.61118108303947,0,999
12000,668.4864166666666,233.91544309508345,15,999
12000,333.1385,236.68788783424813,0,997
12000,499.514,229.49723539167306,7,999
