count,mean,std,min,max
13830,500.53702096890817,288.60281675234916,0,999
13830,666.3552422270427,236.2282380226591,6,999
13830,335.30636297903106,236.05752146738072,0,985
13830,500.1545914678236,231.4434337339123,3,996
