count,mean,std,min,max
11850,497.5352742616034,289.34957307243013,0,999
11850,666.4143459915612,235.67908062785088,13,999
11850,334.9607594936709,236.4924611312735,0,993
11850,502.19071729957807,228.56452481031246,0,997
