count,mean,std,min,max
16880,667.6280805687204,235.02482244583743,12.0,999.0
16880,499.76018957345974,289.0987119370119,0.0,999.0
16880,499.6038507109005,229.2160844845735,2.0,996.0
16880,,,,
16880,332.56611374407584,235.22863521500108,0.0,989.0
