count,mean,std,min,max
10880,665.3121323529411,237.95943037523597,4.0,999.0
10880,494.85625,288.53243014954774,0.0,999.0
10880,497.55863970588234,230.66126193591825,2.0,996.0
10880,,,,
10880,331.94742647058825,236.60194187218212,0.0,985.0
