count,mean,std,min,max
14762,668.3263107979949,232.5661709224327,2.0,999.0
14762,502.45081967213116,288.4362081324936,0.0,999.0
14762,501.9809646389378,228.54333699120295,1.0,999.0
14762,,,,
14762,334.9991871020187,236.81278062831552,0.0,998.0
