count,mean,std,min,max
13396,661.3538369662585,237.79292323811083,5.0,999.0
13396,496.23805613616,288.20509523544223,0.0,999.0
13396,495.5921916990146,229.15277347304493,2.0,997.0
13396,,,,
13396,330.2310391161541,234.39162010194747,0.0,984.0
