count,mean,std,min,max
12720,497.62908805031446,288.13669160585107,0,999
12720,667.7941037735849,234.67888972917416,9,999
12720,331.63977987421384,236.04401443177295,0,993
12720,501.65526729559747,230.06097246885062,0,994
