count,mean,std,min,max
11031,664.1624512736832,236.6825993723064,6.0,999.0
11031,500.2657963919862,288.72453040779214,0.0,999.0
11031,498.87671108693684,230.72740198736764,0.0,998.0
11031,,,,
11031,335.1182123107606,234.85114358246113,0.0,995.0
