count,mean,std,min,max
15523,499.2415770147523,289.806951158816,0,999
15523,667.5516330606197,234.70800592597612,7,999
15523,333.4101655607808,236.53774099894503,0,995
15523,499.60916060039943,230.2574968763442,0,999
