count,mean,std,min,max
14823,500.08041557039735,287.5476798822822,0,999
14823,666.65013829859,235.7861441282484,5,999
14823,329.8081360048573,234.27311514558397,0,995
14823,499.389057545706,230.12719715966503,3,997
