count,mean,std,min,max
18773,500.5271933095403,288.3179077446676,0,999
18773,666.8123368667767,235.24126711444777,2,999
18773,333.3732488147872,234.9096617922807,0,994
18773,500.29526447557663,229.0340084970147,2,994
