count,mean,std,min,max
19033,665.0577418168444,235.79104756923044,4.0,999.0
19033,497.77092418431147,289.18611324401746,0.0,999.0
19033,499.04313560657806,229.07640825479808,3.0,998.0
19033,,,,
19033,332.8612410024694,236.21690644038634,0.0,997.0
