count,mean,std,min,max
10144,503.0157728706625,288.6922345640399,0,999
10144,667.0769913249211,234.26396885857386,11,999
10144,333.4884660883281,235.85674400418168,0,997
10144,499.23718454258676,230.6054287767877,2,997
