count,mean,std,min,max
13449,495.3470146479292,290.03529568931054,0,999
13449,664.0673656033906,239.11631678145167,9,999
13449,333.6457729199197,236.12128396711864,0,987
13449,499.384415198156,231.1467941915004,8,998
