count,mean,std,min,max
18925,500.44031704095113,286.92246614152253,0,999
18925,666.2175429326288,234.07910939120373,10,999
18925,334.384570673712,235.61915887887437,0,992
18925,499.9867899603699,230.0541200579733,5,997
