count,mean,std,min,max
17709,496.3671014738269,289.68688751539605,0,999
17709,664.1797955841663,236.97967499678126,4,999
17709,332.4760856061889,236.018405585548,0,992
17709,497.91953244113165,231.5360670042426,2,996
