count,mean,std,min,max
10165,498.70654205607474,290.84949768652086,0,999
10165,667.8502705361535,236.37430381184427,9,999
10165,335.278209542548,236.92754560774674,0,988
10165,503.1085095917363,230.53838253085956,7,997
