count,mean,std,min,max
15062,493.5651971849688,289.60985131170065,0,999
15062,660.8265834550524,237.9545623625494,12,999
15062,327.8794316823795,235.23829996042605,0,991
15062,495.2438587173018,230.17184529918177,4,996
