count,mean,std,min,max
17326,498.4820500981184,285.456133699256,0,999
17326,663.5094655431144,234.74725199714499,2,999
17326,331.8019161953134,233.18451607754585,0,991
17326,498.91723421447534,228.99319123999763,2,997
