count,mean,std,min,max
15712,664.1573956211813,237.4962179747881,4.0,999.0
15712,497.77297606924645,289.89166834847987,0.0,999.0
15712,497.9126782077393,230.50085304824225,4.0,996.0
15712,,,,
15712,332.2340885947047,235.39756949229195,0.0,987.0
