count,mean,std,min,max
14435,667.5804641496363,234.93252922073853,14.0,999.0
14435,498.7981295462418,288.36046332118843,0.0,999.0
14435,498.48888119154833,229.3611874616162,5.0,998.0
14435,,,,
14435,330.80457222029787,234.02338167111512,0.0,996.0
