count,mean,std,min,max
17959,500.13736845035913,289.21259837401425,0,999
17959,665.6956957514338,236.23955206380998,8,999
17959,332.7298290550699,237.2948654409495,0,994
17959,500.32880449913694,229.16040987027367,1,998
