count,mean,std,min,max
15982,664.7624202227506,236.23606638961118,3.0,999.0
15982,501.1713803028407,288.6531220017088,0.0,999.0
15982,501.5733950694531,229.63344217539546,3.0,996.0
15982,,,,
15982,335.97215617569765,236.55342122741104,0.0,986.0
