count,mean,std,min,max
12872,503.1254661280298,288.46852083443696,0,999
12872,667.189014916097,234.32667481780976,8,999
12872,334.38774083281544,234.3640639545097,0,991
12872,498.5375233064015,227.92761546737972,1,999
