count,mean,std,min,max
13677,501.3732543686481,289.81302374936587,0,999
13677,667.6541639248373,235.81458177625439,4,999
13677,334.76149740440155,235.89374674765244,0,990
13677,502.38846238210135,229.2715975020222,3,999
