count,mean,std,min,max
19777,664.4981038580169,237.3498544066919,7.0,999.0
19777,497.83116751782376,289.4756283782402,0.0,999.0
19777,499.166658239369,230.18970985467516,2.0,998.0
19777,,,,
19777,332.3570308944734,235.73559732230854,0.0,995.0
