count,mean,std,min,max
16494,664.6587243846247,237.45579578986144,13.0,999.0
16494,501.81356857038924,289.6054110475273,0.0,999.0
16494,499.24087546986783,231.27657770146897,2.0,997.0
16494,,,,
16494,334.06499333090824,236.74333579004167,0.0,995.0
