count,mean,std,min,max
12962,667.6221262150902,236.69797120242674,5.0,999.0
12962,500.6321555315538,288.5819762003501,0.0,999.0
12962,498.2500385742941,229.70739961845038,4.0,994.0
12962,,,,
12962,331.95764542508874,234.06196135865468,0.0,990.0
