count,mean,std,min,max
19223,667.0155542839307,234.65114940267378,6.0,999.0
19223,502.26379857462416,287.1217649019671,0.0,999.0
19223,499.95188055974614,228.9637368767683,2.0,996.0
19223,,,,
19223,333.8352494407741,234.84091774060437,0.0,991.0
