count,mean,std,min,max
15008,664.2959754797441,236.667273542183,9.0,999.0
15008,498.32182835820896,288.9785684415481,0.0,999.0
15008,498.2723880597015,229.94261331032092,4.0,996.0
15008,,,,
15008,330.5876199360341,234.53453102632594,0.0,988.0
