count,mean,std,min,max
15114,666.8240703983062,234.96714339040855,13.0,999.0
15114,498.0573640333466,288.48063982135096,0.0,999.0
15114,499.6804287415641,230.4553914591254,0.0,998.0
15114,,,,
15114,333.6922720656345,236.97392002442987,0.0,989.0
