count,mean,std,min,max
18528,500.5527310017271,288.7886643709814,0,999
18528,665.9147236614854,237.35211072374693,5,999
18528,332.98348445595855,236.46801197164714,0,999
18528,498.9083549222798,230.5133719743081,0,999
