count,mean,std,min,max
12213,501.8255137967739,289.50894066564507,0,999
12213,666.9806763285025,235.59847263482467,6,999
12213,334.1705559649554,236.42003232502617,0,996
12213,502.59174649963154,228.7776352511202,3,996
