count,mean,std,min,max
14013,501.26482551916075,289.88456784928974,0,999
14013,662.1669877970456,237.86801486457742,6,999
14013,331.9117961892528,237.29073972633108,0,996
14013,498.3882109469778,231.07153213683168,5,998
