count,mean,std,min,max
16476,502.5711944646759,288.5545404629493,0,999
16476,665.8845593590677,236.56291555438946,1,999
16476,335.4214008254431,236.05156726987727,0,992
16476,499.99514445253703,229.67457661843935,0,998
