count,mean,std,min,max
12913,496.5879346395106,288.2718463603099,0,999
12913,664.3097653527453,237.45778907136108,4,999
12913,333.09935723689307,235.42940439786202,0,991
12913,496.21652598156896,230.31347916021045,4,996
