count,mean,std,min,max
19972,666.6254756659323,236.16211384708447,7.0,999.0
19972,500.60529741638294,288.08005840747114,0.0,999.0
19972,500.9283496895654,229.65712899651845,2.0,996.0
19972,,,,
19972,333.8432305227318,236.48939192880474,0.0,992.0
