count,mean,std,min,max
10978,500.3961559482602,288.39204652462087,0,999
10978,667.2638003279286,235.54686650810385,5,999
10978,333.9897977773729,237.02448373587274,0,992
10978,501.39305884496264,230.64131647903955,2,992
