count,mean,std,min,max
13626,498.45670042565683,287.192379719668,0,999
13626,667.8427271392925,233.30300272380904,5,999
13626,333.4378394246294,236.46612246061613,0,985
13626,498.60303830911494,228.8821168214683,2,999
