count,mean,std,min,max
16178,497.92248732847077,288.4641534589973,0,999
16178,664.6693658054147,236.32363797966067,9,999
16178,331.35616269007295,235.56088059301948,0,995
16178,498.09568549882556,228.36286949851564,2,996
