count,mean,std,min,max
18278,501.59519641098586,289.52945581824997,0,999
18278,670.0916949338002,235.3564255766155,7,999
18278,333.26895721632565,235.08802473398782,0,997
18278,502.25971112813215,230.17597196087584,4,998
