count,mean,std,min,max
12483,500.21901786429544,288.94640023435625,0,999
12483,666.8702235039653,236.13996413143732,12,999
12483,334.0054474084755,235.964384272065,0,993
12483,499.47152126892576,229.37334718907934,4,994
