count,mean,std,min,max
13869,501.83625351503355,289.02390597335335,0,999
13869,665.43766673877,234.62563651666886,7,999
13869,331.1465859110246,235.54365478730216,0,987
13869,498.5518782897109,229.76991066960477,6,999
