count,mean,std,min,max
14399,501.35814987151883,290.5342581553943,0,999
14399,667.0857698451281,236.6564389830027,13,999
14399,333.167442183485,236.3700839623464,0,993
14399,499.582262657129,229.64386390766143,1,997
