count,mean,std,min,max
15527,497.8780833387003,287.26287828393157,0,999
15527,664.7313711599149,235.7988371974525,18,999
15527,332.0257615766085,233.0019313632919,0,989
15527,498.16487409029435,227.5982986922033,7,996
