count,mean,std,min,max
19891,497.9551053240159,287.78171358891416,0,999
19891,666.8776833743905,233.7797474266544,7,999
19891,332.37635111356894,233.36712410308553,0,988
19891,499.7674827811573,228.17105523675983,3,996
