count,mean,std,min,max
19778,494.68156537566995,289.06244420992056,0,999
19778,665.053594903428,235.2865041813411,12,999
19778,330.17858226312063,235.38055038896712,0,988
19778,496.50409545960156,230.01006704801566,7,998
