count,mean,std,min,max
13868,497.81222959330836,287.40289558761236,0,999
13868,664.3301124891838,235.4444898304507,8,999
13868,333.0245889818287,234.89224142926298,0,993
13868,497.9518315546582,230.28456531296263,0,996
