count,mean,std,min,max
11083,667.4954434719841,235.75093047533673,5.0,999.0
11083,503.239646305152,289.0052095449923,0.0,999.0
11083,502.15050076694035,230.155844536465,0.0,996.0
11083,,,,
11083,335.75457908508525,237.4360538454176,0.0,994.0
