count,mean,std,min,max
10144,503.0157728706625,288.69223456404,0,999
10144,667.0769913249211,234.26396885857355,11,999
10144,333.4884660883281,235.8567440041815,0,997
10144,499.23718454258676,230.60542877678768,2,997
