count,mean,std,min,max
16800,499.5908928571429,288.97765003469243,0,999
16800,664.8398214285714,235.9235807335824,2,999
16800,331.62101190476193,236.8123159371373,0,994
16800,499.75160714285715,230.60696723021124,1,995
