count,mean,std,min,max
14116,501.3327429866818,287.38756147895816,0,999
14116,665.2069991499009,236.6739940614523,5,999
14116,336.00212524794557,237.4250711173062,0,991
14116,499.1166761122131,230.9739941219367,2,996
