count,mean,std,min,max
14363,496.5920072408271,288.9156411113209,0,999
14363,662.4868063774977,236.4037562885039,9,999
14363,332.63204066002925,234.9542892926573,0,989
14363,496.82357446215974,229.54119380427252,1,997
