count,mean,std,min,max
12745,496.4247940368772,287.9421123911599,0,999
12745,667.152373479796,235.57627650841738,16,999
12745,330.9769321302472,234.5682687288458,0,989
12745,499.6035307963907,229.5156219494813,2,994
