count,mean,std,min,max
18215,496.9346692286577,288.16363543498653,0,999
18215,663.5576173483392,236.4297989092426,2,999
18215,333.3519626681307,237.4718445185057,0,990
18215,497.55185286851497,230.42847842774617,1,996
