count,mean,std,min,max
16148,499.42469655684914,287.8412044062629,0,999
16148,666.6000123854348,235.46630669094102,3,999
16148,331.45807530344314,234.776718765519,0,989
16148,498.816757493188,229.94403270597587,3,994
