count,mean,std,min,max
10504,496.55854912414316,287.6396423272859,0,999
10504,663.8521515613099,236.62834883600266,3,999
10504,326.8899466869764,232.74133633089616,0,992
10504,493.48952779893375,228.96292583731582,3,995
