count,mean,std,min,max
10001,496.996100389961,288.2047985110441,0,999
10001,663.7722227777223,238.47364657829337,5,999
10001,331.63243675632435,236.37221724168776,0,993
10001,497.75712428757123,230.620274272427,3,997
