count,mean,std,min,max
18660,502.2707931404073,287.4695951535556,0,999
18660,667.5340300107181,234.14878436114225,0,999
18660,336.11811361200427,234.71433442229352,0,992
18660,501.1639335476956,227.83614635076896,0,998
