count,mean,std,min,max
18464,667.8911395147313,234.25964986694441,8.0,999.0
18464,501.0661286828423,288.64627892202117,0.0,999.0
18464,502.5849220103986,229.6547853106727,3.0,999.0
18464,,,,
18464,336.57176126516464,238.3403816262522,0.0,995.0
