count,mean,std,min,max
10969,495.7565867444617,290.3489616292816,0,999
10969,664.5270307229465,237.90619152520514,7,999
10969,330.18415534688666,234.6444976972974,0,997
10969,498.0303582824323,231.16553475286028,6,997
