count,mean,std,min,max
11109,496.64938338284276,287.6813528860854,0,999
11109,666.1307048339185,233.1521404947103,12,999
11109,335.5915924025565,235.1827226659669,0,997
11109,500.30614816815194,227.74178226784946,2,997
