count,mean,std,min,max
19033,497.77092418431147,289.1861132440183,0,999
19033,665.0577418168444,235.7910475692299,4,999
19033,332.8612410024694,236.21690644038685,0,997
19033,499.04313560657806,229.07640825479834,3,998
