count,mean,std,min,max
15325,666.9047308319739,235.72673564727117,4.0,999.0
15325,500.44574225122346,289.44323823177643,0.0,999.0
15325,499.6110277324633,231.86268207067604,4.0,995.0
15325,,,,
15325,331.9284828711256,237.17218726482906,0.0,995.0
