count,mean,std,min,max
17866,497.82962050822795,289.29121983234575,0,999
17866,663.023620284339,236.6857704511922,6,999
17866,331.63707601029887,234.03603086875304,0,994
17866,497.4526474868465,228.83697877958946,4,996
