count,mean,std,min,max
14534,503.25581395348837,289.29015201255964,0,999
14534,667.5996284574102,235.1246297133333,11,999
14534,336.5963946607954,237.62850307533338,0,993
14534,501.54699325719,230.9682409231141,4,999
