count,mean,std,min,max
17780,501.9800337457818,289.8066293938616,0,999
17780,667.312879640045,236.20660081423043,10,999
17780,333.69955005624297,235.3902500728774,0,991
17780,500.366366704162,230.15879715962672,0,995
