count,mean,std,min,max
10060,498.07972166998013,289.0722575117692,0,999
10060,664.9834990059642,236.8068960998492,4,999
10060,332.991550695825,235.94723383622565,0,995
10060,499.0174950298211,232.30737068951368,4,998
