count,mean,std,min,max
15837,667.3131906295384,235.87136750032,4.0,999.0
15837,499.11365788975183,288.57085198227946,0.0,999.0
15837,499.7293679358464,229.5648755434716,2.0,998.0
15837,,,,
15837,332.3455199848456,236.46662148963458,0.0,991.0
