count,mean,std,min,max
18203,497.62874251497004,288.4400028813001,0,999
18203,666.2842937977257,235.2884136759194,3,999
18203,330.04070757567433,234.107171909683,0,986
18203,497.6660440586717,227.76264385572904,1,996
