count,mean,std,min,max
16644,501.8981614996395,288.27973806270285,0,999
16644,666.0793679403989,234.52629275996108,11,999
16644,333.943763518385,236.70876933620715,0,991
16644,499.58345349675557,229.8617754299897,3,996
