count,mean,std,min,max
19471,499.69631760053414,287.25051901461205,0,999
19471,665.3125160495096,235.5547277290633,9,999
19471,334.1032304452776,234.17548594616034,0,997
19471,498.9485388526527,228.78006771900453,4,997
