count,mean,std,min,max
15808,500.42282388663966,289.3465647705439,0,999
15808,666.5918522267207,234.19369428882794,4,999
15808,331.0982413967611,236.25864867801894,0,988
15808,497.5376391700405,229.61116782838772,2,995
