count,mean,std,min,max
11091,668.4293571364169,236.72037991864858,8.0,999.0
11091,500.9303038499684,289.70208651164995,0.0,999.0
11091,500.72518258047063,231.8626358594894,5.0,996.0
11091,,,,
11091,332.8317554774141,238.9000885399445,0.0,990.0
