count,mean,std,min,max
19340,497.92559462254394,289.02119283181327,0,999
19340,665.3138572905895,235.45945778129405,9,999
19340,332.7237331954498,237.35182508790842,0,994
19340,498.80734229576007,231.01448669644617,2,996
