count,mean,std,min,max
12343,494.465608036944,289.08727157637867,0,999
12343,663.2979016446569,237.20541413002945,8,999
12343,329.26209187393664,233.5154280200406,0,990
12343,495.46366361500446,230.8239747003721,2,996
