count,mean,std,min,max
17448,501.55565107748737,288.1298400387281,0,999
17448,668.5048716185236,234.16941012324492,9,999
17448,335.75028656579553,237.19075047739284,0,988
17448,502.6581843191197,229.81451890046887,1,995
