count,mean,std,min,max
16928,501.4470108695652,286.92397891047716,0,999
16928,667.6951205103969,233.54731185107468,1,999
16928,333.8485940453686,233.20071673654465,0,989
16928,501.7717982041588,227.1443966202126,1,997
