count,mean,std,min,max
17727,665.6923337282112,235.67391133714014,9.0,999.0
17727,502.79432504089806,287.8259555136224,0.0,999.0
17727,502.33654876741696,228.76915210506752,2.0,998.0
17727,,,,
17727,337.1097196367124,236.21419798847515,0.0,996.0
