count,mean,std,min,max
11169,492.547228937237,287.697021898197,0,999
11169,664.847524397887,234.40501122737822,12,999
11169,329.48759960605247,234.52781551688776,0,993
11169,497.5371116483123,229.13431181265432,4,998
