count,mean,std,min,max
18998,668.0122644488894,234.8172877185264,0.0,999.0
18998,498.24702600273713,287.67251063511566,0.0,999.0
18998,499.50573744604696,229.37180976194924,0.0,999.0
18998,,,,
18998,332.41188546162755,234.41899967888062,0.0,992.0
