count,mean,std,min,max
19125,500.6959477124183,289.56477295350896,0,999
19125,664.135477124183,237.72362780293952,6,999
19125,332.53563398692813,235.66364602102237,0,992
19125,498.4344575163399,231.86602971512517,2,999
