count,mean,std,min,max
11689,501.84523911369666,290.8583339313374,0,999
11689,671.1254170587732,234.65763141594468,2,999
11689,336.0469672341518,238.29101049414965,0,990
11689,503.5472666609633,229.6008041631064,1,998
