count,mean,std,min,max
18351,667.6149528636041,236.77344616667352,2.0,999.0
18351,499.0427769603836,288.69035686741154,0.0,999.0
18351,500.1495286360416,230.9106556278323,2.0,997.0
18351,,,,
18351,331.70759086698274,235.67586604972632,0.0,997.0
