count,mean,std,min,max
12469,493.0251022535889,290.77308468561887,0,999
12469,661.49322319352,235.57908205989764,8,999
12469,327.0891009704066,234.25655581776476,0,989
12469,494.562354639506,228.0241146315152,3,993
