count,mean,std,min,max
18214,666.9150104315362,236.00505017039964,5.0,999.0
18214,501.64285714285717,289.51469737272896,0.0,999.0
18214,501.1938618644998,230.2493178981479,2.0,994.0
18214,,,,
18214,332.86224881958935,235.58182254241933,0.0,993.0
