count,mean,std,min,max
13944,500.5227337923121,288.64461918916817,0,999
13944,663.9036144578313,235.56065998503422,4,999
13944,333.9108577165806,235.78426348097807,0,996
13944,498.42670682730926,229.93506860376993,0,996
