count,mean,std,min,max
10781,501.7011408960208,286.8744899997434,0,999
10781,667.8515907615249,233.46778560465438,2,999
10781,332.8136536499397,235.0650872305601,0,995
10781,499.5773119376681,228.2790904087738,1,995
