count,mean,std,min,max
12776,494.3531621790858,288.9130445001882,0,999
12776,663.415623043206,235.81573439943247,7,999
12776,329.0396837820914,233.25791724895586,0,995
12776,496.9353475266124,228.16485793187556,2,998
