count,mean,std,min,max
19985,499.22932199149363,289.2153341516868,0,999
19985,667.2293720290218,235.80508467439338,7,999
19985,332.25308981736305,236.01817717614952,0,993
19985,499.0358268701526,230.4590061164844,1,999
