count,mean,std,min,max
12855,502.7871645274212,288.838215405902,0,999
12855,668.1144301828083,236.34741168435892,3,999
12855,334.9765071956437,236.6102568321597,0,995
12855,502.17386231038506,230.3302393749246,3,995
