count,mean,std,min,max
11624,498.7241913282863,291.52236090943757,0,999
11624,666.1728320715761,235.86960763144756,8,999
11624,330.4875258086717,236.23899724850529,0,998
11624,498.5211631108052,230.60872146051153,5,998
