count,mean,std,min,max
14282,500.41079680716985,286.27131867909105,0,999
14282,665.5116230219858,236.73117324067647,4,999
14282,333.65530037809833,233.86031757642957,0,997
14282,498.7134855062316,230.67364799714096,1,997
