count,mean,std,min,max
19179,667.4622764481985,235.2776190098311,5.0,999.0
19179,501.64096146827256,289.5479146398479,0.0,999.0
19179,498.89243443349494,229.40189353295258,2.0,996.0
19179,,,,
19179,333.87481099118827,234.83507285177367,0.0,996.0
