count,mean,std,min,max
19760,495.5245951417004,289.4383510158166,0,999
19760,664.8744433198381,235.92824464437612,6,999
19760,333.99605263157895,236.01148769414743,0,993
19760,498.1387145748988,230.52391987528154,1,996
