count,mean,std,min,max
11069,667.907579727166,237.0921744251787,6.0,999.0
11069,502.7661035323878,289.27783970386224,0.0,999.0
11069,500.2113108681904,228.65555004404527,6.0,999.0
11069,,,,
11069,333.399765109766,234.38428247646738,0.0,990.0
