count,mean,std,min,max
18227,663.4628847314424,235.48502163709804,2.0,999.0
18227,496.35661381467054,287.9340579503623,0.0,999.0
18227,497.6130465792506,229.96566805362363,2.0,997.0
18227,,,,
18227,331.6077248038624,234.8310464785925,0.0,992.0
