count,mean,std,min,max
15005,497.39060313228924,289.2122082335018,0,999
15005,665.797334221926,236.96990410198626,2,999
15005,331.56054648450515,235.86424859347386,0,986
15005,499.2239920026658,230.17464799416436,2,997
