count,mean,std,min,max
10395,496.9020683020683,288.50971711517775,0,999
10395,665.569696969697,235.89997494122397,8,999
10395,330.18220298220297,237.2323045815524,0,991
10395,498.3978835978836,230.82719008607378,2,995
