count,mean,std,min,max
15785,499.9604687994932,287.22597039124133,0,999
15785,665.7254355400697,235.29409082301885,9,999
15785,334.1296167247387,234.96811081961783,0,993
15785,498.3652834969908,230.17322249280326,1,996
