count,mean,std,min,max
11062,500.0056047730971,287.20666960436205,0,999
11062,663.3657566443682,236.13566037200653,2,999
11062,331.9935816308082,234.3168258569876,0,994
11062,497.777526667872,229.07859081076163,1,999
