count,mean,std,min,max
13042,497.43060880233094,288.2242899079113,0,999
13042,663.8659714767674,237.51551807501517,4,999
13042,331.6342585493023,234.6257822163714,0,990
13042,497.9656494402699,231.22355034955027,2,996
