count,mean,std,min,max
15242,500.142369767747,288.48704559794317,0,999
15242,664.8446398110484,236.32257911726222,6,999
15242,331.2917596115995,235.40065305592668,0,997
15242,496.95217163101955,229.24695448264055,3,997
