count,mean,std,min,max
11210,501.578501338091,287.85244331277926,0,999
11210,665.5636931311329,236.0332281881364,11,999
11210,333.7048171275647,235.10475021931597,0,989
11210,500.61578947368423,230.31585564816444,4,995
