count,mean,std,min,max
14427,496.8646981354405,290.19437735023837,0,999
14427,667.5351077840161,236.1798016814743,7,999
14427,330.4025784986484,235.6055343655095,0,988
14427,498.0844943508699,230.6471311910753,5,995
