count,mean,std,min,max
12811,502.95511669658885,288.4947858575381,0,999
12811,666.6767621575209,235.72361898832602,14,999
12811,337.4408711263758,236.68988065937222,0,993
12811,502.5033955194755,230.6358678954731,2,998
