count,mean,std,min,max
10929,505.8987098545155,287.5738362236092,0,999
10929,668.344130295544,233.23128565159217,11,999
10929,336.8816909140818,236.15829074877016,0,988
10929,504.39225912709304,229.55939068780816,5,996
