count,mean,std,min,max
17814,667.7961154148422,235.0561326075205,7.0,999.0
17814,500.99842820253735,287.447752479747,0.0,999.0
17814,498.28724598630293,228.88899435670484,4.0,997.0
17814,,,,
17814,332.07763556753116,234.5218601119657,0.0,991.0
