count,mean,std,min,max
12811,502.95511669658885,288.4947858575382,0,999
12811,666.6767621575209,235.7236189883259,14,999
12811,337.4408711263758,236.68988065937242,0,993
12811,502.5033955194755,230.63586789547253,2,998
