count,mean,std,min,max
14042,498.6436405070503,286.8788748552167,0,999
14042,667.7805868109956,233.98229248430013,2,999
14042,332.44587665574704,235.06387450121812,0,989
14042,501.1932773109244,228.90666667900825,1,994
