count,mean,std,min,max
10993,498.2567088147003,289.21804013984456,0,999
10993,664.9939961793868,235.4596942433039,6,999
10993,331.5665423451287,235.36049952286157,0,995
10993,497.5840080050942,228.52830581811736,5,998
