count,mean,std,min,max
16019,497.9689743429677,288.27693271416683,0,999
16019,665.0731006929271,234.6038344388639,6,999
16019,332.15494100755353,234.54043009629916,0,991
16019,498.64785567139023,228.1432385151369,3,998
