count,mean,std,min,max
19653,495.2480537322546,287.39066237789575,0,999
19653,664.0273240726607,236.1787710254985,7,999
19653,331.1648603266677,235.47209875980792,0,997
19653,496.50038162112656,229.21842967417967,4,997
