count,mean,std,min,max
17300,497.74549132947976,287.0041636108383,0,999
17300,663.9822543352601,234.20872135882172,7,999
17300,333.4542774566474,235.94320297594732,0,991
17300,498.2126589595376,229.64482923407382,4,994
