count,mean,std,min,max
12013,502.7782402397403,288.7562975993135,0,999
12013,666.7855656372263,235.44272839992402,12,999
12013,333.0599350703405,236.7323879694441,0,991
12013,501.07633397153086,230.095861858707,3,995
