count,mean,std,min,max
17676,496.678716904277,288.66150636670505,0,999
17676,664.6055668703326,235.5724869463032,2,999
17676,332.8069699026929,236.10907715666957,0,995
17676,497.2098891151844,230.57956562867756,2,999
