count,mean,std,min,max
19649,500.1103872970635,289.1596787366846,0,999
19649,665.8378034505573,236.3958906263566,5,999
19649,332.64064328973484,236.56647812827606,0,993
19649,498.9836123975775,230.83410492052974,2,996
