count,mean,std,min,max
11594,498.30041400724514,289.7065602043687,0,999
11594,664.9306537864412,235.93987611210417,7,999
11594,331.1584440227704,235.78032266728445,0,996
11594,496.1264447127825,230.62530120323038,2,997
