count,mean,std,min,max
16376,501.1718368343918,288.6903118389816,0,999
16376,669.2815095261358,235.2141534196469,6,999
16376,332.6284807034685,234.96052326231475,0,996
16376,499.82743038593065,229.1424901962303,4,997
