count,mean,std,min,max
12707,663.4913827024475,236.87555516060897,9.0,999.0
12707,497.9330290391123,288.60696104524976,0.0,999.0
12707,493.85866058078227,229.37539182007166,2.0,998.0
12707,,,,
12707,329.3461871409459,234.7586528089842,0.0,995.0
