count,mean,std,min,max
10033,498.94697498255755,291.6728752683961,0,999
10033,667.245988238812,238.12241134590946,7,999
10033,333.0192365194857,238.8863130923787,0,995
10033,498.53274195155984,232.1717266922611,6,996
