count,mean,std,min,max
14013,501.26482551916075,289.8845678492897,0,999
14013,662.1669877970456,237.86801486457753,6,999
14013,331.9117961892528,237.2907397263305,0,996
14013,498.3882109469778,231.0715321368322,5,998
