count,mean,std,min,max
13958,496.05423413096435,289.2249599329506,0,999
13958,663.4925490757988,239.6010513434952,10,999
13958,329.71629173233987,233.97565634193774,0,989
13958,494.2152170798109,231.41588844780452,1,998
