count,mean,std,min,max
14540,664.9442916093535,236.01205010909737,3.0,999.0
14540,496.2779917469051,289.36907614616223,0.0,999.0
14540,497.07049518569465,229.98361092312925,3.0,994.0
14540,,,,
14540,330.3707702888583,235.00438393842364,0.0,992.0
