count,mean,std,min,max
11991,494.3656909348678,288.66990470432853,0,999
11991,663.7433074806105,236.47392687167533,9,999
11991,331.2240847302143,234.79179051755443,0,989
11991,499.6296388958385,230.64197244157032,3,997
