count,mean,std,min,max
13225,501.7782986767486,290.1936612128973,0,999
13225,668.0351606805293,235.04105918904847,4,999
13225,335.396370510397,237.56088152485668,0,991
13225,503.72960302457466,231.43122500468658,3,999
