count,mean,std,min,max
18163,498.60160766393216,286.71504566694153,0,999
18163,663.7640257666685,234.4038436337518,11,999
18163,333.7969498430876,235.14334043090454,0,995
18163,498.5206738974839,229.34276148535886,1,997
