count,mean,std,min,max
17814,500.99842820253735,287.4477524797475,0,999
17814,667.7961154148422,235.05613260752023,7,999
17814,332.07763556753116,234.5218601119651,0,991
17814,498.28724598630293,228.8889943567046,4,997
