count,mean,std,min,max
10871,497.11286910127865,287.8426133429207,0,999
10871,664.8315702327293,237.27106306790566,6,999
10871,331.1206880691749,234.21879266778262,0,993
10871,496.3047557722381,230.45905617396932,1,997
