count,mean,std,min,max
18397,664.5949339566233,236.1766846389116,4.0,999.0
18397,499.86530412567265,288.5220662718693,0.0,999.0
18397,500.3351089851606,230.55178277521574,3.0,999.0
18397,,,,
18397,335.1803554927434,235.80957016225707,0.0,991.0
