count,mean,std,min,max
15890,668.6191315292637,233.9416742824544,6.0,999.0
15890,499.13020767778477,288.03580932407533,0.0,999.0
15890,500.12724984266833,228.55526550529447,6.0,995.0
15890,,,,
15890,331.4154814348647,234.77840092020224,0.0,989.0
