count,mean,std,min,max
18144,664.5131723985891,235.85115178184944,5.0,999.0
18144,498.7179783950617,288.51427007631736,0.0,999.0
18144,497.22029320987656,230.21943459743656,1.0,997.0
18144,,,,
18144,331.39158950617286,235.30350448910772,0.0,997.0
