count,mean,std,min,max
10080,666.8864087301587,235.8716304013204,4.0,999.0
10080,503.4000992063492,290.3251020621184,0.0,999.0
10080,502.472123015873,229.3504578581672,1.0,998.0
10080,,,,
10080,334.84494047619046,236.50675769910188,0.0,996.0
