count,mean,std,min,max
16795,663.679726108961,235.8357501036671,5.0,999.0
16795,497.54992557308725,287.9208227894418,0.0,999.0
16795,496.8048228639476,229.46790538721385,3.0,991.0
16795,,,,
16795,332.9456981244418,235.55353770319536,0.0,987.0
