count,mean,std,min,max
11169,664.847524397887,234.40501122737822,12.0,999.0
11169,492.547228937237,287.69702189819725,0.0,999.0
11169,497.5371116483123,229.13431181265403,4.0,998.0
11169,,,,
11169,329.48759960605247,234.5278155168871,0.0,993.0
