count,mean,std,min,max
18417,497.02150187326924,290.1553531994442,0,999
18417,666.0148775587772,237.16731304923482,7,999
18417,332.0763425096378,237.09954105549122,0,995
18417,498.6115002443395,231.42310710183003,2,998
