count,mean,std,min,max
13592,494.13846380223663,288.71274331128717,0,999
13592,664.0437021777516,236.63475984766742,10,999
13592,333.247572101236,236.83145225201537,0,995
13592,498.3192319011183,229.05402194124943,3,996
