count,mean,std,min,max
12428,499.1417766334084,289.0136296150909,0,999
12428,664.2720469906662,238.00771640315327,4,999
12428,332.5714515609913,236.23539827537988,0,991
12428,498.9979884132604,231.44861522827213,4,998
