count,mean,std,min,max
13922,663.2600201120529,234.5792922340601,9.0,999.0
13922,495.8824163194943,287.2344676927776,0.0,999.0
13922,499.51709524493606,228.9171974459269,8.0,992.0
13922,,,,
13922,331.58396782071543,235.73107809152444,0.0,988.0
