count,mean,std,min,max
17855,495.8730887706525,290.0067027978873,0,999
17855,667.1535144217306,235.99121699449339,7,999
17855,332.9180061607393,236.56512072521085,0,997
17855,500.1894147297676,230.51031553348182,3,997
