count,mean,std,min,max
10296,667.4740675990676,235.07107521084345,7.0,999.0
10296,504.0740093240093,288.68833740549456,0.0,999.0
10296,502.3583916083916,230.0947207736904,6.0,997.0
10296,,,,
10296,337.7558275058275,239.2167951871204,0.0,987.0
