count,mean,std,min,max
10101,498.2204732204732,287.8776087582536,0,999
10101,667.5667755667756,235.19389519630798,10,999
10101,331.02702702702703,233.20427997822114,0,981
10101,501.6834966834967,228.35369672031018,4,991
