count,mean,std,min,max
16311,664.9862056281038,235.88496841882764,5.0,999.0
16311,495.8637116056649,288.2694108308722,0.0,999.0
16311,495.650665195267,229.8818163946589,2.0,997.0
16311,,,,
16311,329.56802158052847,234.83213309622232,0.0,996.0
