count,mean,std,min,max
16246,500.2924412162994,290.09849248286326,0,999
16246,668.999076695802,235.31080342091371,12,999
16246,333.9743321432968,236.35280402709077,0,988
16246,500.8111535147113,231.30879173216397,5,996
