count,mean,std,min,max
13857,664.2429097207188,235.32640965162335,10.0,999.0
13857,497.00967020278557,287.622327713883,0.0,999.0
13857,498.43746842750954,228.84052968043449,1.0,995.0
13857,,,,
13857,331.6992855596449,235.5768970971877,0.0,995.0
