count,mean,std,min,max
15135,498.66164519326065,288.7819114036991,0,999
15135,665.222860918401,237.13498980341535,10,999
15135,333.2356788899901,235.87152518503595,0,989
15135,498.2451271886356,230.42635951912098,4,994
