count,mean,std,min,max
12734,496.77634678812626,287.4335089571857,0,999
12734,661.5276425318046,236.28603475425203,4,999
12734,330.23134914402385,234.59713876583132,0,993
12734,494.754672530234,228.61989166534434,2,999
