count,mean,std,min,max
13032,498.53583486801716,289.81325444408265,0,999
13032,667.5693677102516,235.24573829420805,8,999
13032,334.9531921424187,237.7007214682141,0,996
13032,503.81944444444446,229.1104939980721,8,997
