count,mean,std,min,max
15785,665.7254355400697,235.2940908230218,9.0,999.0
15785,499.9604687994932,287.22597039124105,0.0,999.0
15785,498.3652834969908,230.17322249280295,1.0,996.0
15785,,,,
15785,334.1296167247387,234.9681108196176,0.0,993.0
