count,mean,std,min,max
12615,499.10574712643677,289.1848116934935,0,999
12615,667.6673801030519,235.29722833243375,4,999
12615,334.3173999207293,237.4087978619595,0,992
12615,498.58755449861275,231.48791286159906,2,998
