count,mean,std,min,max
17321,496.0738987356388,289.4329465806808,0,999
17321,664.020668552624,235.1420582616993,2,999
17321,330.25177530165695,234.5726763156736,0,992
17321,498.71843427053864,229.39564536710654,2,997
