count,mean,std,min,max
13042,497.43060880233094,288.2242899079109,0,999
13042,663.8659714767674,237.51551807501497,4,999
13042,331.6342585493023,234.62578221637156,0,990
13042,497.9656494402699,231.22355034954992,2,996
