count,mean,std,min,max
18230,498.76791003839827,287.37257588074516,0,999
18230,666.3947339550192,234.43199008082212,8,999
18230,333.23428414701044,235.50475301429876,0,987
18230,501.04717498628634,228.7031542831482,2,992
