count,mean,std,min,max
12407,665.2027081486258,235.16319296310252,4.0,999.0
12407,497.0285322801644,287.29609818647924,0.0,999.0
12407,500.4936729265737,228.79990780551216,3.0,995.0
12407,,,,
12407,334.0325622632385,235.83595331521417,0.0,992.0
