count,mean,std,min,max
10821,503.4248221051659,289.8760385983842,0,999
10821,667.6767396728583,236.13252435988306,7,999
10821,335.2679974124388,236.89456517602017,0,991
10821,504.39524997689676,229.0681606614536,3,998
