count,mean,std,min,max
19453,667.0434894360767,235.81790118963715,8.0,999.0
19453,501.1899964015833,289.5427594507334,0.0,999.0
19453,501.76193903253994,229.83303743059705,1.0,998.0
19453,,,,
19453,333.1211638307716,235.58432276943677,0.0,993.0
