count,mean,std,min,max
13313,496.9915120558852,287.45942021840295,0,999
13313,663.9480958461654,236.13228573249282,13,999
13313,329.3523623525877,231.9039846316923,0,989
13313,496.0594907233531,227.82351635337562,4,995
