count,mean,std,min,max
16931,501.75559624357686,288.73380610688736,0,999
16931,666.7762093201819,234.90643561686045,5,999
16931,333.9694642962613,236.05154277281216,0,992
16931,498.7063965507058,229.0088306302411,2,998
