count,mean,std,min,max
14666,495.8038319923633,287.4654461364772,0,999
14666,662.7156688940406,236.53593477044544,4,999
14666,330.68150825037503,234.55478908894113,0,989
14666,497.2052366016637,229.39046914150154,2,997
