count,mean,std,min,max
15864,663.8137922339889,235.89661080756832,9.0,999.0
15864,499.53113968734243,289.40235384618484,0.0,999.0
15864,497.66969238527486,229.54186440571573,3.0,999.0
15864,,,,
15864,332.67624810892585,235.2430611371316,0.0,983.0
