count,mean,std,min,max
10634,498.50047018995673,290.6922885631474,0,999
10634,667.8991912732744,236.0919662486144,3,999
10634,333.9850479593756,236.73293501078595,0,999
10634,500.5973293210457,230.4894007216496,0,999
