count,mean,std,min,max
15224,497.88465580662114,288.736161473347,0,999
15224,667.1751839201261,234.8960070434879,9,999
15224,332.2625459800315,236.49305645079627,0,993
15224,499.7946663163426,229.45317442610022,2,998
