count,mean,std,min,max
15395,501.7836960051965,287.7780689153738,0,999
15395,666.4930821695356,236.20088703654108,9,999
15395,335.62163039948035,235.53672533159715,0,998
15395,499.1809028905489,229.33708080924774,4,998
