count,mean,std,min,max
18370,497.0041916167665,288.525069635214,0,999
18370,664.6516603157322,236.15547449058258,5,999
18370,333.40952640174197,236.25356614583563,0,988
18370,498.2720195971693,230.17052732456625,0,997
