count,mean,std,min,max
14023,663.5480282393211,237.1715376745512,1.0,999.0
14023,498.01889752549386,289.5023639651618,0.0,999.0
14023,496.3702488768452,230.93917007697124,1.0,996.0
14023,,,,
14023,331.473721742851,236.1352069827477,0.0,991.0
