count,mean,std,min,max
15168,498.9585970464135,288.8527827654713,0,999
15168,665.9915611814346,234.8253772441119,5,999
15168,333.3992616033755,235.70474842115607,0,996
15168,498.73839662447256,230.45599860849808,2,996
