count,mean,std,min,max
18243,500.2194814449378,287.75740960771225,0,999
18243,666.19020994354,235.39899505918973,0,999
18243,332.3209998355534,235.60619877792988,0,996
18243,500.148988653182,230.52386927590297,0,997
