count,mean,std,min,max
18945,498.6617049353391,288.6956116573102,0,999
18945,665.3066244391661,236.3782374213114,14,999
18945,333.7522301398786,236.56408798516836,0,987
18945,499.66439693850623,230.6986023687833,1,998
