count,mean,std,min,max
19389,666.7924596420651,236.29728302589976,7.0,999.0
19389,500.6220021661767,287.8775739059358,0.0,999.0
19389,500.5079168600753,230.52512599143571,2.0,998.0
19389,,,,
19389,333.4822321935118,235.22879191008937,0.0,989.0
