count,mean,std,min,max
14781,493.9416142344902,289.60633826734534,0,999
14781,662.7751167038766,234.77005916968804,3,999
14781,328.024693863744,235.28359733812596,0,990
14781,496.43467965631555,229.51622744201705,0,994
