count,mean,std,min,max
10463,668.2843352766893,233.8991941510755,1.0,999.0
10463,502.53397687087835,286.77339034636077,0.0,999.0
10463,503.15444901079996,228.2845718979322,0.0,996.0
10463,,,,
10463,334.40007645990636,235.62268691852148,0.0,995.0
