count,mean,std,min,max
12217,502.30645821396416,290.445204046713,0,999
12217,668.219202750266,234.92359125360687,7,999
12217,332.46116067774415,236.852415270034,0,984
12217,500.6505688794303,230.36090695341971,2,995
