count,mean,std,min,max
14561,501.180619462949,287.9789769030115,0,999
14561,667.6165785316942,234.89894138106837,3,999
14561,334.51425039489044,235.20047698617066,0,988
14561,501.2170867385482,229.55046531341583,3,995
