count,mean,std,min,max
14782,503.1547151941551,289.4121745014099,0,999
14782,668.2320389663104,234.1158454378194,7,999
14782,333.4430388310107,236.71410417591068,0,990
14782,498.429576511974,230.05236476596437,1,997
