count,mean,std,min,max
15067,499.71540452644854,287.27430063540805,0,999
15067,664.5620893343067,234.3136527628352,8,999
15067,333.8571713015199,235.1706615473351,0,997
15067,499.84190615251873,227.88596804366813,2,997
