count,mean,std,min,max
16162,500.0795693602277,287.6043157105064,0,999
16162,664.5545724539043,236.769009870048,12,999
16162,335.6458977849276,235.27686282888405,0,995
16162,500.1220764756837,230.62686627430048,3,999
