count,mean,std,min,max
19340,497.92559462254394,289.0211928318127,0,999
19340,665.3138572905895,235.45945778129416,9,999
19340,332.7237331954498,237.3518250879089,0,994
19340,498.80734229576007,231.014486696446,2,996
