count,mean,std,min,max
13272,664.491636528029,236.2586092403445,16.0,999.0
13272,495.29716696805303,288.4429397879008,0.0,999.0
13272,497.6862567811935,228.14413136073756,4.0,995.0
13272,,,,
13272,329.69462025316454,233.6188665205689,0.0,995.0
