count,mean,std,min,max
12989,499.37693432904763,289.1886040304357,0,999
12989,666.2013241973978,236.15708014521186,6,999
12989,331.4620833012549,235.64574807227388,0,994
12989,498.0522750019247,230.32091026447532,1,999
