count,mean,std,min,max
19054,495.87923795528496,289.5133454188087,0,999
19054,665.4425842342815,235.7832263804926,4,999
19054,334.11393933032434,237.25419140181106,0,991
19054,499.4193870053532,230.10573624865177,1,997
