count,mean,std,min,max
13857,497.00967020278557,287.6223277138825,0,999
13857,664.2429097207188,235.3264096516234,10,999
13857,331.6992855596449,235.5768970971872,0,995
13857,498.43746842750954,228.84052968043508,1,995
