count,mean,std,min,max
10678,502.30286570518825,289.73108202371895,0,999
10678,668.4462446150965,235.75543939177868,19,999
10678,334.98351751264283,237.750574912898,0,997
10678,500.64909159018544,230.21941843863542,10,997
