count,mean,std,min,max
13256,496.4515691007845,288.19356640440276,0,999
13256,664.5929390464695,237.18381450550004,18,999
13256,332.8863910681955,236.48890195368855,0,996
13256,499.9627338563669,231.43716304184144,4,996
