count,mean,std,min,max
13956,496.91358555460016,288.8634685452477,0,999
13956,665.7608197191172,234.44496941591672,4,999
13956,331.0420607623961,236.63710351726624,0,996
13956,498.7628260246489,229.17769676222505,1,998
