count,mean,std,min,max
15308,668.4186046511628,235.85064578477773,4.0,999.0
15308,501.5176378364254,289.5859512169185,0.0,999.0
15308,501.92272014632874,230.46547431642267,0.0,997.0
15308,,,,
15308,333.59446041285605,235.6554799288563,0.0,997.0
