count,mean,std,min,max
13601,669.8478788324388,234.73867075670645,3.0,999.0
13601,501.9913976913462,287.6511515699608,0.0,999.0
13601,501.63568855231233,228.31320139048978,3.0,996.0
13601,,,,
13601,334.090434526873,236.3406699283292,0.0,992.0
