count,mean,std,min,max
14051,499.00149455554765,288.11142849439847,0,999
14051,665.8117571703082,234.75066459230266,14,999
14051,333.3311508077717,234.50150811119838,0,988
14051,499.0677531848267,228.9694059500887,2,999
