count,mean,std,min,max
15540,499.56106821106823,288.98992427678337,0,999
15540,668.0258687258687,234.2395925760896,9,999
15540,330.86280566280567,234.33750775291222,0,990
15540,498.92458172458174,228.73610173109137,1,994
