count,mean,std,min,max
12271,498.28294352538506,289.19680211247976,0,999
12271,666.3650884198516,237.01670277077366,7,999
12271,330.04164289788935,236.96655696843277,0,987
12271,498.7643223861136,231.6508600883081,1,994
