count,mean,std,min,max
19225,501.3239011703511,288.9433884598788,0,999
19225,668.0084785435631,236.15269109000465,3,999
19225,333.3348244473342,235.97212929484664,0,989
19225,501.8707412223667,230.56719851533012,1,994
