count,mean,std,min,max
15284,498.26092645904214,290.76378417293574,0,999
15284,666.1963491232661,236.83522545705165,3,999
15284,334.2304370583617,237.2234553499145,0,991
15284,499.81889557707404,231.11518201405067,1,997
