count,mean,std,min,max
11017,497.5010438413361,285.2795476709701,0,999
11017,662.2509757647273,236.1568162322276,17,999
11017,333.4932377235182,234.69001398432454,0,992
11017,498.67967686302984,230.15691944618732,2,998
