count,mean,std,min,max
14710,667.7757987763426,235.40394107248306,3.0,999.0
14710,500.4558123725357,287.95620649017735,0.0,999.0
14710,502.1066621346023,230.69307553856478,1.0,998.0
14710,,,,
14710,334.4624065261727,235.73420509942713,0.0,997.0
