count,mean,std,min,max
15800,497.1577848101266,289.13981851424506,0,999
15800,664.7701898734177,236.00034953905848,9,999
15800,333.3312658227848,235.87302020478754,0,999
15800,499.3440506329114,229.6428222160483,0,999
