count,mean,std,min,max
15527,502.63077220325886,287.45510648903286,0,999
15527,668.7105686868036,233.8322502857843,2,999
15527,335.4721452952921,236.80330816226268,0,989
15527,502.6128679075159,229.24222012567492,2,998
