count,mean,std,min,max
13880,495.35,286.66624741854616,0,999
13880,664.0719020172911,236.29533670291903,5,999
13880,334.43465417867435,234.19507375144698,0,993
13880,498.6827809798271,228.79011674845253,4,998
