count,mean,std,min,max
10606,496.7421270978691,286.78049827887514,0,999
10606,663.6294550254573,235.368782784191,7,999
10606,333.7186498208561,234.76198113017531,0,988
10606,500.8104846313407,229.49274795696346,3,995
