count,mean,std,min,max
16942,496.59491205288634,288.5700324864295,0,999
16942,664.8414590957384,235.0863152019914,5,999
16942,330.2320269153583,235.14515294832455,0,990
16942,497.19619879589186,227.971142588724,1,996
