count,mean,std,min,max
10969,664.5270307229465,237.90619152520475,7.0,999.0
10969,495.7565867444617,290.34896162928106,0.0,999.0
10969,498.0303582824323,231.16553475286025,6.0,997.0
10969,,,,
10969,330.18415534688666,234.64449769729745,0.0,997.0
