count,mean,std,min,max
19666,501.3197396521916,288.496820312879,0,999
19666,663.9758974880505,235.8855538969475,11,999
19666,335.1948540628496,236.00479093328715,0,992
19666,499.7738228414523,229.29966203553576,3,998
