count,mean,std,min,max
13279,504.3385797123277,287.4470906534108,0,999
13279,669.5829505233828,232.78330331804355,5,999
13279,336.490323066496,237.04988510290886,0,989
13279,501.4920551246329,228.84025914343925,5,998
