count,mean,std,min,max
12133,501.90678315338334,287.54742689590046,0,999
12133,665.6157586746889,236.41445803210172,10,999
12133,334.738976345504,236.6278273563096,0,994
12133,500.6870518420836,230.30199370243673,0,996
