count,mean,std,min,max
13746,500.2432707696785,287.96598139170925,0,999
13746,669.378946602648,235.5251894872875,5,999
13746,334.5534701003928,235.00210895077404,0,993
13746,501.10883166011934,230.08482077254365,1,993
