count,mean,std,min,max
17594,500.62998749573717,288.93789468809734,0,999
17594,669.3085711037854,234.37492824440167,11,999
17594,332.9860179606684,235.5999141212265,0,995
17594,501.2917471865409,228.9269365700976,0,998
