count,mean,std,min,max
19218,664.9362576750963,236.75698259963073,5.0,999.0
19218,499.54495785201374,289.7576643801609,0.0,999.0
19218,500.12686023519615,231.75310219161196,1.0,996.0
19218,,,,
19218,333.63185555208656,237.09327186756238,0.0,993.0
