count,mean,std,min,max
17882,500.00167766469076,289.35425135599854,0,999
17882,667.1186668157924,235.36117603090983,4,999
17882,332.99038138910635,235.75382006127867,0,985
17882,500.04429034783584,229.97781105014835,4,992
