count,mean,std,min,max
10153,667.437900128041,237.25724583029765,1.0,999.0
10153,499.21215404313995,290.51563473390166,0.0,999.0
10153,501.80478676253324,230.30414268322122,1.0,996.0
10153,,,,
10153,333.82822810991826,236.86008404102398,0.0,996.0
