count,mean,std,min,max
17166,496.5020389141326,288.00928204495625,0,999
17166,661.2056390539439,237.99128121143806,3,999
17166,330.0644296865898,235.19057710386357,0,992
17166,494.30997320284285,230.30167498116734,3,998
