count,mean,std,min,max
14795,662.8616424467725,235.68539833453616,5.0,999.0
14795,496.2637377492396,288.0494774860944,0.0,999.0
14795,497.3274079080771,228.75189832649343,3.0,997.0
14795,,,,
14795,329.22791483609325,233.13373663161303,0.0,992.0
