count,mean,std,min,max
17446,497.5676946004815,288.7678251446812,0,999
17446,665.5451106270779,235.8328092117653,9,999
17446,331.0460850624785,234.63744129855954,0,992
17446,497.30522755932594,228.85122080673247,4,997
