count,mean,std,min,max
18119,501.3191677244881,287.7368831463691,0,999
18119,668.8312268889011,233.49484298033613,10,999
18119,333.8976764722115,235.76640395603943,0,995
18119,501.88945306032343,230.07780466890458,2,997
