count,mean,std,min,max
12631,667.7725437415882,235.58621775287486,8.0,999.0
12631,498.52561159053124,288.3476234974301,0.0,999.0
12631,497.23062307022406,229.83662571615093,2.0,995.0
12631,,,,
12631,330.75544295780225,234.76606937299033,0.0,986.0
