count,mean,std,min,max
19658,666.5985858174789,235.2886272878069,8.0,999.0
19658,500.85649608301964,290.0263946054929,0.0,999.0
19658,501.17672194526403,229.14472852717,3.0,996.0
19658,,,,
19658,334.7223013531387,237.12892040847265,0.0,990.0
