count,mean,std,min,max
19132,499.231026552373,289.86638830769465,0,999
19132,665.785072130462,236.67578989755546,2,999
19132,333.31282667781727,236.41668671781417,0,993
19132,499.4078507213046,230.91009932673956,2,997
