count,mean,std,min,max
15312,497.10220741901776,287.73862667032756,0,999
15312,665.7331504702195,235.0523515550895,7,999
15312,331.9752481713689,235.58352473696831,0,991
15312,499.51952716823405,229.68555120069874,0,995
