count,mean,std,min,max
16966,498.4072851585524,289.8600934570511,0,999
16966,665.1625604149475,236.42868243486942,6,999
16966,331.11623246492985,236.30437404671363,0,992
16966,497.8853589532005,230.09345069353452,4,997
