count,mean,std,min,max
19526,498.15149032059816,289.71282773682844,0,999
19526,666.6950732356858,235.40109541311074,1,999
19526,331.41918467684116,234.2927883594709,0,988
19526,498.94110416880056,229.81340137258664,1,997
