count,mean,std,min,max
10854,504.30173208033904,289.7840938481615,0,999
10854,666.4627786990972,235.8098014471527,1,999
10854,335.1838953381242,237.65202100372784,0,998
10854,502.8808734107242,228.76349624161972,1,998
