count,mean,std,min,max
16551,498.3827563289227,288.13783084011743,0,999
16551,668.7714337502266,233.4086351374553,11,999
16551,334.0023563530904,234.8836967339924,0,982
16551,500.23865627454535,229.55097944380066,0,995
