count,mean,std,min,max
12010,503.2519567027477,288.724585115955,0,999
12010,667.9381348875937,236.43987620159334,7,999
12010,331.57085761865113,235.22475069071865,0,989
12010,500.24829308909244,231.13670449983073,2,999
