count,mean,std,min,max
16512,666.1662427325581,235.62459744565783,5.0,999.0
16512,501.04614825581393,287.49676388727585,0.0,999.0
16512,496.41630329457365,229.08123582171845,1.0,997.0
16512,,,,
16512,332.5426962209302,234.36111083257464,0.0,995.0
