count,mean,std,min,max
11248,497.688033428165,287.47144272477203,0,999
11248,665.981418918919,235.5386346156389,11,999
11248,330.4478129445235,234.00806950872138,0,993
11248,496.92371977240396,227.2778689408277,3,994
