count,mean,std,min,max
12077,499.26223399850954,286.9697140855275,0,999
12077,667.2183489277138,235.17113309847062,4,999
12077,332.3692142088267,234.03470968147866,0,993
12077,499.9258921917695,229.45902771935883,4,995
