count,mean,std,min,max
11064,505.022143890094,288.4725651147691,0,999
11064,669.4838214027476,235.04425071135896,11,999
11064,336.402114967462,237.0571115155288,0,996
11064,501.0163593637021,229.91499320020733,5,999
