count,mean,std,min,max
12724,664.8784973278844,235.9518303025618,1.0,999.0
12724,498.66700723043067,288.8090784750492,0.0,999.0
12724,499.65482552656397,231.03778901711954,1.0,996.0
12724,,,,
12724,334.96659855391385,237.11314287015512,0.0,993.0
