count,mean,std,min,max
12007,499.96327142500206,289.2267657148773,0,999
12007,667.0442242025485,236.8469158809058,11,999
12007,333.4667277421504,235.56750203314826,0,997
12007,501.37877904555677,230.262541512357,1,997
