count,mean,std,min,max
10152,500.99182427107957,288.79964027944334,0,999
10152,666.3373719464145,237.32825032895863,8,999
10152,335.0458037825059,237.8773741419747,0,996
10152,500.5248226950355,232.71999817686773,2,996
