count,mean,std,min,max
12271,498.28294352538506,289.1968021124797,0,999
12271,666.3650884198516,237.0167027707735,7,999
12271,330.04164289788935,236.96655696843268,0,987
12271,498.7643223861136,231.650860088308,1,994
