count,mean,std,min,max
16755,665.2256042972247,236.54178125254745,7.0,999.0
16755,499.8704864219636,288.9768770808118,0.0,999.0
16755,500.4667263503432,230.7128993711681,1.0,997.0
16755,,,,
16755,334.9829304685169,236.56424788162298,0.0,987.0
