count,mean,std,min,max
14895,496.754145686472,288.4734839904535,0,999
14895,665.1893252769386,236.44639750343745,7,999
14895,331.9640819066801,236.34083449247268,0,990
14895,498.32326283987913,230.21462923306962,4,996
