count,mean,std,min,max
15041,499.9732065687122,287.5410928313356,0,999
15041,669.5050860979989,234.64061953655192,10,999
15041,335.0146266870554,236.14867307838955,0,993
15041,502.63300312479225,230.2847725633441,1,998
