count,mean,std,min,max
12080,497.70612582781456,286.85321567637493,0,999
12080,664.7989238410596,234.27207183428297,2,999
12080,334.3115894039735,236.17527689998226,0,987
12080,499.08402317880797,229.29495267486487,2,998
