count,mean,std,min,max
18050,501.71080332409974,289.90564838983045,0,999
18050,667.9115789473684,237.013240178105,5,999
18050,333.3509695290859,236.1506396000749,0,998
18050,500.8452077562327,231.3100158352436,1,998
