count,mean,std,min,max
16779,666.3920972644377,234.3752261990687,3.0,999.0
16779,496.0626974193933,287.89324384212506,0.0,999.0
16779,499.45169557184573,228.07071338496237,3.0,995.0
16779,,,,
16779,330.44066988497525,234.51599450781524,0.0,993.0
