count,mean,std,min,max
12240,498.8748366013072,287.44768242644966,0,999
12240,663.1679738562092,235.51521641287374,2,999
12240,331.0749183006536,235.38943057509204,0,990
12240,497.2474673202614,229.47702391254208,2,992
