count,mean,std,min,max
19960,501.89248496993986,289.153155326844,0,999
19960,665.8810120240481,236.2338693419672,3,999
19960,332.0214929859719,235.2897658217871,0,988
19960,499.9940380761523,229.68895183365953,2,997
