count,mean,std,min,max
14183,496.9720792498061,288.09091430981977,0,999
14183,666.0058520764295,236.32412335325114,6,999
14183,330.8075865472749,234.94829676095432,0,992
14183,499.3129803285624,230.5352716416758,6,992
