count,mean,std,min,max
19134,662.9253684540608,236.80553876677234,4.0,999.0
19134,496.72274485209573,289.51322093108683,0.0,999.0
19134,495.5578551269991,229.6213733366309,2.0,996.0
19134,,,,
19134,329.43336469112575,234.1494144454799,0.0,995.0
