count,mean,std,min,max
11100,665.6161261261261,235.53869057055533,6.0,999.0
11100,499.4218018018018,286.59146957285276,0.0,999.0
11100,498.47711711711713,227.89496223249674,5.0,999.0
11100,,,,
11100,331.3255855855856,234.86739138033641,0.0,991.0
