count,mean,std,min,max
13493,499.32661379974803,290.71733760374667,0,999
13493,669.6385533239458,234.8902384515297,0,999
13493,331.85451715704437,235.93837185598153,0,984
13493,502.9448602979323,230.32255977833532,0,993
