count,mean,std,min,max
15728,495.4995549338759,288.643843722518,0,999
15728,661.3205747711088,238.35839152807796,3,999
15728,332.54361648016277,234.5236828070051,0,995
15728,496.3074135300102,230.20421633964338,1,997
