count,mean,std,min,max
14135,502.2929607357623,287.7866996734845,0,999
14135,664.146727980191,236.04964631045192,3,999
14135,333.6786699681641,234.55090152920786,0,997
14135,499.27166607711354,228.99538146436993,2,997
