count,mean,std,min,max
14023,498.01889752549386,289.5023639651626,0,999
14023,663.5480282393211,237.17153767455147,1,999
14023,331.473721742851,236.13520698274493,0,991
14023,496.3702488768452,230.93917007697115,1,996
