count,mean,std,min,max
16555,499.476532769556,288.5776670685215,0,999
16555,664.5610993657506,236.8081889142276,10,999
16555,332.3400181214135,236.13048170014426,0,996
16555,498.02337662337663,229.6287194473926,4,998
