count,mean,std,min,max
11042,497.54174968302846,287.326385323471,0,999
11042,664.6429994566201,234.74162235105007,9,999
11042,332.12814707480527,234.05345733891693,0,991
11042,500.3720340518022,228.41274760836822,2,995
