count,mean,std,min,max
18250,500.8580273972603,288.8292996856375,0,999
18250,668.6077260273972,234.90333660899154,7,999
18250,335.03457534246576,236.22739364938667,0,994
18250,501.54964383561645,230.1015009176826,1,997
