count,mean,std,min,max
11555,495.26438771094763,288.6601579725232,0,999
11555,663.8125486802251,236.66540063066356,7,999
11555,331.0707053223713,235.75199002167955,0,997
11555,498.8488100389442,230.89483169929807,1,997
