count,mean,std,min,max
12607,664.3387007218212,235.60163697652717,11.0,999.0
12607,494.51225509637504,288.53636403329324,0.0,999.0
12607,499.2892837312604,231.08644989540215,7.0,996.0
12607,,,,
12607,331.8800666296502,235.60846734747852,0.0,982.0
