count,mean,std,min,max
17950,499.4928133704735,287.975049619687,0,999
17950,665.4418384401114,235.44873187546483,2,999
17950,333.1257938718663,234.15137317805724,0,992
17950,499.1285793871866,228.05037221636942,0,998
