count,mean,std,min,max
12065,497.3157065893079,289.7875703245204,0,999
12065,665.4910899295483,236.58732133763903,6,999
12065,332.53261500207213,235.94527303600887,0,994
12065,499.77894736842103,230.4315841513961,2,998
