count,mean,std,min,max
11514,502.37311099531007,289.43719129057524,0,999
11514,669.0114643043252,233.7039105466665,8,999
11514,332.56001389612646,234.65628565853874,0,988
11514,499.0541080423832,230.09256202826006,2,994
