count,mean,std,min,max
17033,668.5194035108319,234.92558557138054,11.0,999.0
17033,500.5199906064698,288.8307358213393,0.0,999.0
17033,500.84166030646395,229.48092936984702,2.0,997.0
17033,,,,
17033,334.60964011037396,235.47620089301296,0.0,996.0
