count,mean,std,min,max
14948,501.91202836499866,290.23392831461325,0,999
14948,668.5798100080278,237.09550319104628,9,999
14948,332.6090446882526,237.22119124235135,0,996
14948,500.17072518062616,230.96740132965644,3,997
