count,mean,std,min,max
18150,497.4776859504132,288.60628753367,0,999
18150,663.9623140495868,235.74790398059073,4,999
18150,328.71146005509644,234.0192590470992,0,994
18150,495.43719008264463,229.3248490225878,3,996
