count,mean,std,min,max
11083,503.239646305152,289.0052095449923,0,999
11083,667.4954434719841,235.75093047533673,5,999
11083,335.75457908508525,237.43605384541758,0,994
11083,502.15050076694035,230.155844536465,0,996
