count,mean,std,min,max
10656,499.50328453453454,291.1910324030452,0,999
10656,663.9881756756756,237.5996448350214,3,999
10656,332.66966966966964,238.15903602800105,0,991
10656,496.5272147147147,232.19021112941064,3,993
