count,mean,std,min,max
13981,500.96931549960664,288.85428677252366,0,999
13981,667.3257277734068,236.48275904269107,17,999
13981,334.36900078678207,237.0528766588926,0,988
13981,500.56076103283027,231.14538149046092,3,998
