count,mean,std,min,max
11337,494.55508511952013,288.898345826015,0,999
11337,664.6492899356091,237.02627560274942,6,999
11337,329.7139454882244,234.96316572789095,0,992
11337,495.51142277498457,229.05559513865114,2,996
