count,mean,std,min,max
15642,667.5260836210203,236.85405442080722,4.0,999.0
15642,499.84132463879297,290.31142765710547,0.0,999.0
15642,499.79401611047183,231.06463531662175,3.0,999.0
15642,,,,
15642,330.57083493159445,235.91880570585778,0.0,992.0
