count,mean,std,min,max
10253,498.8912513410709,289.61668731300097,0,999
10253,667.044474787867,236.02580085549718,3,999
10253,335.3224422120355,235.98055074164643,0,986
10253,499.54618160538377,230.55399856157806,1,993
