count,mean,std,min,max
11190,666.8361930294906,235.12466306287223,6.0,999.0
11190,502.71966041108135,288.4461925002459,0.0,999.0
11190,499.9324396782842,229.00352142986,2.0,998.0
11190,,,,
11190,336.33521000893654,236.6606843710394,0.0,994.0
