count,mean,std,min,max
13896,497.7821675302245,287.22703005694007,0,999
13896,665.7600748416811,235.56565780186642,2,999
13896,333.0519573978123,234.30553746272605,0,997
13896,497.4969055843408,228.8769927017413,1,997
