count,mean,std,min,max
19471,665.3125160495096,235.5547277290633,9.0,999.0
19471,499.69631760053414,287.2505190146121,0.0,999.0
19471,498.9485388526527,228.78006771900453,4.0,997.0
19471,,,,
19471,334.1032304452776,234.17548594616034,0.0,997.0
