count,mean,std,min,max
10294,670.2236254128619,235.53715421699926,7.0,999.0
10294,498.15455605206915,289.8159721062269,0.0,999.0
10294,499.63920730522636,231.96484748943917,2.0,998.0
10294,,,,
10294,333.00728579755196,237.1692749523041,0.0,994.0
