count,mean,std,min,max
15168,665.9915611814346,234.8253772441122,5.0,999.0
15168,498.9585970464135,288.85278276547047,0.0,999.0
15168,498.73839662447256,230.45599860849845,2.0,996.0
15168,,,,
15168,333.3992616033755,235.70474842115593,0.0,996.0
