count,mean,std,min,max
13744,666.8109720605355,234.74750840452538,7.0,999.0
13744,497.6607974388824,288.61599514501,0.0,999.0
13744,501.11699650756697,228.57218101042912,5.0,992.0
13744,,,,
13744,333.49854481955765,236.67366453875582,0.0,988.0
