count,mean,std,min,max
16648,665.0397044690053,235.0852611282137,6.0,999.0
16648,501.5507568476694,289.140928733892,0.0,999.0
16648,498.9699663623258,229.19766698691015,1.0,994.0
16648,,,,
16648,333.26657856799613,235.68520888322385,0.0,994.0
