count,mean,std,min,max
14135,502.2929607357623,287.786699673485,0,999
14135,664.146727980191,236.04964631045132,3,999
14135,333.6786699681641,234.55090152920835,0,997
14135,499.27166607711354,228.99538146437024,2,997
