count,mean,std,min,max
19672,498.2955469703131,288.3849246403049,0,999
19672,665.9255286701912,235.47850252996417,9,999
19672,333.3243188287922,234.84967105751912,0,995
19672,498.3639182594551,229.56001149369513,3,996
