count,mean,std,min,max
12091,498.5746422959226,288.52134588170463,0,999
12091,665.8240840294434,235.264877003049,13,999
12091,331.62972458853693,235.77296022645174,0,994
12091,498.4075758828881,229.57657241681017,5,995
