count,mean,std,min,max
12186,492.9576563269325,288.5724887438177,0,999
12186,662.0277367470868,236.14578734023095,9,999
12186,328.87559494501886,236.39719595500844,0,994
12186,495.248071557525,231.10390472426144,3,995
