count,mean,std,min,max
12013,666.7855656372263,235.44272839992377,12.0,999.0
12013,502.7782402397403,288.7562975993133,0.0,999.0
12013,501.07633397153086,230.0958618587071,3.0,995.0
12013,,,,
12013,333.0599350703405,236.73238796944378,0.0,991.0
