count,mean,std,min,max
14116,501.3143950127515,288.5433062523936,0,999
14116,665.956290733919,235.72312601492655,11,999
14116,333.43645508642675,236.26098221679678,0,997
14116,498.8477614054973,230.19099399995255,4,997
