count,mean,std,min,max
11783,498.1766952389035,289.0628686936792,0,999
11783,666.7891878129509,236.93610224234033,3,999
11783,332.24679623185943,236.1397632861398,0,993
11783,499.4491216158873,231.72804655759592,1,993
