count,mean,std,min,max
17347,666.8856286389578,235.71074288520825,7.0,999.0
17347,502.1966910705021,288.955486134559,0.0,999.0
17347,501.13028189312274,229.4066318111813,1.0,996.0
17347,,,,
17347,332.20879691012857,235.9430948237692,0.0,992.0
