count,mean,std,min,max
16642,497.2919721187357,290.08561926587464,0,999
16642,662.9906261266675,237.1447954719869,2,999
16642,332.38474942915514,236.27426970360364,0,988
16642,496.4471818291071,231.90179008007433,1,995
