count,mean,std,min,max
16931,666.7762093201819,234.90643561686073,5.0,999.0
16931,501.75559624357686,288.7338061068878,0.0,999.0
16931,498.7063965507058,229.00883063024085,2.0,998.0
16931,,,,
16931,333.9694642962613,236.05154277281275,0.0,992.0
