count,mean,std,min,max
17107,497.89448763663995,288.95599162684397,0,999
17107,665.6307359560413,237.13526595556655,3,999
17107,332.658327000643,236.55870576768834,0,996
17107,499.81656631788155,231.19782190388094,3,997
