count,mean,std,min,max
13137,667.0538935830098,231.42546604467276,12.0,999.0
13137,496.73509933774835,285.7518269205564,0.0,999.0
13137,500.5686990941615,226.87051758339754,6.0,999.0
13137,,,,
13137,334.7847301514806,236.40022874329802,0.0,987.0
