count,mean,std,min,max
19985,499.22932199149363,289.21533415168784,0,999
19985,667.2293720290218,235.80508467439287,7,999
19985,332.25308981736305,236.01817717614725,0,993
19985,499.0358268701526,230.4590061164853,1,999
