count,mean,std,min,max
15648,502.99022239263803,288.6994231129228,0,999
15648,669.0938139059305,235.65307844430228,8,999
15648,336.2479550102249,236.83443693155007,0,995
15648,502.73306492842534,229.38360723271643,2,997
