count,mean,std,min,max
16612,662.2199012761859,234.9386228459776,5.0,999.0
16612,495.41686732482543,286.8931948778483,0.0,999.0
16612,499.1823380688659,228.78387312985595,4.0,997.0
16612,,,,
16612,330.0947507825668,234.4673584929889,0.0,993.0
