count,mean,std,min,max
18905,500.13292779687913,289.86027093944483,0,999
18905,666.1994181433483,235.4437172229734,2,999
18905,330.0482412060301,234.82186840607332,0,984
18905,499.15942872256016,230.5552307464683,0,998
