count,mean,std,min,max
10080,664.9615079365079,233.92132212656225,9.0,999.0
10080,500.32380952380953,285.7884301312368,0.0,999.0
10080,500.1534722222222,228.30437261268088,1.0,996.0
10080,,,,
10080,334.6500992063492,236.0531400323428,0.0,991.0
