count,mean,std,min,max
19593,666.9821875159496,235.21907362315127,2.0,999.0
19593,498.8271831776655,289.7133589979976,0.0,999.0
19593,501.6620731894044,228.7186375632122,2.0,997.0
19593,,,,
19593,332.5257489919869,235.60976957410824,0.0,988.0
