count,mean,std,min,max
12275,504.8980040733198,289.08496618051646,0,999
12275,667.804317718941,233.09480412809955,7,999
12275,334.82346232179225,236.22851864853618,0,997
12275,502.37384928716904,228.8647933727716,3,998
