count,mean,std,min,max
13711,498.7130770913865,287.1169549571593,0,999
13711,664.7044708628109,236.45385597211128,7,999
13711,330.61935672088106,234.07475231948888,0,990
13711,497.7231420027715,229.6659085365363,1,997
