count,mean,std,min,max
14072,498.6418419556566,290.2639927369572,0,999
14072,666.9282973280273,235.93938141593785,5,999
14072,330.9088260375213,236.445340360749,0,995
14072,498.9177799886299,229.8037468247269,1,998
