count,mean,std,min,max
13336,499.2736952609478,288.6439966573391,0,999
13336,667.9493851229754,236.7834065447158,8,999
13336,329.30736352729457,234.54771114885594,0,993
13336,498.8114127174565,230.26457528437754,4,996
