count,mean,std,min,max
18206,497.5121937822696,289.72233463930274,0,999
18206,664.3264308469735,237.33588354085998,5,999
18206,331.7585411402834,236.79848424208552,0,993
18206,497.0759090409755,231.11337426824218,5,998
