count,mean,std,min,max
10576,498.26144099848716,288.89666465332283,0,999
10576,667.3073940998487,236.26456014257556,3,999
10576,334.3956127080182,236.58628477249508,0,991
10576,501.8041792738275,230.80984845179992,3,995
