count,mean,std,min,max
18588,501.3910049494297,288.7669606641443,0,999
18588,666.6483752958899,235.83269488427177,1,999
18588,333.4677211103938,235.82951856062718,0,990
18588,499.9233376371853,230.06078969054852,1,997
