count,mean,std,min,max
12651,499.8159038811161,289.28199902464513,0,999
12651,665.049561299502,236.08574176436838,2,999
12651,332.20172318393804,236.08753036170148,0,989
12651,497.44834400442653,229.05298919057765,1,995
