count,mean,std,min,max
13786,500.4136080081242,289.0263770253584,0,999
13786,666.2574350790658,235.65220208076468,7,999
13786,333.51878717539535,234.6506462006001,0,985
13786,497.9701871463804,228.46285047607736,1,997
