count,mean,std,min,max
13147,661.5110671636114,239.00981826128958,6.0,999.0
13147,498.0919601429984,289.78839363467245,0.0,999.0
13147,494.0204609416597,230.48073960610742,1.0,995.0
13147,,,,
13147,328.6387008442991,234.32633043801195,0.0,989.0
