count,mean,std,min,max
11735,502.9496378355347,291.87621141768744,0,999
11735,667.3334469535578,237.33144965476777,7,999
11735,333.1486152535151,236.88516512622158,0,999
11735,500.94103110353643,230.57926757600993,3,999
