count,mean,std,min,max
19054,495.87923795528496,289.51334541880965,0,999
19054,665.4425842342815,235.78322638049343,4,999
19054,334.11393933032434,237.2541914018108,0,991
19054,499.4193870053532,230.10573624865202,1,997
