count,mean,std,min,max
15677,496.8722969955987,289.39335171087515,0,999
15677,667.7167825476813,235.03341400220523,12,999
15677,328.65191044204886,234.81139916767572,0,992
15677,497.5205715379218,228.55052889840283,2,996
