count,mean,std,min,max
11426,664.556800280063,237.29198802967173,12.0,999.0
11426,499.4338351129004,291.6004467132316,0.0,999.0
11426,498.6241904428496,232.8546715326885,1.0,995.0
11426,,,,
11426,333.7948538421145,237.47778486680238,0.0,991.0
