count,mean,std,min,max
16488,499.0466399805919,289.21095559876096,0,999
16488,669.1317928190199,234.6685057968357,5,999
16488,331.0050339640951,237.8630731046867,0,999
16488,499.4099344978166,228.53207985174336,2,999
