count,mean,std,min,max
12395,501.60798709156916,286.78889862489063,0,999
12395,664.341912061315,235.37707105459145,14,999
12395,334.086163775716,236.3277687093039,0,989
12395,500.9511093182735,228.72948408503285,2,994
