count,mean,std,min,max
16939,664.213826081823,234.16167596371673,9.0,999.0
16939,498.357222976563,287.8409010374638,0.0,999.0
16939,500.1082708542417,229.0416981816169,0.0,997.0
16939,,,,
16939,335.9150481138202,236.40415744140608,0.0,995.0
