count,mean,std,min,max
19996,501.1475795159032,287.352459766183,0,999
19996,667.0874174834967,234.53345144067,11,999
19996,336.85412082416485,237.01199557202474,0,991
19996,502.4868973794759,229.49456533267838,2,999
