count,mean,std,min,max
16626,499.9056297365572,288.8143610589131,0,999
16626,667.1080837242872,235.04940997423498,7,999
16626,334.81210152772763,237.11679213647687,0,992
16626,499.43227475039095,230.87543107955943,4,996
