count,mean,std,min,max
10843,668.2159918841649,233.45093739842073,9.0,999.0
10843,500.91257032186667,288.34319981188963,0.0,999.0
10843,499.83316425343537,228.5379287407201,6.0,997.0
10843,,,,
10843,332.41335423775706,235.0787512916205,0.0,991.0
