count,mean,std,min,max
14920,668.655563002681,234.4259434302549,13.0,999.0
14920,503.86394101876675,288.37525170626833,0.0,999.0
14920,501.99383378016086,230.69269546763041,2.0,998.0
14920,,,,
14920,333.3665549597855,236.58129848392517,0.0,993.0
