count,mean,std,min,max
18417,497.02150187326924,290.15535319944445,0,999
18417,666.0148775587772,237.1673130492343,7,999
18417,332.0763425096378,237.0995410554911,0,995
18417,498.6115002443395,231.42310710183142,2,998
