count,mean,std,min,max
13575,498.6567955801105,290.36152912057327,0,999
13575,664.6749907918969,237.30391998243113,5,999
13575,331.4089871086556,236.6725347534304,0,992
13575,497.22858195211785,231.0186486180221,4,996
