count,mean,std,min,max
10716,505.1207540126913,289.51947311786773,0,999
10716,669.7451474430758,235.43217178757612,6,999
10716,331.4688316536021,236.57358513642174,0,984
10716,500.63288540500184,229.970337873294,3,996
