count,mean,std,min,max
12212,495.73722567965933,285.6653665437111,0,999
12212,661.5576482148706,234.03192161277775,8,999
12212,330.97985587946283,233.59601686379796,0,998
12212,496.15615787749755,228.7941137246707,4,998
