count,mean,std,min,max
10791,499.7887128162358,289.7612004990725,0,999
10791,664.2764340654248,236.15314582954028,10,999
10791,336.4378648874062,239.86761256143504,0,986
10791,500.3920859975906,231.73154270720897,3,992
