count,mean,std,min,max
16800,664.8398214285714,235.92358073358244,2.0,999.0
16800,499.5908928571429,288.97765003469243,0.0,999.0
16800,499.75160714285715,230.60696723021124,1.0,995.0
16800,,,,
16800,331.62101190476193,236.8123159371373,0.0,994.0
