count,mean,std,min,max
12487,664.8439977576679,236.89851714379037,10.0,999.0
12487,495.61680147353246,289.35771519942347,0.0,999.0
12487,496.54112276767836,230.69954947216291,2.0,998.0
12487,,,,
12487,331.3552494594378,235.96959892936482,0.0,997.0
