count,mean,std,min,max
14644,666.7081398524994,236.0046308752419,7.0,999.0
14644,499.26850587271235,289.9845620886351,0.0,999.0
14644,499.8988664299372,230.92269886537883,5.0,999.0
14644,,,,
14644,331.87633160338703,236.0633955639062,0.0,997.0
