count,mean,std,min,max
13024,503.95247235872233,290.7283932855484,0,999
13024,668.8001382063882,236.02688290536682,6,999
13024,334.3374539312039,238.8229065701215,0,996
13024,500.9983875921376,232.02504004861854,4,996
