count,mean,std,min,max
15963,500.3967925828478,290.9690286126938,0,999
15963,667.3936603395351,235.926643620811,6,999
15963,330.61034893190504,235.4804021998862,0,990
15963,500.5715717596943,230.25734051926264,1,997
