count,mean,std,min,max
13894,501.81106952641426,288.1914992629507,0,999
13894,668.1864833741183,234.62073482952613,5,999
13894,333.5210162660141,237.02247213518413,0,992
13894,499.4632935079891,230.1442727807812,5,999
