count,mean,std,min,max
19960,501.89248496993986,289.15315532684366,0,999
19960,665.8810120240481,236.23386934196674,3,999
19960,332.0214929859719,235.28976582178697,0,988
19960,499.9940380761523,229.68895183365984,2,997
