count,mean,std,min,max
16238,500.86931888163565,288.8246263031798,0,999
16238,666.5875107771893,235.20034363771344,3,999
16238,334.5780268505974,234.94607095394562,0,996
16238,501.16732356201504,229.5050446549529,2,996
