count,mean,std,min,max
17875,496.3824895104895,289.415249679741,0,999
17875,663.0745174825175,237.58310086503477,11,999
17875,333.4166713286713,237.40704424383205,0,996
17875,498.81404195804197,232.228163401132,2,996
