count,mean,std,min,max
12946,501.325042484165,289.36426985028567,0,999
12946,668.5285030125135,233.98659576454537,20,999
12946,332.00339873319945,235.81824738056312,0,991
12946,498.49806890159124,230.21780783878722,1,994
