count,mean,std,min,max
15741,501.6450034940601,287.274279579152,0,999
15741,669.0178514706816,232.5197462593049,10,999
15741,334.343688456896,235.91225522000565,0,994
15741,500.5946890286513,228.72761999741638,3,997
