count,mean,std,min,max
17044,663.015606665102,237.5438929721043,6.0,999.0
17044,498.32580380192445,287.6773134683316,0.0,999.0
17044,497.03367754048344,231.68126225434844,0.0,994.0
17044,,,,
17044,331.7426660408355,237.22616664584154,0.0,990.0
