count,mean,std,min,max
14540,496.2779917469051,289.36907614616126,0,999
14540,664.9442916093535,236.01205010909672,3,999
14540,330.3707702888583,235.00438393842373,0,992
14540,497.07049518569465,229.9836109231292,3,994
