count,mean,std,min,max
17058,666.1878883808184,236.3585319391582,11.0,999.0
17058,500.1682495017001,289.02865297368027,0.0,999.0
17058,499.1562316801501,229.38940653935558,3.0,998.0
17058,,,,
17058,331.95620823074216,234.67924823207883,0.0,998.0
