count,mean,std,min,max
13128,501.3139853747715,287.706802255902,0,999
13128,669.6845673369896,233.94356203607353,11,999
13128,337.47364411943937,236.75558213877028,0,984
13128,502.9415752589884,228.46189212556575,6,994
