count,mean,std,min,max
16648,501.5507568476694,289.14092873389154,0,999
16648,665.0397044690053,235.0852611282137,6,999
16648,333.26657856799613,235.68520888322368,0,994
16648,498.9699663623258,229.19766698691004,1,994
