count,mean,std,min,max
15129,498.4846321633948,287.2000498481827,0,999
15129,665.7576839183026,234.91397292214074,11,999
15129,334.06404917707715,234.84953706416132,0,991
15129,500.38971511666335,229.2532453820941,4,999
