count,mean,std,min,max
19471,499.69631760053414,287.250519014612,0,999
19471,665.3125160495096,235.55472772906307,9,999
19471,334.1032304452776,234.17548594616053,0,997
19471,498.9485388526527,228.7800677190052,4,997
