count,mean,std,min,max
16705,497.22334630350196,288.93523106387755,0,999
16705,664.7647410954804,236.48183138503845,5,999
16705,331.3455252918288,235.4207297518361,0,995
16705,498.85878479497154,229.57359715484654,2,995
