count,mean,std,min,max
14836,498.49110272310594,287.7880412946391,0,999
14836,663.9523456457266,236.51306749511082,6,999
14836,332.79596926395254,235.48827994152663,0,998
14836,498.68293340523053,230.6882462789695,1,999
