count,mean,std,min,max
15407,499.25728564938015,289.9794365389623,0,999
15407,663.4952943467255,238.64011713231028,12,999
15407,331.8418900499773,235.98816698741228,0,983
15407,496.98286493152466,231.98127605836706,3,993
