count,mean,std,min,max
19996,501.1475795159032,287.35245976618273,0,999
19996,667.0874174834967,234.53345144067006,11,999
19996,336.85412082416485,237.01199557202494,0,991
19996,502.4868973794759,229.4945653326779,2,999
