count,mean,std,min,max
10004,503.38404638144743,290.5161925812995,0,999
10004,673.2697920831667,235.2889343303914,11,999
10004,334.65023990403836,238.22315092797135,0,993
10004,505.3325669732107,232.71195241999985,1,999
