count,mean,std,min,max
15962,666.5947876205989,236.22277725507294,4.0,999.0
15962,498.43616088209495,288.8208889365407,0.0,999.0
15962,497.2041097606816,229.5570697687925,3.0,998.0
15962,,,,
15962,329.34419245708557,234.37435161747527,0.0,996.0
