count,mean,std,min,max
12463,497.63660434887265,287.92401528835666,0,999
12463,664.3280911498034,235.6346735115187,5,999
12463,333.07165209018694,235.22504223717576,0,988
12463,498.1017411538153,229.0739808468618,4,997
