count,mean,std,min,max
15378,668.8192872935363,235.73282642614745,1.0,999.0
15378,497.5744570165171,289.4060294062928,0.0,999.0
15378,498.5728313174665,229.77512084738316,1.0,998.0
15378,,,,
15378,331.24378982962673,236.00817917625488,0.0,998.0
