count,mean,std,min,max
12459,504.31671883778796,289.3653281981546,0,999
12459,669.0286539850711,234.78770016588058,8,999
12459,334.6002889477486,234.03403041256854,0,986
12459,502.17834497150653,229.83798793878486,6,998
