count,mean,std,min,max
10720,665.9250932835821,234.712680996514,2.0,999.0
10720,500.89682835820895,289.64588077970467,0.0,999.0
10720,499.6241604477612,230.65417191820168,0.0,995.0
10720,,,,
10720,336.09169776119404,237.86696817360254,0.0,995.0
