count,mean,std,min,max
15627,497.9795226211045,289.6373807515775,0,999
15627,665.8026492608946,237.13811953476687,6,999
15627,332.07960581045626,235.777661485014,0,994
15627,497.8783515709989,230.98726609116653,2,998
