count,mean,std,min,max
18491,665.3050132496891,236.21690261238155,2.0,999.0
18491,497.5398301876589,288.5824082479616,0.0,999.0
18491,499.1137310042723,228.97531328810584,0.0,999.0
18491,,,,
18491,331.60461846303605,235.43971477865824,0.0,994.0
