count,mean,std,min,max
11510,665.2771503040834,235.55559888854498,7.0,999.0
11510,498.011728931364,288.80645375587545,0.0,999.0
11510,500.49278887923543,229.65622457095412,6.0,999.0
11510,,,,
11510,331.85369244135535,235.50901010613978,0.0,993.0
