count,mean,std,min,max
11165,495.20824003582624,288.3273789136231,0,999
11165,666.8773846842812,235.82177666471827,0,999
11165,330.0746081504702,236.38687835166397,0,987
11165,498.10595611285265,230.29130907302627,0,992
