count,mean,std,min,max
11645,504.77372262773724,289.533147890127,0,999
11645,666.6670674109059,236.2505740798021,4,999
11645,334.6873336195792,237.14491012375694,0,990
11645,503.0613138686131,231.1043506845994,3,999
