count,mean,std,min,max
18243,666.19020994354,235.39899505918962,0.0,999.0
18243,500.2194814449378,287.75740960771236,0.0,999.0
18243,500.148988653182,230.52386927590302,0.0,997.0
18243,,,,
18243,332.3209998355534,235.60619877792956,0.0,996.0
