count,mean,std,min,max
13969,665.0161070942802,234.4803446530883,6.0,999.0
13969,499.69188918319134,287.2359081253566,0.0,999.0
13969,499.3510630682225,230.12846722030218,2.0,995.0
13969,,,,
13969,333.0774572267163,235.80574896528793,0.0,983.0
