count,mean,std,min,max
11062,502.52259989152054,288.086447250501,0,999
11062,665.4144820104864,236.15170725630395,10,999
11062,332.1859519074308,233.7137807596353,0,992
11062,497.18992948833846,228.8550401780442,2,997
