count,mean,std,min,max
15642,499.84132463879297,290.31142765710626,0,999
15642,667.5260836210203,236.85405442080702,4,999
15642,330.57083493159445,235.91880570585806,0,992
15642,499.79401611047183,231.06463531662186,3,999
