count,mean,std,min,max
18661,496.6727935266063,288.7887941652827,0,999
18661,666.2848721933444,237.13571731284605,3,999
18661,329.3877605701731,234.96036588130303,0,990
18661,497.4855581158566,230.26249075654027,2,999
