count,mean,std,min,max
12414,666.1966328338972,236.60231887351074,10.0,999.0
12414,502.59481230868374,289.6065104091024,0.0,999.0
12414,496.8563718382471,229.57761960063246,2.0,995.0
12414,,,,
12414,333.88061865635575,237.19412245281634,0.0,990.0
