count,mean,std,min,max
12811,666.6767621575209,235.72361898832588,14.0,999.0
12811,502.95511669658885,288.4947858575382,0.0,999.0
12811,502.5033955194755,230.6358678954725,2.0,998.0
12811,,,,
12811,337.4408711263758,236.68988065937242,0.0,993.0
