count,mean,std,min,max
11762,500.43929603808874,291.6748082872777,0,999
11762,665.241455534773,236.66533206966764,2,999
11762,336.31958850535625,237.7015206003968,0,990
11762,499.2507226662132,230.8457748274937,0,995
