count,mean,std,min,max
18448,667.1319926279272,235.91205805969295,6.0,999.0
18448,499.78583044232437,288.08902311553675,0.0,999.0
18448,500.6513443191674,229.76260778408047,1.0,997.0
18448,,,,
18448,332.57084778837816,236.62198241736453,0.0,991.0
