count,mean,std,min,max
17166,496.5020389141326,288.00928204495654,0,999
17166,661.2056390539439,237.9912812114384,3,999
17166,330.0644296865898,235.1905771038641,0,992
17166,494.30997320284285,230.30167498116685,3,998
