count,mean,std,min,max
13284,501.40748268593796,288.7314029148053,0,999
13284,666.5355314664258,234.75007625296206,7,999
13284,333.4610057211683,234.67584804389298,0,990
13284,499.6564287865101,229.6096874981808,6,994
