count,mean,std,min,max
10108,499.15858725761774,289.94520602647776,0,999
10108,665.0654926790661,235.8821085094324,5,999
10108,327.9294618124258,234.13105647994905,0,994
10108,494.9266917293233,229.50937701665745,4,996
