count,mean,std,min,max
10059,499.6847599164927,290.35266496292604,0,999
10059,668.1068694701263,235.43625987354858,5,999
10059,330.8032607615071,235.04243759367932,0,984
10059,499.84233025151605,229.34897226133225,0,995
