count,mean,std,min,max
18312,665.8519550021844,235.53306145436403,5.0,999.0
18312,499.5442332896461,287.7383356438355,0.0,999.0
18312,497.54554390563567,229.92963689671444,0.0,997.0
18312,,,,
18312,331.42824377457407,235.88052151675222,0.0,997.0
