count,mean,std,min,max
12554,498.1736498327226,288.6143807397774,0,999
12554,664.3238808347937,237.23530090385682,6,999
12554,334.37438266687906,235.97158324378654,0,993
12554,498.2916998566194,231.02350964499945,3,999
