count,mean,std,min,max
19507,498.4610652586251,289.75867064354935,0,999
19507,667.582047470139,233.86968201839593,11,999
19507,329.8284718306249,234.4027935915699,0,991
19507,500.052699031117,228.17252150656725,3,998
