count,mean,std,min,max
16019,497.9689743429677,288.2769327141673,0,999
16019,665.0731006929271,234.60383443886406,6,999
16019,332.15494100755353,234.54043009630072,0,991
16019,498.64785567139023,228.14323851513757,3,998
