count,mean,std,min,max
10168,494.49773800157357,287.8266874718985,0,999
10168,661.9304681353265,236.0082889354628,16,999
10168,330.81520456333595,234.69772539258466,0,988
10168,494.88198269079464,230.37276859260564,4,993
