count,mean,std,min,max
18856,665.1793593551124,234.51542363998533,3.0,999.0
18856,498.64743317776833,289.35804917510336,0.0,999.0
18856,497.96929359355113,228.4974024202638,3.0,999.0
18856,,,,
18856,330.0478362324989,235.15704675862867,0.0,990.0
