count,mean,std,min,max
11061,496.75843052165266,290.0347445243693,0,999
11061,666.8911490823615,236.8297064352887,10,999
11061,330.66558177379983,234.09966618061455,0,989
11061,499.04918180996293,228.07890025574721,7,998
