count,mean,std,min,max
18081,665.0643216636248,236.30532154101178,6.0,999.0
18081,496.5036778939218,289.0862025805169,0.0,999.0
18081,498.1096178308722,230.4136904254579,1.0,997.0
18081,,,,
18081,330.3360433604336,235.00978211147586,0.0,997.0
