count,mean,std,min,max
15656,499.85213336739906,287.7713745617634,0,999
15656,665.2414409810935,236.4399519305684,6,999
15656,332.2672457843638,234.81803087360223,0,994
15656,498.86126724578435,229.73028339569836,2,997
