count,mean,std,min,max
13439,501.7769923357393,290.8465121050337,0,999
13439,667.996130664484,235.36453753803949,11,999
13439,333.6621028350324,236.76728768939486,0,995
13439,502.0948731304413,231.05694397397355,3,997
