count,mean,std,min,max
19486,499.67458688289025,289.3245229441773,0,999
19486,666.110232987786,235.83632272668729,4,999
19486,332.15380273016524,235.5019422343732,0,996
19486,499.59735194498614,230.01341737965126,4,999
