count,mean,std,min,max
17865,665.984550797649,235.46446983538806,10.0,999.0
17865,499.3773859501819,287.2093394000255,0.0,999.0
17865,499.72454520011195,230.66781801681202,2.0,997.0
17865,,,,
17865,333.24304506017353,235.835544827096,0.0,995.0
