count,mean,std,min,max
18303,496.24356662842155,287.02477394819715,0,999
18303,664.0728842266295,235.42055788777384,9,999
18303,329.10610282467354,233.87576546573644,0,998
18303,497.44107523356826,228.65677554612142,0,998
