count,mean,std,min,max
15084,501.98183505701405,291.37950212046604,0,999
15084,665.665605940069,237.28392632678654,15,999
15084,335.28480509148767,236.6020454491377,0,994
15084,500.7659108989658,232.97362476113526,1,998
