count,mean,std,min,max
19934,500.77876994080464,289.2301449987042,0,999
19934,666.8480987257951,234.1202982533312,14,999
19934,333.24601183906896,236.06293823704638,0,996
19934,501.4124611217016,230.4817558952655,3,997
