count,mean,std,min,max
10260,503.13703703703703,289.4826668043299,0,999
10260,671.89522417154,233.30725139097538,13,999
10260,331.45604288499027,237.07537395210392,0,996
10260,501.5531189083821,228.8695269398102,1,996
