count,mean,std,min,max
12113,503.55106084372164,287.173744390703,0,999
12113,666.4784116238752,233.3412757628266,10,999
12113,333.73284900520105,237.0922077000054,0,995
12113,499.90274911252374,228.5691304128349,6,995
