count,mean,std,min,max
12022,500.56812510397606,288.4971047712681,0,999
12022,663.6916486441523,238.25923612840876,12,999
12022,334.8241557145234,236.09695519846792,0,985
12022,498.234985859258,229.6379157401376,3,996
