count,mean,std,min,max
15171,500.1982071056621,288.42940925985283,0,999
15171,665.4543537011403,234.63202612231677,3,999
15171,333.2159383033419,235.95448660407058,0,993
15171,496.9286797178828,228.7099375181196,3,997
