count,mean,std,min,max
18351,499.0427769603836,288.6903568674118,0,999
18351,667.6149528636041,236.77344616667256,2,999
18351,331.70759086698274,235.67586604972604,0,997
18351,500.1495286360416,230.91065562783228,2,997
