count,mean,std,min,max
16719,665.9708714636042,236.07840681696268,10.0,999.0
16719,497.61211794963816,288.204026355994,0.0,999.0
16719,497.5807165500329,231.000014866291,2.0,997.0
16719,,,,
16719,330.0921705843651,235.85374377667128,0.0,997.0
