count,mean,std,min,max
14351,501.4302139223747,287.72229108050715,0,999
14351,667.2537802243746,236.34750145658055,9,999
14351,333.3064594801756,234.5204564068022,0,991
14351,499.31865375235174,228.94513193184247,3,997
