count,mean,std,min,max
13147,498.0919601429984,289.78839363467165,0,999
13147,661.5110671636114,239.00981826129018,6,999
13147,328.6387008442991,234.32633043801167,0,989
13147,494.0204609416597,230.48073960610736,1,995
