count,mean,std,min,max
12495,666.3265306122449,237.51248705601148,12.0,999.0
12495,502.5263705482193,289.8161529626693,0.0,999.0
12495,497.40464185674267,232.07274698941163,5.0,997.0
12495,,,,
12495,331.31164465786316,236.01460561924526,0.0,988.0
