count,mean,std,min,max
12699,501.6954878336877,291.3649842719756,0,999
12699,668.008504606662,237.5359291044006,5,999
12699,333.31514292463976,236.96228229794025,0,997
12699,499.7557287975431,233.18490427192373,3,997
