count,mean,std,min,max
10464,667.8826452599388,234.971167740121,14.0,999.0
10464,500.00038226299694,288.932323570402,0.0,999.0
10464,500.58725152905197,230.98255575417556,5.0,995.0
10464,,,,
10464,331.9345374617737,234.47940554266498,0.0,989.0
