count,mean,std,min,max
10573,500.3318830984583,287.9489572952082,0,999
10573,667.7339449541284,234.2400526169996,11,999
10573,336.2792963208172,236.26052922382667,0,994
10573,502.35581197389575,228.52694222245034,2,997
