count,mean,std,min,max
12487,495.61680147353246,289.357715199424,0,999
12487,664.8439977576679,236.8985171437898,10,999
12487,331.3552494594378,235.96959892936417,0,997
12487,496.54112276767836,230.6995494721621,2,998
