count,mean,std,min,max
19050,498.56146981627296,288.05863888838667,0,999
19050,667.0770603674541,233.88609399630334,5,999
19050,330.05721784776904,236.04701362597683,0,994
19050,497.0171128608924,229.28674145576448,1,995
