count,mean,std,min,max
15186,500.49203213486106,287.7188651723892,0,999
15186,665.3340576847096,235.72898587023963,4,999
15186,334.2626761490847,234.03399689220274,0,993
15186,499.1606084551561,227.9099220815225,3,994
