count,mean,std,min,max
14762,502.45081967213116,288.4362081324933,0,999
14762,668.3263107979949,232.56617092243286,2,999
14762,334.9991871020187,236.81278062831487,0,998
14762,501.9809646389378,228.54333699120298,1,999
