count,mean,std,min,max
12559,664.6197149454574,236.51333348585936,9.0,999.0
12559,500.90994505932,289.67095236224156,0.0,999.0
12559,497.13217612867265,230.93811855830785,5.0,997.0
12559,,,,
12559,330.4442232661836,235.17519174797397,0.0,995.0
