count,mean,std,min,max
12570,503.83500397772474,289.3889906176517,0,999
12570,665.4380270485283,236.65470142489406,11,999
12570,333.93484486873507,237.30607940643125,0,984
12570,499.84868735083535,231.17829643392338,8,999
