count,mean,std,min,max
19593,498.8271831776655,289.7133589979979,0,999
19593,666.9821875159496,235.21907362315088,2,999
19593,332.5257489919869,235.60976957410844,0,988
19593,501.6620731894044,228.7186375632128,2,997
