count,mean,std,min,max
19395,499.3185357050786,288.562723153372,0,999
19395,664.6118071667955,236.07795422067443,7,999
19395,330.3786542923434,234.54689930094142,0,996
19395,497.2910028357824,229.4033573422687,3,996
