count,mean,std,min,max
11764,669.4942196531792,233.7545708761718,8.0,999.0
11764,503.0396973818429,287.3849444640875,0.0,999.0
11764,504.2678510710643,229.53136948856775,2.0,997.0
11764,,,,
11764,335.7059673580415,236.40477334740493,0.0,993.0
