count,mean,std,min,max
17589,500.6995849678776,289.337483309042,0,999
17589,667.1865370401956,235.86517498220522,7,999
17589,332.33287850361023,236.58045788726625,0,998
17589,502.16396611518564,230.8498411147284,4,998
