count,mean,std,min,max
16537,665.3289593033803,235.34117562425436,2.0,999.0
16537,501.6135332889883,289.1191304963544,0.0,999.0
16537,500.5854749954647,230.5466964306107,1.0,997.0
16537,,,,
16537,336.85632218661186,236.56326288690036,0.0,990.0
