count,mean,std,min,max
16779,496.0626974193933,287.89324384212506,0,999
16779,666.3920972644377,234.37522619906878,3,999
16779,330.44066988497525,234.5159945078158,0,993
16779,499.45169557184573,228.0707133849619,3,995
