count,mean,std,min,max
17896,498.25692892266426,287.61981738756253,0,999
17896,667.727369244524,234.5863863583842,2,999
17896,332.77738042020565,235.7289542592164,0,993
17896,499.3599128296826,229.25891087298373,2,995
