count,mean,std,min,max
16050,499.2880373831776,288.13500353245934,0,999
16050,665.2431152647976,236.87344918341452,13,999
16050,333.36685358255454,235.8961000677489,0,998
16050,499.33968847352025,230.07089448289122,2,998
