count,mean,std,min,max
14672,663.8866548527808,238.8555950009169,11.0,999.0
14672,499.0672028353326,290.77704237819034,0.0,999.0
14672,496.79232551799345,232.1445826053985,2.0,996.0
14672,,,,
14672,330.78176117775354,235.4344699183698,0.0,991.0
