count,mean,std,min,max
16804,502.34128778862174,288.39766796059973,0,999
16804,667.4996429421566,235.7731670734406,9,999
16804,333.4206736491312,233.92824856158796,0,993
16804,500.7953463461081,229.27728805910877,3,998
