count,mean,std,min,max
12869,498.47338565545107,288.2159955075559,0,999
12869,669.5832621027275,235.0728612162736,11,999
12869,333.76812495143366,234.65734681404226,0,985
12869,503.21182687077476,228.6996295570321,1,993
