count,mean,std,min,max
16802,496.8280561837876,288.5306629647587,0,999
16802,665.0878466849184,236.6569729506348,11,999
16802,329.117545530294,232.24096540190075,0,994
16802,496.37947863349603,228.68013060486697,7,997
