count,mean,std,min,max
18514,497.1620935508264,289.71364320759847,0,999
18514,667.2888084692665,235.6183401195161,7,999
18514,329.2361996327104,235.342255471802,0,993
18514,498.01663605919845,229.8673767731266,7,996
