count,mean,std,min,max
16329,502.54326658092964,288.8229305021777,0,999
16329,669.2970175760917,235.5128838058692,7,999
16329,334.5048686386184,235.37836094053625,0,990
16329,501.57082491273195,229.27321213426424,2,998
