count,mean,std,min,max
18129,500.1764024491147,288.83321711570693,0,999
18129,665.7859231066248,236.47480363490962,8,999
18129,334.8470406530972,236.62286334926648,0,994
18129,501.03100005516023,231.28127976922062,1,996
