count,mean,std,min,max
16015,665.8990945988136,236.33514374909458,2.0,999.0
16015,499.0947236965345,288.5015250701245,0.0,999.0
16015,500.1940056197315,229.82600379638401,1.0,996.0
16015,,,,
16015,334.22060568217296,235.94319429248526,0.0,992.0
