count,mean,std,min,max
14024,494.35802909298343,288.02375504908434,0,999
14024,662.8978180262408,238.33701384105478,8,999
14024,332.4532943525385,234.13392891743268,0,991
14024,497.78971762692527,230.07857406634912,0,997
