count,mean,std,min,max
10382,500.762184550183,289.0713853952269,0,999
10382,669.0962242342516,235.1721914373992,11,999
10382,329.89192833750724,235.52052727787893,0,992
10382,499.2772105567328,229.43520703406037,3,996
