count,mean,std,min,max
17178,501.0303877052043,289.50435429450175,0,999
17178,665.4990685760857,237.3441456900502,2,999
17178,334.7203981837234,237.18496024419514,0,989
17178,500.07853067877517,230.69181261965193,2,994
