count,mean,std,min,max
18625,497.0660939597315,290.4103092985918,0,999
18625,666.6670067114094,236.31696476985783,5,999
18625,332.46926174496645,236.80991857400596,0,993
18625,499.5581744966443,230.7973941270625,1,998
