count,mean,std,min,max
16666,667.5364214568583,235.7072177358594,2.0,999.0
16666,498.0231609264371,289.52899407042776,0.0,999.0
16666,499.53828153126125,231.68259893062242,1.0,996.0
16666,,,,
16666,331.68894755790234,237.2240097741584,0.0,993.0
