count,mean,std,min,max
14824,499.7051403130059,290.17119152638895,0,999
14824,667.3966540744739,237.2975780962223,7,999
14824,332.6985968699406,235.25612094668293,0,988
14824,501.71188613059905,230.86405874108715,2,996
