count,mean,std,min,max
12619,666.0469926301608,236.55124855918632,9.0,999.0
12619,497.02432839369203,288.9090231254492,0.0,999.0
12619,498.55788889769394,229.37270864763715,2.0,996.0
12619,,,,
12619,328.18020445360173,234.64988271972257,0.0,986.0
