count,mean,std,min,max
10374,494.182668208984,290.1541901272022,0,999
10374,663.9919992288413,236.53460289870958,8,999
10374,329.6985733564681,232.30578402385245,0,991
10374,497.01301330248697,227.85327078864108,1,992
