count,mean,std,min,max
12570,665.4380270485283,236.65470142489426,11.0,999.0
12570,503.83500397772474,289.38899061765187,0.0,999.0
12570,499.84868735083535,231.17829643392267,8.0,999.0
12570,,,,
12570,333.93484486873507,237.30607940643156,0.0,984.0
