count,mean,std,min,max
16466,499.1529211708976,289.5304326333623,0,999
16466,664.3080893963319,237.5821839761525,4,999
16466,332.89554232964895,234.80950796516228,0,995
16466,499.13889226284465,229.79736586048224,1,996
