count,mean,std,min,max
16654,495.94619911132463,288.20182731576125,0,999
16654,664.248769064489,237.1476803581924,2,999
16654,331.7668428005284,235.52316414937485,0,997
16654,498.14729194187584,229.8461820018425,2,998
