count,mean,std,min,max
13128,501.3139853747715,287.70680225590195,0,999
13128,669.6845673369896,233.94356203607316,11,999
13128,337.47364411943937,236.75558213876994,0,984
13128,502.9415752589884,228.46189212556175,6,994
