count,mean,std,min,max
17732,500.07376494473266,288.2253890291844,0,999
17732,666.2475186104218,234.3450167199537,12,999
17732,331.73815700428605,234.69153425705315,0,986
17732,500.27470110534625,229.42044089907185,1,993
