count,mean,std,min,max
14829,495.75487220985906,287.7025081656059,0,999
14829,660.7532537595253,236.19485826461988,5,999
14829,331.8504956504147,235.81058532630044,0,995
14829,493.33893047407105,228.19600259701465,2,999
