count,mean,std,min,max
15677,503.9099317471455,289.7849504036665,0,999
15677,668.9795879313644,235.1808850714581,6,999
15677,336.81086942654844,238.4049732010478,0,990
15677,503.95407284556995,231.61034918309332,5,998
