count,mean,std,min,max
18905,665.7729701137265,237.55998235665567,3.0,999.0
18905,500.2357048399894,289.92389735200845,0.0,999.0
18905,496.04252843163187,230.71955304337618,2.0,997.0
18905,,,,
18905,330.1563078550648,235.09190438579222,0.0,996.0
