count,mean,std,min,max
10219,506.038849202466,288.77533842604294,0,999
10219,667.2817301105783,236.41856091743816,4,999
10219,334.87307955768665,235.3711695012634,0,997
10219,501.17731676289264,229.53590294345906,2,997
