count,mean,std,min,max
13985,504.0903825527351,288.10135965010693,0,999
13985,668.998855917054,235.44583268826418,1,999
13985,334.7486592777976,234.9872631440149,0,986
13985,502.8935287808366,229.472693977932,1,997
