count,mean,std,min,max
12453,500.82486147916165,288.69301266081584,0,999
12453,664.9460370994941,235.60515198846036,13,999
12453,329.42142455633183,234.6194245212167,0,996
12453,496.1739339918092,228.33957298151643,3,996
