count,mean,std,min,max
10943,669.1311340583021,234.62522311731536,16.0,999.0
10943,503.01745408023396,288.4236602509704,0.0,999.0
10943,503.29553138992964,229.16743294850636,7.0,993.0
10943,,,,
10943,335.57616741295806,236.95294946842483,0.0,986.0
