count,mean,std,min,max
16505,667.2908209633445,236.2352601997001,7.0,999.0
16505,497.10554377461375,288.05175954058495,0.0,999.0
16505,502.23489851560134,229.29826910150362,5.0,998.0
16505,,,,
16505,332.2416843380794,236.0064304183502,0.0,987.0
