count,mean,std,min,max
19334,500.4683976414606,289.79036778185065,0,999
19334,666.8429192096825,235.06357785320003,8,999
19334,332.9064342608876,236.65573756702648,0,992
19334,501.15620151029276,230.16548510555862,5,997
