count,mean,std,min,max
16804,668.5572482742205,234.28497802259255,2.0,999.0
16804,500.67037610092837,288.6961709025699,0.0,999.0
16804,499.59914306117594,230.05647622880588,1.0,999.0
16804,,,,
16804,333.7367888597953,236.3531622036137,0.0,986.0
