count,mean,std,min,max
12463,497.63660434887265,287.9240152883573,0,999
12463,664.3280911498034,235.634673511519,5,999
12463,333.07165209018694,235.2250422371754,0,988
12463,498.1017411538153,229.07398084686196,4,997
