count,mean,std,min,max
13956,661.6947549441101,237.16399840501188,12.0,999.0
13956,495.8382774433935,289.454913167621,0.0,999.0
13956,496.9749928346231,229.73743713881228,2.0,998.0
13956,,,,
13956,331.96682430495844,235.19096514375175,0.0,989.0
