count,mean,std,min,max
12564,497.23424068767906,288.2399542799475,0,999
12564,667.8124005093919,232.96948429344945,5,999
12564,331.400270614454,235.01106957100768,0,992
12564,499.32577204711873,228.72549807077385,4,994
