count,mean,std,min,max
15940,666.3023839397741,236.3457651238462,6.0,999.0
15940,500.8276035131744,288.3231321141361,0.0,999.0
15940,499.92647427854456,230.13770074503967,1.0,997.0
15940,,,,
15940,332.9127979924718,235.2364582257078,0.0,995.0
