count,mean,std,min,max
11819,499.2440138759624,289.4882781980618,0,999
11819,667.5013960571961,236.68827861977593,3,999
11819,334.4964040951011,236.35200080690376,0,990
11819,501.3684744902276,230.11322610039676,3,998
