count,mean,std,min,max
19878,496.25616259181004,287.749803072721,0,999
19878,663.9173458094376,235.58930286763027,11,999
19878,332.61585672602877,234.67283818356987,0,994
19878,497.1102726632458,229.09132842644064,2,997
