count,mean,std,min,max
14133,497.4121559470742,288.94261246780053,0,999
14133,666.1070544116607,236.52352901620924,1,999
14133,329.4718035802731,235.38887193590352,0,998
14133,496.8480152833793,230.1257669929222,1,998
