count,mean,std,min,max
13626,667.8427271392925,233.30300272380876,5.0,999.0
13626,498.45670042565683,287.19237971966766,0.0,999.0
13626,498.60303830911494,228.88211682146868,2.0,999.0
13626,,,,
13626,333.4378394246294,236.46612246061588,0.0,985.0
