count,mean,std,min,max
14116,665.956290733919,235.7231260149265,11.0,999.0
14116,501.3143950127515,288.5433062523936,0.0,999.0
14116,498.8477614054973,230.19099399995255,4.0,997.0
14116,,,,
14116,333.43645508642675,236.26098221679678,0.0,997.0
