count,mean,std,min,max
13839,668.3474962063733,235.77271150596775,3.0,999.0
13839,498.34655683214106,289.9383488391602,0.0,999.0
13839,499.41867186935474,229.92692150691263,3.0,992.0
13839,,,,
13839,331.1056434713491,235.46879674019382,0.0,989.0
