count,mean,std,min,max
19502,499.39037021843916,287.81236597455774,0,999
19502,664.9751307558199,234.1347698521979,4,999
19502,334.0464054968721,235.61988992165377,0,997
19502,500.742129012409,229.6536588959456,1,998
