count,mean,std,min,max
12172,665.8934439697666,235.00847863370507,8.0,999.0
12172,499.08946763062767,290.46341866392873,0.0,999.0
12172,499.6484554715741,230.99707800869487,1.0,996.0
12172,,,,
12172,334.4686986526454,237.34759278815588,0.0,994.0
