count,mean,std,min,max
10152,500.99182427107957,288.7996402794429,0,999
10152,666.3373719464145,237.32825032895914,8,999
10152,335.0458037825059,237.87737414197483,0,996
10152,500.5248226950355,232.71999817686802,2,996
