count,mean,std,min,max
17648,501.0693563009973,288.896933445547,0,999
17648,667.8062669990934,235.58711692242744,6,999
17648,332.9435063463282,234.5890661527019,0,994
17648,500.3117067089755,228.25423158631642,6,999
