count,mean,std,min,max
18801,500.9938833040796,289.1691026188531,0,999
18801,666.4225307164512,235.47006511376438,5,999
18801,333.90133503537044,238.11698067989826,0,997
18801,501.77352268496355,230.78154652384026,3,997
