count,mean,std,min,max
13765,496.15532146749,288.51544853877755,0,999
13765,664.7513258263713,236.10882121781472,10,999
13765,328.1112967671631,234.04784436831468,0,994
13765,496.90497638939337,230.21647219671357,1,994
