count,mean,std,min,max
15884,667.9729287333165,235.58032692429265,1.0,999.0
15884,501.64813648954924,288.3737206907791,0.0,999.0
15884,500.78544447242507,230.12770281797694,1.0,997.0
15884,,,,
15884,332.3633845378998,234.13134003934624,0.0,993.0
