count,mean,std,min,max
17676,496.678716904277,288.6615063667046,0,999
17676,664.6055668703326,235.57248694630292,2,999
17676,332.8069699026929,236.10907715666988,0,995
17676,497.2098891151844,230.57956562867727,2,999
