count,mean,std,min,max
18354,502.4760815081181,289.8791449990445,0,999
18354,667.2315026697178,236.04084063441576,6,999
18354,334.24457883840034,236.69615605857135,0,998
18354,499.4828920126403,230.1016229537806,2,998
