count,mean,std,min,max
18875,666.8743841059603,234.51541884624646,1.0,999.0
18875,501.26553642384107,287.6267509852816,0.0,999.0
18875,499.1289536423841,229.7653326590344,1.0,995.0
18875,,,,
18875,333.67300662251654,236.97023913413784,0.0,991.0
