count,mean,std,min,max
13846,500.7927199191102,290.0297464359614,0,999
13846,667.5421060234003,235.24895228745007,10,999
13846,335.790842120468,235.97978536908028,0,989
13846,501.6050845009389,229.8335753190873,0,997
