count,mean,std,min,max
11091,500.9303038499684,289.7020865116514,0,999
11091,668.4293571364169,236.72037991864843,8,999
11091,332.8317554774141,238.90008853994428,0,990
11091,500.72518258047063,231.86263585948927,5,996
