count,mean,std,min,max
14377,499.15587396536137,289.01205074571067,0,999
14377,671.2165959518676,233.88292936135292,1,999
14377,334.1953119565973,236.2431208663054,0,994
14377,505.13347708144954,229.0918448489285,0,997
