count,mean,std,min,max
10296,504.0740093240093,288.6883374054935,0,999
10296,667.4740675990676,235.07107521084305,7,999
10296,337.7558275058275,239.2167951871207,0,987
10296,502.3583916083916,230.09472077369088,6,997
