count,mean,std,min,max
13624,501.17814151497356,288.05878151067213,0,999
13624,667.6169260129184,235.11355125069232,1,999
13624,335.17263652378153,237.98053477238636,0,996
13624,500.8556224310041,230.87499163806993,1,996
