count,mean,std,min,max
17950,665.4418384401114,235.44873187546474,2.0,999.0
17950,499.4928133704735,287.97504961968684,0.0,999.0
17950,499.1285793871866,228.05037221636937,0.0,998.0
17950,,,,
17950,333.1257938718663,234.15137317805755,0.0,992.0
