count,mean,std,min,max
19213,499.83370634466246,287.0640290991047,0,999
19213,666.8197054077968,234.50449369015422,4,999
19213,334.1759746005309,235.2562917326676,0,991
19213,499.48003955655025,229.2536126315135,0,999
