count,mean,std,min,max
14518,665.0910593745695,237.67321583847746,2.0,999.0
14518,498.13459154153463,289.2538825492637,0.0,999.0
14518,497.8812508610001,229.5778586873189,2.0,998.0
14518,,,,
14518,333.1361069017771,235.5731287249282,0.0,986.0
