count,mean,std,min,max
16819,498.4318925025269,288.0161112481351,0,999
16819,667.1766454604912,233.03225349331623,2,999
16819,333.1240263987157,236.203255350315,0,985
16819,500.8944051370474,228.21029143921828,1,992
