count,mean,std,min,max
18437,664.0705103867224,237.4216279475273,1.0,999.0
18437,499.085263329175,288.7527065041201,0.0,999.0
18437,498.51271898898955,230.87396687446957,1.0,995.0
18437,,,,
18437,334.2696208710745,236.06274203522437,0.0,990.0
