count,mean,std,min,max
14672,499.0672028353326,290.7770423781904,0,999
14672,663.8866548527808,238.85559500091637,11,999
14672,330.78176117775354,235.43446991837044,0,991
14672,496.79232551799345,232.1445826053987,2,996
