count,mean,std,min,max
16859,665.3337089981612,236.29965163333208,6.0,999.0
16859,497.56622575478974,288.6156746277303,0.0,999.0
16859,497.3857880064061,230.6647306971543,5.0,996.0
16859,,,,
16859,330.6705024022777,234.6312594140539,0.0,992.0
