count,mean,std,min,max
17044,498.32580380192445,287.67731346833125,0,999
17044,663.015606665102,237.54389297210494,6,999
17044,331.7426660408355,237.22616664584174,0,990
17044,497.03367754048344,231.68126225434878,0,994
