count,mean,std,min,max
15940,500.8276035131744,288.32313211413646,0,999
15940,666.3023839397741,236.34576512384626,6,999
15940,332.9127979924718,235.2364582257078,0,995
15940,499.92647427854456,230.1377007450392,1,997
