count,mean,std,min,max
11002,498.707962188693,290.1778106172361,0,999
11002,665.6287038720233,236.82815416950967,4,999
11002,332.64097436829667,235.94921252789322,0,988
11002,499.1530630794401,230.72575099013935,0,995
