count,mean,std,min,max
19780,669.212891809909,236.0406605075519,6.0,999.0
19780,501.8659251769464,290.3761855918706,0.0,999.0
19780,500.97912032355913,230.42090099683637,4.0,998.0
19780,,,,
19780,331.71415571284126,235.20170717409044,0.0,991.0
