count,mean,std,min,max
14781,662.7751167038766,234.77005916968886,3.0,999.0
14781,493.9416142344902,289.6063382673454,0.0,999.0
14781,496.43467965631555,229.516227442017,0.0,994.0
14781,,,,
14781,328.024693863744,235.28359733812647,0.0,990.0
