count,mean,std,min,max
10333,501.065518242524,289.42120218282747,0,999
10333,665.7871866834414,237.08107969460465,2,999
10333,335.78167037646375,236.49126334648147,0,988
10333,501.48814477886384,229.48008275557885,0,998
