count,mean,std,min,max
12453,664.9460370994941,235.60515198846036,13.0,999.0
12453,500.82486147916165,288.69301266081584,0.0,999.0
12453,496.1739339918092,228.33957298151643,3.0,996.0
12453,,,,
12453,329.42142455633183,234.61942452121667,0.0,996.0
