count,mean,std,min,max
18175,499.40995873452545,286.08786048230826,0,999
18175,662.9748005502063,235.6468420367975,2,999
18175,331.9565887207703,233.61919739354863,0,985
18175,497.1033837689133,229.43659070632341,2,996
