count,mean,std,min,max
11064,669.4838214027476,235.04425071135904,11.0,999.0
11064,505.022143890094,288.4725651147682,0.0,999.0
11064,501.0163593637021,229.9149932002072,5.0,999.0
11064,,,,
11064,336.402114967462,237.05711151552984,0.0,996.0
