count,mean,std,min,max
10434,499.70366110791645,288.7726809106242,0,999
10434,666.6354226566992,236.72360890521864,18,999
10434,332.5796434732605,234.88841695384033,0,990
10434,499.6888058271037,230.07796147275954,3,997
