count,mean,std,min,max
12010,667.9381348875937,236.4398762015928,7.0,999.0
12010,503.2519567027477,288.7245851159543,0.0,999.0
12010,500.24829308909244,231.13670449983104,2.0,999.0
12010,,,,
12010,331.57085761865113,235.2247506907189,0.0,989.0
