count,mean,std,min,max
11086,666.2185639545372,235.38380819437157,3.0,999.0
11086,504.56855493415117,287.2128582197708,0.0,999.0
11086,501.883456611943,230.23873578452358,2.0,999.0
11086,,,,
11086,337.29289193577483,236.89389664175636,0.0,998.0
