count,mean,std,min,max
19157,497.54622331262726,289.69721615397253,0,999
19157,666.4342015973274,236.14384924354084,5,999
19157,330.4904212559378,235.36506450199843,0,994
19157,498.0537140470846,230.56636190029465,1,998
