count,mean,std,min,max
19134,496.72274485209573,289.5132209310867,0,999
19134,662.9253684540608,236.80553876677175,4,999
19134,329.43336469112575,234.14941444547918,0,995
19134,495.5578551269991,229.6213733366306,2,996
