count,mean,std,min,max
10219,667.2817301105783,236.4185609174379,4.0,999.0
10219,506.038849202466,288.77533842604373,0.0,999.0
10219,501.17731676289264,229.5359029434587,2.0,997.0
10219,,,,
10219,334.87307955768665,235.3711695012629,0.0,997.0
