count,mean,std,min,max
17166,661.2056390539439,237.9912812114384,3.0,999.0
17166,496.5020389141326,288.0092820449564,0.0,999.0
17166,494.30997320284285,230.30167498116685,3.0,998.0
17166,,,,
17166,330.0644296865898,235.1905771038641,0.0,992.0
