count,mean,std,min,max
10080,496.3389880952381,288.9997805703787,0,999
10080,664.7842261904761,236.33464716821496,16,999
10080,329.9656746031746,235.36445618905086,0,991
10080,497.3688492063492,229.95115814951677,0,997
