count,mean,std,min,max
13991,668.913944678722,234.2027857339892,2.0,999.0
13991,498.69022943320704,287.5053610407787,0.0,999.0
13991,499.4943892502323,228.49978881585184,2.0,992.0
13991,,,,
13991,332.09041526695734,233.75648280654698,0.0,988.0
