count,mean,std,min,max
16966,498.4072851585524,289.86009345705213,0,999
16966,665.1625604149475,236.42868243486947,6,999
16966,331.11623246492985,236.3043740467144,0,992
16966,497.8853589532005,230.09345069353455,4,997
