count,mean,std,min,max
17276,500.42585089141005,287.3457347671203,0,999
17276,667.020432970595,234.6821622258171,6,999
17276,336.233271590646,234.0830282913245,0,989
17276,503.18366520027786,228.22895836715307,0,996
