count,mean,std,min,max
12066,497.80250290071274,289.27348588576746,0,999
12066,667.7785513011769,234.14459109508883,5,999
12066,332.7555942317255,235.08492337336918,0,986
12066,499.2759820984585,229.07527450767725,4,992
