count,mean,std,min,max
14629,501.5764577209652,287.243726744871,0,999
14629,664.0556429010869,234.99387682006324,4,999
14629,334.3301661084148,234.28696848051072,0,992
14629,499.0491489507143,228.75039349785638,3,996
