count,mean,std,min,max
17727,502.79432504089806,287.82595551362357,0,999
17727,665.6923337282112,235.67391133713983,9,999
17727,337.1097196367124,236.21419798847512,0,996
17727,502.33654876741696,228.76915210506766,2,998
