count,mean,std,min,max
12000,501.4365833333333,288.6111810830393,0,999
12000,668.4864166666666,233.91544309508424,15,999
12000,333.1385,236.68788783424742,0,997
12000,499.514,229.49723539167314,7,999
