count,mean,std,min,max
14227,500.2350460392212,288.03372075847636,0,999
14227,667.5135306108104,234.56434489388664,2,999
14227,333.23335910592533,236.16903800456987,0,998
14227,500.0597455542279,229.90855785536908,2,998
