count,mean,std,min,max
17778,666.2602654966813,237.4939462700246,4.0,999.0
17778,496.79367757903026,290.0914219487094,0.0,999.0
17778,498.89014512318596,230.92769154098744,1.0,999.0
17778,,,,
17778,332.14084823939703,235.11550367511518,0.0,994.0
