count,mean,std,min,max
19259,499.7572563476816,290.4927383963938,0,999
19259,665.1708292227011,236.70175636218298,7,999
19259,331.6316527337868,236.6482375915838,0,992
19259,498.9779323952438,231.52665829210696,2,995
