count,mean,std,min,max
10006,497.8805716570058,290.2725673339451,0,999
10006,663.7742354587248,236.98878972761952,12,999
10006,332.91974815110933,237.8132651498564,0,995
10006,498.16070357785327,232.09583305394384,3,996
