count,mean,std,min,max
11245,500.5549132947977,288.6167496656601,0,999
11245,665.1009337483326,238.6712133884972,5,999
11245,332.7508225878168,235.03091219535173,0,994
11245,497.21147176522896,232.4370502143688,3,998
