count,mean,std,min,max
18897,662.7669471344658,235.57874799959959,0.0,999.0
18897,495.1647351431444,288.4806142275655,0.0,999.0
18897,498.0591099116262,229.72401678381314,0.0,998.0
18897,,,,
18897,330.22426840239194,233.69148413252026,0.0,991.0
