count,mean,std,min,max
12819,667.8250253529917,234.40972775441108,11.0,999.0
12819,495.51977533348935,289.36213170067964,0.0,999.0
12819,498.544816288322,229.46217025950696,2.0,997.0
12819,,,,
12819,328.2086746236056,233.22724997792514,0.0,987.0
