count,mean,std,min,max
16382,500.8286534000733,289.54793846687386,0,999
16382,669.7956293492858,235.68140785779437,5,999
16382,332.50341838603345,235.88912432786776,0,990
16382,502.10914418263945,230.58254205851546,3,997
