count,mean,std,min,max
19280,498.6872925311203,289.28677250980866,0,999
19280,667.8232883817427,236.14101995027343,6,999
19280,333.43127593361,238.0043373028276,0,994
19280,500.16846473029045,232.21006286471655,1,999
