count,mean,std,min,max
14116,501.3143950127515,288.5433062523942,0,999
14116,665.956290733919,235.7231260149264,11,999
14116,333.43645508642675,236.26098221679666,0,997
14116,498.8477614054973,230.1909939999533,4,997
