count,mean,std,min,max
14072,666.9282973280273,235.93938141593773,5.0,999.0
14072,498.6418419556566,290.2639927369577,0.0,999.0
14072,498.9177799886299,229.80374682472709,1.0,998.0
14072,,,,
14072,330.9088260375213,236.44534036074865,0.0,995.0
