count,mean,std,min,max
17758,498.2366820587904,289.4259153742914,0,999
17758,666.7904606374592,236.17147560561887,4,999
17758,332.7932199572024,235.4323064823797,0,994
17758,500.38422119608066,229.71166437576306,2,998
