count,mean,std,min,max
14711,497.66576031541024,288.11226420868576,0,999
14711,668.2413160220243,234.1465047322346,7,999
14711,329.1593365508803,233.3011475751881,0,990
14711,499.5450343280538,227.84815836624108,5,995
