count,mean,std,min,max
17757,664.0947795235681,235.42471428528634,8.0,999.0
17757,499.75294250154866,286.1886049692717,0.0,999.0
17757,498.7266430140226,228.80850781061295,3.0,999.0
17757,,,,
17757,336.40637495072366,235.12014485894804,0.0,997.0
