count,mean,std,min,max
15741,669.0178514706816,232.51974625930563,10.0,999.0
15741,501.6450034940601,287.2742795791516,0.0,999.0
15741,500.5946890286513,228.72761999741667,3.0,997.0
15741,,,,
15741,334.343688456896,235.91225522000565,0.0,994.0
