count,mean,std,min,max
14824,667.3966540744739,237.29757809622203,7.0,999.0
14824,499.7051403130059,290.17119152638884,0.0,999.0
14824,501.71188613059905,230.86405874108712,2.0,996.0
14824,,,,
14824,332.6985968699406,235.25612094668355,0.0,988.0
