count,mean,std,min,max
19778,494.68156537566995,289.0624442099198,0,999
19778,665.053594903428,235.28650418134143,12,999
19778,330.17858226312063,235.38055038896704,0,988
19778,496.50409545960156,230.01006704801648,7,998
