count,mean,std,min,max
18336,497.73031195462477,285.85701813712757,0,999
18336,667.6685754799302,234.7130041649687,5,999
18336,334.7319480802792,236.05266308700504,0,988
18336,503.2265488656195,229.79594805587143,3,997
