count,mean,std,min,max
15669,496.6674963303338,289.10412952064485,0,999
15669,663.5859978301104,235.82211118567676,8,999
15669,331.3015508328547,236.69589056732147,0,990
15669,497.50328674452743,230.7261988336643,3,998
