count,mean,std,min,max
16720,663.8736842105263,235.6488616167747,8.0,999.0
16720,498.44366028708134,288.7593432368842,0.0,999.0
16720,496.9498205741627,228.68251777302953,2.0,993.0
16720,,,,
16720,333.34156698564595,235.6428200208244,0.0,992.0
