count,mean,std,min,max
10929,668.344130295544,233.23128565159186,11.0,999.0
10929,505.8987098545155,287.57383622360874,0.0,999.0
10929,504.39225912709304,229.55939068780833,5.0,996.0
10929,,,,
10929,336.8816909140818,236.15829074877053,0.0,988.0
