count,mean,std,min,max
18875,501.26553642384107,287.62675098528024,0,999
18875,666.8743841059603,234.51541884624567,1,999
18875,333.67300662251654,236.97023913413804,0,991
18875,499.1289536423841,229.76533265903416,1,995
