count,mean,std,min,max
15624,665.7415514592934,234.72574808754644,8.0,999.0
15624,496.45526113671275,286.33241182683173,0.0,999.0
15624,498.21050947260625,228.49928636836796,4.0,998.0
15624,,,,
15624,331.13300051203277,233.6649055311256,0.0,998.0
