count,mean,std,min,max
16738,502.6868801529454,288.7148919219841,0,999
16738,667.9950412235631,235.14710729958838,6,999
16738,334.2652646672243,234.74587229141747,0,990
16738,501.91307205161905,229.82319403188342,2,998
