count,mean,std,min,max
14427,496.8646981354405,290.1943773502383,0,999
14427,667.5351077840161,236.17980168147494,7,999
14427,330.4025784986484,235.6055343655099,0,988
14427,498.0844943508699,230.64713119107518,5,995
