count,mean,std,min,max
19972,500.60529741638294,288.0800584074714,0,999
19972,666.6254756659323,236.16211384708453,7,999
19972,333.8432305227318,236.48939192880485,0,992
19972,500.9283496895654,229.65712899651894,2,996
