count,mean,std,min,max
12343,494.465608036944,289.08727157637816,0,999
12343,663.2979016446569,237.2054141300292,8,999
12343,329.26209187393664,233.5154280200402,0,990
12343,495.46366361500446,230.82397470037202,2,996
