count,mean,std,min,max
19664,666.4733523189585,235.5700413241383,8.0,999.0
19664,500.4046480878763,288.2945677242982,0.0,999.0
19664,501.33218063466234,229.65621972927605,4.0,997.0
19664,,,,
19664,334.33579129373476,236.00756525470257,0.0,992.0
