count,mean,std,min,max
12851,665.565403470547,235.8446240119971,8.0,999.0
12851,501.6502995875807,287.94037272472195,0.0,999.0
12851,499.2577231343864,230.73518980611075,3.0,996.0
12851,,,,
12851,336.5621352423936,235.53046464744847,0.0,983.0
