count,mean,std,min,max
17752,499.9435556557008,288.96343114591235,0,999
17752,665.7885308697612,236.32982399683718,8,999
17752,332.94592158630013,235.56927239332944,0,993
17752,499.5196034249662,229.70278896155872,2,999
