count,mean,std,min,max
11819,498.7598781622811,288.20446776960483,0,999
11819,665.248159742787,236.67193275193475,8,999
11819,331.0851171841949,234.59420507262433,0,996
11819,496.64057872916493,230.35346903273953,1,999
