count,mean,std,min,max
15769,498.5252711015283,287.8013436480063,0,999
15769,664.8804616652926,236.13099571612636,7,999
15769,332.58037922506185,235.43371065701768,0,993
15769,499.2579110913818,228.89156368165186,5,997
