count,mean,std,min,max
10218,497.0791740066549,287.61874337972574,0,999
10218,664.4939322763751,236.25486404173935,13,999
10218,329.1460168330397,235.03217761057758,0,993
10218,496.34664317870426,230.9005736107878,7,996
