count,mean,std,min,max
13969,499.69188918319134,287.2359081253566,0,999
13969,665.0161070942802,234.4803446530883,6,999
13969,333.0774572267163,235.80574896528793,0,983
13969,499.3510630682225,230.12846722030218,2,995
