count,mean,std,min,max
19314,664.5722791757274,237.73213147041716,3.0,999.0
19314,500.2825411618515,289.80398115812727,0.0,999.0
19314,499.22087604846223,232.17788855323593,3.0,996.0
19314,,,,
19314,333.7661281971627,236.332924513461,0.0,983.0
