count,mean,std,min,max
15242,494.14000787298255,289.78115012493777,0,999
15242,662.9195643616323,236.78617325224548,5,999
15242,329.3613042907755,234.56966075382198,0,985
15242,495.6763548090802,229.26426321072634,5,997
