count,mean,std,min,max
18458,499.2172499729115,289.0524292686364,0,999
18458,664.2742442301441,236.28443397007987,9,999
18458,335.5070971936288,237.17954716602637,0,992
18458,498.547025679922,230.2416215532759,3,997
