count,mean,std,min,max
15812,662.2654945610929,235.32794674264505,6.0,999.0
15812,496.2683405008854,287.99958147418533,0.0,999.0
15812,496.69788768024284,229.0455006416959,0.0,993.0
15812,,,,
15812,331.8597900328864,233.7132064947233,0.0,993.0
