count,mean,std,min,max
11414,497.79945680742946,287.8767141280486,0,999
11414,662.9050289118626,237.9931657836521,16,999
11414,332.8407219204486,235.5248671850006,0,989
11414,496.4823024356054,232.0698240138727,6,999
