count,mean,std,min,max
13930,503.84967695620963,289.1642070404328,0,999
13930,670.289303661163,233.92484373265137,4,999
13930,336.8447954055994,237.21123520811014,0,992
13930,503.8625269203159,231.5569438813654,1,998
