count,mean,std,min,max
19817,496.76479790079225,289.0081711433728,0,999
19817,666.2099207750921,236.3675028923724,1,999
19817,332.81394762072966,236.6084580600597,0,994
19817,499.953524751476,230.3217427370836,0,998
