count,mean,std,min,max
14283,499.2672407757474,289.18759819076513,0,999
14283,665.6075054260309,235.04182450936077,5,999
14283,331.28418399495905,236.6686297236672,0,995
14283,497.98151648813274,229.8024542560415,4,998
