count,mean,std,min,max
16720,498.44366028708134,288.75934323688426,0,999
16720,663.8736842105263,235.6488616167749,8,999
16720,333.34156698564595,235.64282002082464,0,992
16720,496.9498205741627,228.6825177730291,2,993
