count,mean,std,min,max
19290,666.3357698289269,234.3279538020616,4.0,999.0
19290,499.7582166925868,287.96967278610396,0.0,999.0
19290,498.24250907205806,229.25833142096474,1.0,998.0
19290,,,,
19290,332.54919647485747,234.87596944556682,0.0,995.0
