count,mean,std,min,max
18235,496.72766657526734,288.5182243805865,0,999
18235,666.1157663833287,235.4962846600547,0,999
18235,333.62182615848644,235.60861100090796,0,997
18235,499.68127227858514,229.4847134663555,0,999
