count,mean,std,min,max
12670,500.07316495659035,288.62983046378486,0,999
12670,665.9105761641673,233.01421199526592,14,999
12670,335.9198105761642,236.29317117910824,0,989
12670,500.3617995264404,229.03535926521525,7,998
