count,mean,std,min,max
10888,498.2650624540779,290.48384316904355,0,999
10888,666.0895481263776,236.09234634681275,9,999
10888,332.46170095518,235.27559203951296,0,994
10888,499.97648787656135,230.1891295468198,3,996
