count,mean,std,min,max
15903,496.7782808275168,288.767746177505,0,999
15903,663.7408665031755,237.43572128070136,9,999
15903,332.8023643337735,234.56202209753158,0,990
15903,498.6127774633717,230.49247766264114,1,996
