count,mean,std,min,max
15610,665.1499679692505,236.1457126690082,2.0,999.0
15610,497.2801409352979,289.1177167380569,0.0,999.0
15610,501.79564381806534,230.0603190623257,2.0,997.0
15610,,,,
15610,335.67866752082,237.16356240625058,0.0,994.0
