count,mean,std,min,max
19259,665.1708292227011,236.70175636218264,7.0,999.0
19259,499.7572563476816,290.4927383963952,0.0,999.0
19259,498.9779323952438,231.5266582921063,2.0,995.0
19259,,,,
19259,331.6316527337868,236.64823759158395,0.0,992.0
