count,mean,std,min,max
16488,499.0466399805919,289.2109555987613,0,999
16488,669.1317928190199,234.66850579683572,5,999
16488,331.0050339640951,237.86307310468646,0,999
16488,499.4099344978166,228.53207985174436,2,999
