count,mean,std,min,max
10033,498.94697498255755,291.6728752683966,0,999
10033,667.245988238812,238.1224113459085,7,999
10033,333.0192365194857,238.8863130923787,0,995
10033,498.53274195155984,232.17172669226122,6,996
