count,mean,std,min,max
15370,500.53832140533507,290.07125268970924,0,999
15370,666.4465842550422,236.16181376396023,5,999
15370,330.662589459987,236.90869024944888,0,995
15370,500.10221210149643,230.8004505374695,0,998
