count,mean,std,min,max
11241,502.9534738902233,289.0883733459577,0,999
11241,669.351392224891,236.3772897969175,1,999
11241,334.29410194822526,237.6749907305533,0,994
11241,500.7187082999733,230.42322282111857,0,997
