count,mean,std,min,max
18370,497.0041916167665,288.5250696352141,0,999
18370,664.6516603157322,236.15547449058263,5,999
18370,333.40952640174197,236.2535661458355,0,988
18370,498.2720195971693,230.1705273245661,0,997
