count,mean,std,min,max
16804,500.67037610092837,288.69617090257026,0,999
16804,668.5572482742205,234.2849780225919,2,999
16804,333.7367888597953,236.35316220361295,0,986
16804,499.59914306117594,230.05647622880608,1,999
