count,mean,std,min,max
10215,502.3722956436613,288.58472082995223,0,999
10215,668.8776309348997,234.16822393716586,11,999
10215,331.807342143906,234.3535837103817,0,997
10215,501.55408712677433,229.80273035003916,1,999
