count,mean,std,min,max
18811,501.24788687470095,289.109273071338,0,999
18811,667.4319281271596,236.526868833476,5,999
18811,334.99909627345704,235.7205480369923,0,996
18811,501.7513157195258,230.06766989343222,0,999
