count,mean,std,min,max
15540,668.0258687258687,234.2395925760896,9.0,999.0
15540,499.56106821106823,288.98992427678337,0.0,999.0
15540,498.92458172458174,228.73610173109137,1.0,994.0
15540,,,,
15540,330.86280566280567,234.33750775291222,0.0,990.0
