count,mean,std,min,max
14762,502.225782414307,288.31003615996406,0,999
14762,668.5736350088064,234.81018463284954,10,999
14762,335.47825497900016,237.07797385660112,0,997
14762,500.48936458474464,229.5827148129273,2,997
