count,mean,std,min,max
14282,665.5116230219858,236.73117324067675,4.0,999.0
14282,500.41079680716985,286.2713186790909,0.0,999.0
14282,498.7134855062316,230.6736479971418,1.0,997.0
14282,,,,
14282,333.65530037809833,233.86031757642928,0.0,997.0
