count,mean,std,min,max
19866,501.2475586429075,289.1359993178217,0,999
19866,665.4668277458975,235.3195145562904,7,999
19866,333.0956407933152,237.18656754108702,0,993
19866,499.3703815564281,230.6892414874552,5,999
