count,mean,std,min,max
14836,663.9523456457266,236.51306749511133,6.0,999.0
14836,498.49110272310594,287.7880412946392,0.0,999.0
14836,498.68293340523053,230.68824627896888,1.0,999.0
14836,,,,
14836,332.79596926395254,235.48827994152646,0.0,998.0
