count,mean,std,min,max
11971,661.3562776710384,237.91008345416367,2.0,999.0
11971,493.15362125135744,289.0402177776341,0.0,999.0
11971,492.31626430540473,229.53841129011295,0.0,998.0
11971,,,,
11971,327.1410909698438,234.74617812680694,0.0,988.0
