count,mean,std,min,max
19918,499.94286574957323,288.0371895305458,0,999
19918,666.0482980218898,235.1738946692658,7,999
19918,334.218445627071,236.12915169184504,0,995
19918,501.05954413093684,229.29922640566886,1,996
