count,mean,std,min,max
14377,671.2165959518676,233.88292936135267,1.0,999.0
14377,499.15587396536137,289.01205074571124,0.0,999.0
14377,505.13347708144954,229.0918448489289,0.0,997.0
14377,,,,
14377,334.1953119565973,236.2431208663056,0.0,994.0
