count,mean,std,min,max
19955,501.8683537960411,287.27567889458567,0,999
19955,669.00461037334,234.73450372589667,3,999
19955,336.6733650714107,236.46480189556422,0,995
19955,501.8740666499624,230.0211976201109,1,997
