count,mean,std,min,max
12559,500.90994505932,289.67095236224156,0,999
12559,664.6197149454574,236.51333348585936,9,999
12559,330.4442232661836,235.17519174797397,0,995
12559,497.13217612867265,230.93811855830782,5,997
