count,mean,std,min,max
13058,498.4637004135396,288.5243541283368,0,999
13058,664.1335579721243,236.10885653139877,10,999
13058,331.4964772553224,235.52687101973834,0,987
13058,497.6242150405881,229.7281631663076,2,995
