count,mean,std,min,max
18988,500.90609858858227,288.37170427396194,0,999
18988,668.1540446597851,235.13212667957404,12,999
18988,334.367863914051,235.83945439059067,0,991
18988,502.69280598272593,228.64497047308177,2,997
