count,mean,std,min,max
16521,504.99092064645,291.02224279483795,0,999
16521,668.1190605895526,237.74068609756145,12,999
16521,333.4066339809939,237.66979940498956,0,997
16521,499.39023061558015,231.28638934725367,2,997
