count,mean,std,min,max
16814,503.0188533365053,289.43635524343205,0,999
16814,667.5266444629475,234.3674323666738,14,999
16814,334.92494349946475,236.0112563155341,0,999
16814,500.95105269418343,229.38978665865108,5,999
