count,mean,std,min,max
11007,504.8608158444626,288.1062852143909,0,999
11007,668.7648768965204,236.07148628821125,8,999
11007,338.87135459253204,236.652058104964,0,995
11007,503.8367402562006,231.23824645560526,7,997
