count,mean,std,min,max
15699,498.5474234027645,288.2356244854723,0,999
15699,668.5307344416842,233.6699991178705,5,999
15699,333.17982037072426,235.1791454081379,0,991
15699,499.85425823300847,228.8563512130733,2,999
