count,mean,std,min,max
13960,668.7664040114613,234.46442273985036,3.0,999.0
13960,502.114899713467,290.1099746393791,0.0,999.0
13960,501.2413323782235,230.49714784304987,1.0,996.0
13960,,,,
13960,332.5199140401146,235.57148343975666,0.0,994.0
