count,mean,std,min,max
18292,497.64159195276625,287.84065097187556,0,999
18292,665.746883883665,235.5771043386623,8,999
18292,334.54963918652965,236.4718350223178,0,993
18292,499.6301661928712,230.17217315991257,1,998
