count,mean,std,min,max
19549,502.9691544324518,290.15733971144897,0,999
19549,666.8084300987263,236.83830956319224,9,999
19549,335.72085528671545,236.5946398783325,0,998
19549,500.4375671389841,230.26340632577924,3,999
