count,mean,std,min,max
13493,499.32661379974803,290.7173376037474,0,999
13493,669.6385533239458,234.89023845152923,0,999
13493,331.85451715704437,235.93837185598113,0,984
13493,502.9448602979323,230.32255977833515,0,993
