count,mean,std,min,max
10782,499.99703209052126,286.69511544887735,0,999
10782,668.0043591170469,232.93408228315138,18,999
10782,331.87302912261174,235.19458148143843,0,997
10782,500.57113708031903,227.11847376613025,6,998
