count,mean,std,min,max
17752,665.7885308697612,236.32982399683755,8.0,999.0
17752,499.9435556557008,288.9634311459124,0.0,999.0
17752,499.5196034249662,229.70278896155983,2.0,999.0
17752,,,,
17752,332.94592158630013,235.5692723933293,0.0,993.0
