count,mean,std,min,max
12766,498.76844743850853,287.87665672867183,0,999
12766,665.3647187842707,235.0843573320607,12,999
12766,330.6838477205076,234.11572158564735,0,989
12766,500.6663011123296,228.49792497739838,2,999
