count,mean,std,min,max
19395,499.3185357050786,288.5627231533718,0,999
19395,664.6118071667955,236.07795422067522,7,999
19395,330.3786542923434,234.54689930094136,0,996
19395,497.2910028357824,229.40335734226923,3,996
