count,mean,std,min,max
15669,663.5859978301104,235.82211118567702,8.0,999.0
15669,496.6674963303338,289.10412952064473,0.0,999.0
15669,497.50328674452743,230.72619883366426,3.0,998.0
15669,,,,
15669,331.3015508328547,236.69589056732028,0.0,990.0
