count,mean,std,min,max
19240,669.1669958419958,234.9841921976731,9.0,999.0
19240,502.94532224532225,288.41555223277754,0.0,999.0
19240,501.5373180873181,229.13804129199013,1.0,996.0
19240,,,,
19240,333.5737525987526,234.6336668172085,0.0,990.0
