count,mean,std,min,max
17499,499.313789359392,287.6997172884339,0,999
17499,663.9438825075719,235.53124594999645,2,999
17499,334.36110634893424,234.72597588756784,0,998
17499,500.4883707640437,228.80435226213666,0,998
