count,mean,std,min,max
10367,500.1381306067329,288.64898302941253,0,999
10367,664.1562650718627,236.11444910155458,6,999
10367,336.6764734252918,237.25270071978028,0,992
10367,501.2187711006077,229.23097445910452,4,993
