count,mean,std,min,max
17272,666.8506252894858,234.81866290294667,6.0,999.0
17272,501.69632931912923,288.5419922359608,0.0,999.0
17272,500.0388490041686,229.72153140055738,5.0,997.0
17272,,,,
17272,333.5100741083835,235.91478598333322,0.0,996.0
