count,mean,std,min,max
12776,663.415623043206,235.81573439943256,7.0,999.0
12776,494.3531621790858,288.91304450018765,0.0,999.0
12776,496.9353475266124,228.1648579318754,2.0,998.0
12776,,,,
12776,329.0396837820914,233.25791724895564,0.0,995.0
