count,mean,std,min,max
14070,498.5233830845771,289.3172449921325,0,999
14070,664.7508884150675,235.04049642737823,16,999
14070,332.9637526652452,236.66554962791932,0,996
14070,501.7821606254442,231.03342625858755,1,996
