count,mean,std,min,max
17846,667.7857783256752,234.23700307117068,2.0,999.0
17846,498.3130113190631,288.1878669423385,0.0,999.0
17846,500.41482685195564,229.9643821065509,1.0,997.0
17846,,,,
17846,330.7979379132579,235.6601479164554,0.0,989.0
