count,mean,std,min,max
19299,500.6963573242137,287.7287772209396,0,999
19299,666.6391522876833,235.53893798632916,3,999
19299,333.7514378983367,234.64664104207114,0,997
19299,499.2291310430592,228.99754060377336,2,997
