count,mean,std,min,max
13406,503.3999701626137,289.05083365328227,0,999
13406,666.1857377293749,237.05018952654987,14,999
13406,333.75100701178576,235.99023694417045,0,990
13406,500.3120990601223,230.75997469554147,4,995
