count,mean,std,min,max
17599,663.86323086539,236.93293045805453,2.0,999.0
17599,498.49326666287857,288.13019123368207,0.0,999.0
17599,498.15938405591226,229.51021290944257,0.0,993.0
17599,,,,
17599,331.6766861753509,234.92281805622602,0.0,993.0
