count,mean,std,min,max
10108,665.0654926790661,235.88210850943238,5.0,999.0
10108,499.15858725761774,289.9452060264777,0.0,999.0
10108,494.9266917293233,229.50937701665742,4.0,996.0
10108,,,,
10108,327.9294618124258,234.13105647994905,0.0,994.0
