count,mean,std,min,max
17754,667.184240171229,235.9652664258235,7.0,999.0
17754,498.7736848034246,288.96856461146075,0.0,999.0
17754,498.6561338289963,229.70210451451783,5.0,994.0
17754,,,,
17754,329.3128309113439,234.07742114190037,0.0,992.0
