count,mean,std,min,max
10791,499.7887128162358,289.76120049907246,0,999
10791,664.2764340654248,236.1531458295409,10,999
10791,336.4378648874062,239.86761256143524,0,986
10791,500.3920859975906,231.7315427072086,3,992
