count,mean,std,min,max
18579,663.9886430916627,236.66857877763874,13.0,999.0
18579,496.60923623445825,289.2125676803964,0.0,999.0
18579,498.03735400183,229.96313882637497,1.0,999.0
18579,,,,
18579,332.73254749986546,235.71913614245847,0.0,997.0
