count,mean,std,min,max
15435,665.4722384191772,235.51578263525525,11.0,999.0
15435,496.20084224165856,289.53460189278366,0.0,999.0
15435,496.73747975380627,229.61938921243419,9.0,995.0
15435,,,,
15435,329.50955620343376,236.10023301520542,0.0,993.0
