count,mean,std,min,max
17589,500.6995849678776,289.3374833090423,0,999
17589,667.1865370401956,235.86517498220584,7,999
17589,332.33287850361023,236.58045788726582,0,998
17589,502.16396611518564,230.84984111472815,4,998
