count,mean,std,min,max
17272,501.69632931912923,288.54199223596055,0,999
17272,666.8506252894858,234.81866290294616,6,999
17272,333.5100741083835,235.91478598333384,0,996
17272,500.0388490041686,229.72153140055752,5,997
