count,mean,std,min,max
17897,500.16790523551435,287.6672371697917,0,999
17897,667.4484550483321,234.87381606168466,5,999
17897,331.68994803598366,234.42689899492464,0,989
17897,498.5176845281332,228.83143999673996,2,999
