count,mean,std,min,max
14664,666.7069694489908,234.76573110117525,7.0,999.0
14664,495.21794871794873,288.03483655491175,0.0,999.0
14664,499.686715766503,229.47430809627036,3.0,993.0
14664,,,,
14664,332.10754228041463,235.51000194880024,0.0,987.0
