count,mean,std,min,max
13030,497.57766692248657,287.56070333277705,0,999
13030,667.3048349961628,234.81041766306598,3,999
13030,332.7978511128166,235.23689924701895,0,992
13030,498.66300844205676,229.95155801203944,3,994
