count,mean,std,min,max
13284,666.5355314664258,234.75007625296226,7.0,999.0
13284,501.40748268593796,288.7314029148058,0.0,999.0
13284,499.6564287865101,229.60968749818065,6.0,994.0
13284,,,,
13284,333.4610057211683,234.67584804389395,0.0,990.0
