count,mean,std,min,max
13909,496.72226615860234,287.4818237260117,0,999
13909,665.5469120713208,234.7887908097318,6,999
13909,333.2935509382414,234.8565773170564,0,990
13909,498.6640304838594,228.02734457624413,1,995
