count,mean,std,min,max
15046,663.4015685231956,236.4741593298792,4.0,999.0
15046,498.8492622623953,287.30860060078777,0.0,999.0
15046,500.24205768975145,229.10851263837756,1.0,997.0
15046,,,,
15046,331.717931676193,234.52289446742796,0.0,992.0
