count,mean,std,min,max
15178,500.1497562261167,288.5512874062432,0,999
15178,664.775069179075,234.19968037344742,7,999
15178,331.8146659638951,234.85749888374932,0,990
15178,497.1601001449466,229.22671829627998,3,999
