count,mean,std,min,max
16494,501.81356857038924,289.6054110475273,0,999
16494,664.6587243846247,237.4557957898614,13,999
16494,334.06499333090824,236.74333579004167,0,995
16494,499.24087546986783,231.27657770146897,2,997
