count,mean,std,min,max
19290,499.7582166925868,287.9696727861043,0,999
19290,666.3357698289269,234.32795380206184,4,999
19290,332.54919647485747,234.8759694455666,0,995
19290,498.24250907205806,229.2583314209642,1,998
