count,mean,std,min,max
13844,500.0610372724646,288.71433837736373,0,999
13844,664.2258017913898,236.76162921923833,2,999
13844,331.2534672060098,233.59626871631775,0,993
13844,496.40508523548107,229.5107665416482,1,995
