count,mean,std,min,max
19066,666.9272527011434,235.58372588394815,6.0,999.0
19066,499.77436273995596,290.1623342015196,0.0,999.0
19066,500.72752543795235,230.0443546662312,3.0,999.0
19066,,,,
19066,331.537553760621,236.05132168228167,0.0,989.0
