count,mean,std,min,max
15532,665.6754442441411,237.15850179753753,3.0,999.0
15532,497.5364408962143,289.9343785726981,0.0,999.0
15532,499.30163533350503,230.17202624612284,3.0,997.0
15532,,,,
15532,328.33060777749165,234.13055975036377,0.0,997.0
