count,mean,std,min,max
19813,499.641699894009,289.8502096345887,0,999
19813,666.0278100237218,236.9863597553857,7,999
19813,331.4883157522839,235.13837618137782,0,995
19813,498.3030838338465,229.9646553945805,4,997
