count,mean,std,min,max
17875,496.3824895104895,289.41524967974095,0,999
17875,663.0745174825175,237.58310086503425,11,999
17875,333.4166713286713,237.4070442438325,0,996
17875,498.81404195804197,232.22816340113158,2,996
