count,mean,std,min,max
11416,665.457866152768,236.1488894862166,3.0,999.0
11416,500.6314821303434,288.1594375809297,0.0,999.0
11416,500.60888227049753,230.42102519779965,3.0,998.0
11416,,,,
11416,334.12806587245973,235.5714478279859,0.0,996.0
