count,mean,std,min,max
17711,497.818305008187,288.02513882159116,0,999
17711,664.641860990345,235.13311310102983,10,999
17711,334.00982440291347,236.54959408648722,0,991
17711,498.7276268985376,231.48856892336715,0,997
