count,mean,std,min,max
18448,499.78583044232437,288.0890231155359,0,999
18448,667.1319926279272,235.9120580596934,6,999
18448,332.57084778837816,236.62198241736453,0,991
18448,500.6513443191674,229.76260778408556,1,997
