count,mean,std,min,max
18370,664.6516603157322,236.15547449058263,5.0,999.0
18370,497.0041916167665,288.52506963521404,0.0,999.0
18370,498.2720195971693,230.1705273245661,0.0,997.0
18370,,,,
18370,333.40952640174197,236.2535661458355,0.0,988.0
