count,mean,std,min,max
12900,669.823023255814,236.09038763651185,2.0,999.0
12900,502.4286046511628,289.5443045116387,0.0,999.0
12900,499.8970542635659,230.4492051052864,2.0,997.0
12900,,,,
12900,333.8191472868217,236.51900366308084,0.0,992.0
