count,mean,std,min,max
17348,663.4292137422182,237.20499612092556,4.0,999.0
17348,498.964895088771,288.198937805837,0.0,999.0
17348,498.7539197602029,230.4453227545946,3.0,997.0
17348,,,,
17348,332.1649757897164,235.2689603528244,0.0,994.0
