count,mean,std,min,max
10080,503.4000992063492,290.32510206211896,0,999
10080,666.8864087301587,235.8716304013202,4,999
10080,334.84494047619046,236.50675769910134,0,996
10080,502.472123015873,229.35045785816672,1,998
