count,mean,std,min,max
17854,667.8879242746723,234.9333536455721,5.0,999.0
17854,501.9756357118853,287.813715644314,0.0,999.0
17854,502.68959336843284,228.78129087104384,3.0,996.0
17854,,,,
17854,336.0618348829394,236.45430538110338,0.0,995.0
