count,mean,std,min,max
15325,500.44574225122346,289.443238231777,0,999
15325,666.9047308319739,235.72673564726952,4,999
15325,331.9284828711256,237.17218726482864,0,995
15325,499.6110277324633,231.86268207067772,4,995
