count,mean,std,min,max
12113,503.55106084372164,287.17374439070295,0,999
12113,666.4784116238752,233.34127576282677,10,999
12113,333.73284900520105,237.09220770000505,0,995
12113,499.90274911252374,228.56913041283525,6,995
