count,mean,std,min,max
15224,492.88839989490276,289.3318251383092,0,999
15224,661.1041119285339,237.08655996635125,1,999
15224,328.7982133473463,235.86923803661676,0,987
15224,496.7348265895954,230.24663973310192,1,995
