count,mean,std,min,max
12659,501.8318982542065,287.41984288331383,0,999
12659,666.6981594122758,236.07205564822846,4,999
12659,332.4546962635279,236.65681481580083,0,989
12659,497.5919898886168,231.37815032078166,3,994
