count,mean,std,min,max
13922,495.8824163194943,287.2344676927774,0,999
13922,663.2600201120529,234.57929223405947,9,999
13922,331.58396782071543,235.73107809152464,0,988
13922,499.51709524493606,228.91719744592694,8,992
