count,mean,std,min,max
19280,498.6872925311203,289.2867725098056,0,999
19280,667.8232883817427,236.14101995027156,6,999
19280,333.43127593361,238.00433730282694,0,994
19280,500.16846473029045,232.2100628647162,1,999
