count,mean,std,min,max
13439,500.2739043083563,287.5973146881828,0,999
13439,666.6781754594836,234.2570401300425,3,999
13439,334.7727509487313,234.97389283838987,0,997
13439,500.1858769253665,227.93008730109747,2,997
