count,mean,std,min,max
10613,665.422218034486,234.91738269151577,10.0,999.0
10613,500.6736078394422,287.55979030153384,0.0,999.0
10613,497.5881466126449,229.97410308098736,4.0,995.0
10613,,,,
10613,332.3594648073118,234.3352998575047,0.0,985.0
