count,mean,std,min,max
11956,499.918200066912,288.85744611132634,0,999
11956,670.0714285714286,234.6225146551441,2,999
11956,332.4301605888257,234.6343578080534,0,994
11956,502.92932418869185,229.13294632484602,2,998
