count,mean,std,min,max
14711,668.2413160220243,234.14650473223475,7.0,999.0
14711,497.66576031541024,288.1122642086853,0.0,999.0
14711,499.5450343280538,227.84815836624074,5.0,995.0
14711,,,,
14711,329.1593365508803,233.30114757518703,0.0,990.0
