count,mean,std,min,max
11513,665.2696951272475,236.37009369838162,9.0,999.0
11513,499.5135064709459,287.9896881342437,0.0,999.0
11513,501.0660991922175,229.95445637445846,2.0,997.0
11513,,,,
11513,332.5808216798402,235.1725674270753,0.0,991.0
