count,mean,std,min,max
14724,499.4386715566422,286.12721584292586,0,999
14724,665.8347595762021,233.0734919802391,10,999
14724,333.994430861179,235.05190877667113,0,994
14724,500.3778864439011,230.23757039093826,2,996
