count,mean,std,min,max
16249,666.1201920118161,234.03645612012355,6.0,999.0
16249,500.8542064127023,287.63901094320147,0.0,999.0
16249,498.89211643793465,228.25483874529868,2.0,999.0
16249,,,,
16249,332.8811003754077,234.89181858481203,0.0,998.0
