count,mean,std,min,max
11537,661.8766577099766,237.07679490416714,8.0,999.0
11537,493.13452370633615,286.7719535886478,0.0,999.0
11537,498.2143538181503,230.08774386561225,6.0,995.0
11537,,,,
11537,332.9783305885412,236.94947885363405,0.0,995.0
