count,mean,std,min,max
15334,665.3381374722838,234.90567755317505,4.0,999.0
15334,496.79581322551195,288.91039788546755,0.0,999.0
15334,497.1927742272075,229.33986177961816,0.0,995.0
15334,,,,
15334,331.57884439806963,235.3312328594354,0.0,989.0
