count,mean,std,min,max
19218,499.54495785201374,289.75766438016035,0,999
19218,664.9362576750963,236.7569825996303,5,999
19218,333.63185555208656,237.09327186756283,0,993
19218,500.12686023519615,231.75310219161173,1,996
