count,mean,std,min,max
11213,504.1529474716846,288.1872410406097,0,999
11213,671.1091590118613,234.18500679797972,13,999
11213,338.38589137608136,236.61786308956707,0,989
11213,504.9607598323375,229.73881902583528,2,997
