count,mean,std,min,max
19223,502.26379857462416,287.12176490196583,0,999
19223,667.0155542839307,234.65114940267327,6,999
19223,333.8352494407741,234.840917740604,0,991
19223,499.95188055974614,228.9637368767679,2,996
