count,mean,std,min,max
19813,499.641699894009,289.85020963458766,0,999
19813,666.0278100237218,236.98635975538522,7,999
19813,331.4883157522839,235.13837618137765,0,995
19813,498.3030838338465,229.96465539457995,4,997
