count,mean,std,min,max
11562,670.1607853312576,233.50446854553044,1.0,999.0
11562,503.58415499048607,287.1227525158876,0.0,999.0
11562,500.6268811624286,228.37415113722844,1.0,999.0
11562,,,,
11562,335.67012627573087,235.45539373967424,0.0,996.0
