count,mean,std,min,max
14133,666.1070544116607,236.5235290162091,1.0,999.0
14133,497.4121559470742,288.9426124678001,0.0,999.0
14133,496.8480152833793,230.12576699292237,1.0,998.0
14133,,,,
14133,329.4718035802731,235.3888719359035,0.0,998.0
