count,mean,std,min,max
11109,666.1307048339185,233.1521404947111,12.0,999.0
11109,496.64938338284276,287.68135288608437,0.0,999.0
11109,500.30614816815194,227.74178226784932,2.0,997.0
11109,,,,
11109,335.5915924025565,235.1827226659664,0.0,997.0
