count,mean,std,min,max
18856,498.64743317776833,289.3580491751041,0,999
18856,665.1793593551124,234.51542363998513,3,999
18856,330.0478362324989,235.15704675862816,0,990
18856,497.96929359355113,228.49740242026337,3,999
