count,mean,std,min,max
14986,669.4714400106766,233.87559530478552,7.0,999.0
14986,503.8668090217536,288.88088856452964,0.0,999.0
14986,501.7360202855999,230.40587010330617,0.0,998.0
14986,,,,
14986,331.9400106766315,236.51305241346645,0.0,993.0
