count,mean,std,min,max
15334,496.79581322551195,288.91039788546874,0,999
15334,665.3381374722838,234.90567755317588,4,999
15334,331.57884439806963,235.3312328594356,0,989
15334,497.1927742272075,229.33986177961881,0,995
