count,mean,std,min,max
13075,666.1353728489484,236.6230222793991,9.0,999.0
13075,496.45460803059274,287.61182337682607,0.0,999.0
13075,499.7031739961759,229.56454928156967,2.0,998.0
13075,,,,
13075,331.1252007648184,235.04517645277272,0.0,998.0
