count,mean,std,min,max
15268,503.75268535499083,287.950897557094,0,999
15268,668.3917998428085,234.1978803576924,1,999
15268,334.8388787005502,234.8225333484413,0,991
15268,500.65391668849884,228.63235811572716,0,996
