count,mean,std,min,max
18107,497.97586568730327,288.56094829342624,0,999
18107,665.5676810073452,235.40882059475706,6,999
18107,331.51007897498204,234.72606003183463,0,982
18107,498.4073010437952,230.02587792538276,3,997
