count,mean,std,min,max
18897,495.1647351431444,288.48061422756507,0,999
18897,662.7669471344658,235.57874799960007,0,999
18897,330.22426840239194,233.69148413252043,0,991
18897,498.0591099116262,229.72401678381354,0,998
