count,mean,std,min,max
16764,502.2762467191601,288.5440718910354,0,999
16764,668.4462538773562,232.85738627781492,8,999
16764,335.4001431639227,236.8428930258058,0,987
16764,501.1985206394655,230.43756588836237,1,996
