count,mean,std,min,max
18824,502.2503187420314,288.85185598016665,0,999
18824,668.2857522311942,234.75156663242586,1,999
18824,336.16834891627707,237.52575005062783,0,997
18824,502.9736506587335,229.98370193852034,1,998
