count,mean,std,min,max
11819,667.5013960571961,236.68827861977593,3.0,999.0
11819,499.2440138759624,289.4882781980618,0.0,999.0
11819,501.3684744902276,230.1132261003968,3.0,998.0
11819,,,,
11819,334.4964040951011,236.35200080690376,0.0,990.0
