count,mean,std,min,max
10153,499.21215404313995,290.51563473390127,0,999
10153,667.437900128041,237.2572458302983,1,999
10153,333.82822810991826,236.86008404102446,0,996
10153,501.80478676253324,230.3041426832204,1,996
