count,mean,std,min,max
11105,665.6244934714093,234.26365724864095,8.0,999.0
11105,500.45646105357946,287.9020105021833,0.0,999.0
11105,501.6425934263845,229.63068536644076,2.0,995.0
11105,,,,
11105,336.972985141828,237.19771523881116,0.0,976.0
