count,mean,std,min,max
15864,499.53113968734243,289.40235384618495,0,999
15864,663.8137922339889,235.89661080756827,9,999
15864,332.67624810892585,235.24306113713155,0,983
15864,497.66969238527486,229.54186440571598,3,999
