count,mean,std,min,max
18942,665.2625382747334,236.70822051353733,5.0,999.0
18942,497.44509555485166,287.7304647720169,0.0,999.0
18942,497.77314961461303,230.15527341877606,3.0,997.0
18942,,,,
18942,331.54983634251926,235.26248815403372,0.0,987.0
