count,mean,std,min,max
10434,666.6354226566992,236.72360890521907,18.0,999.0
10434,499.70366110791645,288.77268091062496,0.0,999.0
10434,499.6888058271037,230.0779614727593,3.0,997.0
10434,,,,
10434,332.5796434732605,234.88841695384016,0.0,990.0
