count,mean,std,min,max
19369,502.4094171098146,289.1963989623237,0,999
19369,669.1447674118436,234.32699931951433,7,999
19369,332.23398213640354,235.66694727265218,0,993
19369,500.70117197583767,229.49736018179195,2,999
