count,mean,std,min,max
12659,501.8318982542065,287.4198428833135,0,999
12659,666.6981594122758,236.0720556482286,4,999
12659,332.4546962635279,236.6568148158011,0,989
12659,497.5919898886168,231.37815032078194,3,994
