count,mean,std,min,max
18437,499.085263329175,288.75270650412,0,999
18437,664.0705103867224,237.42162794752744,1,999
18437,334.2696208710745,236.06274203522386,0,990
18437,498.51271898898955,230.8739668744692,1,995
