count,mean,std,min,max
18397,499.86530412567265,288.52206627187024,0,999
18397,664.5949339566233,236.17668463891155,4,999
18397,335.1803554927434,235.8095701622571,0,991
18397,500.3351089851606,230.55178277521492,3,999
