count,mean,std,min,max
17250,499.3007536231884,289.18718504674075,0,999
17250,664.572,236.64123719080771,13,999
17250,331.2192463768116,234.21571078250864,0,989
17250,498.50063768115945,229.6287650342873,2,993
