count,mean,std,min,max
12314,497.6542147149586,288.7259159895031,0,999
12314,664.9601266850739,236.02432975855754,6,999
12314,331.1374045801527,234.25646503007226,0,995
12314,498.44282929998377,230.50258336200287,1,999
