count,mean,std,min,max
11414,497.79945680742946,287.87671412804815,0,999
11414,662.9050289118626,237.99316578365193,16,999
11414,332.8407219204486,235.52486718500074,0,989
11414,496.4823024356054,232.0698240138728,6,999
