count,mean,std,min,max
17183,500.1602164930454,288.4000155393554,0,999
17183,667.1594017342723,234.79316024768502,9,999
17183,336.8264563813071,237.99855776090547,0,997
17183,502.4492812663679,231.08208904891856,2,998
