count,mean,std,min,max
19686,500.045819364015,289.91076032907324,0,999
19686,664.038910901148,237.27932396570725,2,999
19686,331.4057198008737,235.59410044262697,0,995
19686,496.38189576348674,230.1806187365546,0,997
