count,mean,std,min,max
19569,668.5386069804282,235.67988811699374,6.0,999.0
19569,500.6469415912924,288.9861727835264,0.0,999.0
19569,501.60922888241606,230.01323893308412,3.0,996.0
19569,,,,
19569,332.65225611937245,234.55483537845035,0.0,991.0
