count,mean,std,min,max
11086,504.56855493415117,287.21285821977125,0,999
11086,666.2185639545372,235.38380819437143,3,999
11086,337.29289193577483,236.89389664175602,0,998
11086,501.883456611943,230.23873578452353,2,999
