count,mean,std,min,max
13956,665.7608197191172,234.44496941591515,4.0,999.0
13956,496.91358555460016,288.86346854524794,0.0,999.0
13956,498.7628260246489,229.17769676222431,1.0,998.0
13956,,,,
13956,331.0420607623961,236.63710351726624,0.0,996.0
