count,mean,std,min,max
15340,500.32659713168186,289.9793662332161,0,999
15340,666.8670143415906,235.58505898071297,11,999
15340,331.37157757496743,236.08741299761417,0,995
15340,497.28585397653194,230.18961244697178,9,995
