count,mean,std,min,max
18350,502.5183651226158,286.92827186575124,0,999
18350,668.539455040872,234.67021802660176,2,999
18350,336.03340599455044,236.51269263033947,0,991
18350,501.9207629427793,229.8974932865532,2,999
