count,mean,std,min,max
11725,501.62985074626863,289.5001963042592,0,999
11725,668.4075906183369,233.01809597956895,8,999
11725,332.36955223880597,233.98924449917686,0,996
11725,500.97901918976544,227.8316844245576,3,996
