count,mean,std,min,max
10993,498.2567088147003,289.21804013984513,0,999
10993,664.9939961793868,235.45969424330414,6,999
10993,331.5665423451287,235.3604995228615,0,995
10993,497.5840080050942,228.52830581811722,5,998
