count,mean,std,min,max
16011,498.77665355068393,287.3959632323794,0,999
16011,665.7053900443445,236.75208550097145,9,999
16011,331.9599025669852,234.820139585319,0,997
16011,498.7835862844295,229.61778375437203,2,999
