count,mean,std,min,max
18808,501.0310506167588,287.7254594491605,0,999
18808,666.2680774138664,235.28829761216375,6,999
18808,336.1189919183326,236.24500757652555,0,992
18808,502.2414929817099,229.88330860227478,5,999
