count,mean,std,min,max
14977,666.4232489817721,234.85480091395488,5.0,999.0
14977,497.93690325165255,289.6368345907701,0.0,999.0
14977,498.5302797623022,229.86050682685686,2.0,994.0
14977,,,,
14977,331.16845830273087,235.70251082615908,0.0,992.0
