count,mean,std,min,max
19721,501.5817149231783,289.12237985984683,0,999
19721,667.9228233862381,234.9331669387053,6,999
19721,333.9762689518787,235.924562376513,0,994
19721,500.96491050149586,228.85461647661947,1,997
