count,mean,std,min,max
16870,663.6501481920569,236.76391517900822,11.0,999.0
16870,497.41481920569055,289.79595225134705,0.0,999.0
16870,497.5284528749259,231.30483121146472,1.0,995.0
16870,,,,
16870,334.5454653230587,237.74432264820672,0.0,992.0
