count,mean,std,min,max
10197,503.3518681965284,287.9262445703216,0,999
10197,670.5250563891341,235.1158706285674,9,999
10197,334.15945866431304,238.062537880194,0,995
10197,504.1121898597627,231.89295938234613,3,995
