count,mean,std,min,max
14283,665.6075054260309,235.04182450936094,5.0,999.0
14283,499.2672407757474,289.1875981907656,0.0,999.0
14283,497.98151648813274,229.80245425604127,4.0,998.0
14283,,,,
14283,331.28418399495905,236.66862972366718,0.0,995.0
