count,mean,std,min,max
16788,498.0359780795807,288.28071009442823,0,999
16788,665.523588277341,237.26596946636937,3,999
16788,331.021265189421,234.75297044764358,0,990
16788,499.03925422921134,231.02898475970127,1,997
