count,mean,std,min,max
10278,668.798307063631,235.47472704108773,7.0,999.0
10278,502.428779918272,289.8185168894716,0.0,999.0
10278,501.72718427709674,230.21230857204597,1.0,998.0
10278,,,,
10278,334.67892586106245,235.5729323308469,0.0,987.0
