count,mean,std,min,max
19391,665.9513691918931,235.51182487633994,1.0,999.0
19391,499.9880872569749,288.67700339162116,0.0,999.0
19391,497.97122376360164,229.24843481590455,1.0,999.0
19391,,,,
19391,331.200092826569,234.89867386819037,0.0,999.0
