count,mean,std,min,max
18801,500.9938833040796,289.16910261885266,0,999
18801,666.4225307164512,235.47006511376398,5,999
18801,333.90133503537044,238.1169806798986,0,997
18801,501.77352268496355,230.78154652384097,3,997
