count,mean,std,min,max
17754,498.7736848034246,288.9685646114606,0,999
17754,667.184240171229,235.9652664258231,7,999
17754,329.3128309113439,234.07742114190003,0,992
17754,498.6561338289963,229.7021045145176,5,994
