count,mean,std,min,max
16620,665.5626353790614,235.5993528115552,16.0,999.0
16620,500.67346570397115,287.44982885654247,0.0,999.0
16620,499.11853188929,227.42366249623927,1.0,999.0
16620,,,,
16620,330.0907942238267,232.04891864288177,0.0,999.0
