count,mean,std,min,max
13043,499.68258836157327,289.3291891425938,0,999
13043,663.8264969715556,236.79062429026783,3,999
13043,332.3620332745534,235.1105934286602,0,993
13043,497.6788315571571,230.73575131839942,3,993
