count,mean,std,min,max
13893,500.4415892895703,288.7499189292809,0,999
13893,668.3374361189088,235.18357021131843,3,999
13893,334.87511696537825,235.27773657153818,0,986
13893,501.47318793637083,229.36284530059348,3,998
