count,mean,std,min,max
14051,499.00149455554765,288.11142849439807,0,999
14051,665.8117571703082,234.75066459230248,14,999
14051,333.3311508077717,234.50150811119843,0,988
14051,499.0677531848267,228.96940595008874,2,999
