count,mean,std,min,max
18661,666.2848721933444,237.13571731284557,3.0,999.0
18661,496.6727935266063,288.7887941652832,0.0,999.0
18661,497.4855581158566,230.26249075653976,2.0,999.0
18661,,,,
18661,329.3877605701731,234.96036588130278,0.0,990.0
