count,mean,std,min,max
19469,499.5190302532231,287.51837598604567,0,999
19469,664.7857619805845,235.51224236620195,5,999
19469,333.5222148030202,237.04453473257655,0,997
19469,499.4300683137295,229.75586287509253,2,998
