count,mean,std,min,max
17368,504.0278673422386,287.90769076410174,0,999
17368,669.0598802395209,234.90966322741158,13,999
17368,334.33930216490097,235.07868542152957,0,994
17368,501.21182634730536,230.2622699088226,4,997
