count,mean,std,min,max
12186,492.9576563269325,288.57248874381656,0,999
12186,662.0277367470868,236.14578734023078,9,999
12186,328.87559494501886,236.3971959550087,0,994
12186,495.248071557525,231.10390472426099,3,995
