count,mean,std,min,max
11679,500.2970288552102,286.69330970272256,0,999
11679,665.3588492165425,234.57999128717464,13,999
11679,334.3007963010532,234.85334546818453,0,982
11679,500.27759225961125,228.13599572129877,2,998
