count,mean,std,min,max
10382,669.0962242342516,235.1721914373992,11.0,999.0
10382,500.762184550183,289.0713853952269,0.0,999.0
10382,499.2772105567328,229.4352070340604,3.0,996.0
10382,,,,
10382,329.89192833750724,235.52052727787895,0.0,992.0
