count,mean,std,min,max
18662,498.4408959382703,287.13887143431174,0,999
18662,664.7188404243918,236.12981906228802,6,999
18662,332.0644089593827,235.20457805126847,0,988
18662,498.2538313149716,229.2919895991787,1,995
