count,mean,std,min,max
12422,493.39099983899536,288.0980069882608,0,999
12422,664.0186765416197,237.45645114777358,11,999
12422,330.43173402028657,233.32894116219225,0,989
12422,496.42344227982613,229.14956460922997,1,992
