count,mean,std,min,max
14567,496.4235601015995,286.8030851559336,0,999
14567,665.3130363149585,234.13201048866878,14,999
14567,330.1889888103247,233.62682124422852,0,986
14567,498.2626484519805,227.91279715653963,5,997
