count,mean,std,min,max
12275,667.804317718941,233.09480412809955,7.0,999.0
12275,504.8980040733198,289.0849661805165,0.0,999.0
12275,502.37384928716904,228.86479337277152,3.0,998.0
12275,,,,
12275,334.82346232179225,236.22851864853615,0.0,997.0
