count,mean,std,min,max
10260,671.89522417154,233.30725139097538,13.0,999.0
10260,503.13703703703703,289.4826668043299,0.0,999.0
10260,501.5531189083821,228.86952693981024,1.0,996.0
10260,,,,
10260,331.45604288499027,237.07537395210392,0.0,996.0
