count,mean,std,min,max
17276,667.020432970595,234.68216222581705,6.0,999.0
17276,500.42585089141005,287.3457347671205,0.0,999.0
17276,503.18366520027786,228.22895836715364,0.0,996.0
17276,,,,
17276,336.233271590646,234.08302829132435,0.0,989.0
