count,mean,std,min,max
13091,499.8995493086854,288.32864451935717,0,999
13091,665.502024291498,235.6076124314045,15,999
13091,334.1789779237644,235.77985576836628,0,994
13091,499.77564739133754,228.93616259817634,4,996
