count,mean,std,min,max
10802,500.5038881688576,291.73469987517416,0,999
10802,666.0125902610628,236.94488017639028,0,999
10802,331.6547861507128,236.48674689122544,0,996
10802,497.3196630253657,229.30659237068286,0,997
