count,mean,std,min,max
13830,666.3552422270427,236.22823802265913,6.0,999.0
13830,500.53702096890817,288.60281675234916,0.0,999.0
13830,500.1545914678236,231.44343373391231,3.0,996.0
13830,,,,
13830,335.30636297903106,236.05752146738072,0.0,985.0
