count,mean,std,min,max
13744,497.6607974388824,288.61599514500983,0,999
13744,666.8109720605355,234.7475084045259,7,999
13744,333.49854481955765,236.67366453875604,0,988
13744,501.11699650756697,228.57218101042972,5,992
