count,mean,std,min,max
14721,664.7647578289518,236.67627868836863,6.0,999.0
14721,499.59826098770463,289.9490125852287,0.0,999.0
14721,498.86101487670675,230.8048582330912,3.0,998.0
14721,,,,
14721,332.55315535629376,235.91677826595372,0.0,995.0
