count,mean,std,min,max
19373,665.6964331801993,235.13308818141508,4.0,999.0
19373,499.48392092086925,287.0858185320509,0.0,999.0
19373,499.4672482320756,228.2714499587079,1.0,997.0
19373,,,,
19373,333.89547308109223,234.4834924358465,0.0,993.0
