count,mean,std,min,max
18129,665.7859231066248,236.47480363490902,8.0,999.0
18129,500.1764024491147,288.83321711570767,0.0,999.0
18129,501.03100005516023,231.28127976922067,1.0,996.0
18129,,,,
18129,334.8470406530972,236.62286334926367,0.0,994.0
