count,mean,std,min,max
15199,667.2877820909271,235.0922360926826,7.0,999.0
15199,499.39186788604513,288.3692711780094,0.0,999.0
15199,499.0397394565432,229.22346210236034,4.0,994.0
15199,,,,
15199,330.3012040265807,233.94739932009358,0.0,983.0
