count,mean,std,min,max
13043,663.8264969715556,236.79062429026732,3.0,999.0
13043,499.68258836157327,289.32918914259324,0.0,999.0
13043,497.6788315571571,230.73575131839962,3.0,993.0
13043,,,,
13043,332.3620332745534,235.11059342866008,0.0,993.0
