count,mean,std,min,max
16156,668.7740158455064,235.87033928935395,7.0,999.0
16156,498.9048031691013,289.4096140483898,0.0,999.0
16156,499.2188041594454,230.20276147638316,3.0,997.0
16156,,,,
16156,331.5286580836841,234.69063429179204,0.0,995.0
