count,mean,std,min,max
11844,665.6034278959811,237.84800167140747,4.0,999.0
11844,498.09245187436676,289.7090714696398,0.0,999.0
11844,499.5675447483958,231.43819479721506,3.0,999.0
11844,,,,
11844,333.0833333333333,235.75572247861865,0.0,992.0
