count,mean,std,min,max
17332,496.45707362104775,287.9854112346635,0,999
17332,666.0288483729518,235.712195696437,4,999
17332,331.0455804292638,235.73094496461263,0,993
17332,498.7904454188784,229.31779356832826,3,995
