count,mean,std,min,max
12716,667.0886284995281,235.10025323096383,5.0,999.0
12716,501.0263447625039,289.6886850821224,0.0,999.0
12716,501.514784523435,229.28675234960417,1.0,997.0
12716,,,,
12716,335.29529726329037,236.72396872716325,0.0,987.0
