count,mean,std,min,max
19701,665.1875031724278,236.07232021939956,0.0,999.0
19701,500.40058880259886,289.3044693176488,0.0,999.0
19701,498.5779909649256,230.1068197562139,0.0,997.0
19701,,,,
19701,332.6857519922847,235.31564992801694,0.0,996.0
