count,mean,std,min,max
12171,496.98143127105413,288.7302041652844,0,999
12171,666.0817517048722,234.69318870196037,6,999
12171,333.1680223482048,236.24604380253624,0,994
12171,500.2412291512612,229.5489181276517,1,994
