count,mean,std,min,max
18934,664.5607901130242,237.52306662629334,10.0,999.0
18934,497.10531319319745,289.35105487731795,0.0,999.0
18934,497.79513045315304,231.12569936906132,1.0,995.0
18934,,,,
18934,331.20888349001797,235.88400444686752,0.0,992.0
