count,mean,std,min,max
19196,503.28182954782244,288.5358576438007,0,999
19196,666.7552094186289,234.9282921669664,4,999
19196,335.10429256095017,238.14889968629242,0,989
19196,501.6527401541988,229.99813754706113,2,997
