count,mean,std,min,max
13592,664.0437021777516,236.63475984766703,10.0,999.0
13592,494.13846380223663,288.7127433112868,0.0,999.0
13592,498.3192319011183,229.05402194124952,3.0,996.0
13592,,,,
13592,333.247572101236,236.83145225201568,0.0,995.0
