count,mean,std,min,max
12483,666.8702235039653,236.13996413143775,12.0,999.0
12483,500.21901786429544,288.94640023435625,0.0,999.0
12483,499.47152126892576,229.37334718907948,4.0,994.0
12483,,,,
12483,334.0054474084755,235.96438427206496,0.0,993.0
