count,mean,std,min,max
13159,497.3760164146212,288.0441126155728,0,999
13159,666.4026901740253,233.97222595637757,3,999
13159,332.4422828482407,236.48328153742918,0,990
13159,499.2302606581047,230.46055422791815,0,995
