count,mean,std,min,max
11217,501.5682446286886,286.1196357659183,0,999
11217,665.7347775697602,231.57908476434469,11,999
11217,336.3606133547294,235.22264817681915,0,994
11217,501.05937416421506,228.10471011850228,4,998
