count,mean,std,min,max
19368,669.8478934324659,235.62084067290803,4.0,999.0
19368,502.82016728624535,289.5773542202077,0.0,999.0
19368,501.2045642296572,230.0701769861478,4.0,999.0
19368,,,,
19368,333.4051011978521,235.09458678955176,0.0,994.0
