count,mean,std,min,max
11245,665.1009337483326,238.67121338849665,5.0,999.0
11245,500.5549132947977,288.6167496656603,0.0,999.0
11245,497.21147176522896,232.43705021436898,3.0,998.0
11245,,,,
11245,332.7508225878168,235.0309121953522,0.0,994.0
