count,mean,std,min,max
10835,666.4317489616982,236.3198936676748,4.0,999.0
10835,500.6770650669128,287.2947126155788,0.0,999.0
10835,501.7151822796493,229.03869204284348,4.0,995.0
10835,,,,
10835,333.17840332256577,234.21433758433747,0.0,982.0
