count,mean,std,min,max
12720,497.62908805031446,288.13669160585073,0,999
12720,667.7941037735849,234.67888972917436,9,999
12720,331.63977987421384,236.0440144317728,0,993
12720,501.65526729559747,230.06097246885017,0,994
