count,mean,std,min,max
18214,501.64285714285717,289.51469737272953,0,999
18214,666.9150104315362,236.00505017039882,5,999
18214,332.86224881958935,235.5818225424196,0,993
18214,501.1938618644998,230.24931789815005,2,994
