count,mean,std,min,max
13036,497.5966554157717,290.89100338567215,0,999
13036,666.5905185639767,236.17116763277346,7,999
13036,329.96747468548637,235.2060811106469,0,996
13036,497.1428352255293,231.19946571134162,0,997
