count,mean,std,min,max
12422,493.39099983899536,288.09800698826086,0,999
12422,664.0186765416197,237.4564511477734,11,999
12422,330.43173402028657,233.32894116219273,0,989
12422,496.42344227982613,229.1495646092299,1,992
