count,mean,std,min,max
17944,499.25206197057514,289.0450624872017,0,999
17944,667.175100312082,235.9888058402452,6,999
17944,332.84529647793136,236.43918967989742,0,994
17944,498.873439589835,230.43908370100223,3,998
