count,mean,std,min,max
11819,665.248159742787,236.67193275193478,8.0,999.0
11819,498.7598781622811,288.20446776960506,0.0,999.0
11819,496.64057872916493,230.3534690327392,1.0,999.0
11819,,,,
11819,331.0851171841949,234.59420507262476,0.0,996.0
