count,mean,std,min,max
10374,494.182668208984,290.15419012719804,0,999
10374,663.9919992288413,236.53460289870995,8,999
10374,329.6985733564681,232.3057840238521,0,991
10374,497.01301330248697,227.8532707886408,1,992
