count,mean,std,min,max
18292,665.746883883665,235.5771043386623,8.0,999.0
18292,497.64159195276625,287.8406509718751,0.0,999.0
18292,499.6301661928712,230.17217315991206,1.0,998.0
18292,,,,
18292,334.54963918652965,236.47183502231803,0.0,993.0
