count,mean,std,min,max
12469,493.0251022535889,290.7730846856191,0,999
12469,661.49322319352,235.5790820598966,8,999
12469,327.0891009704066,234.2565558177644,0,989
12469,494.562354639506,228.02411463151512,3,993
