count,mean,std,min,max
18500,666.4792432432432,236.59017776116758,8.0,999.0
18500,498.0454054054054,289.02570630256275,0.0,999.0
18500,498.4075675675676,231.34085528943424,0.0,997.0
18500,,,,
18500,331.8501081081081,235.75336413850155,0.0,997.0
