count,mean,std,min,max
14238,668.7659081331648,234.38479559590266,10.0,999.0
14238,499.378002528445,288.0146696360685,0.0,999.0
14238,500.56953223767385,228.99862613287448,2.0,997.0
14238,,,,
14238,333.1802921758674,233.2356729386311,0.0,996.0
