count,mean,std,min,max
19866,665.4668277458975,235.31951455629036,7.0,999.0
19866,501.2475586429075,289.1359993178217,0.0,999.0
19866,499.3703815564281,230.68924148745523,5.0,999.0
19866,,,,
19866,333.0956407933152,237.18656754108702,0.0,993.0
