count,mean,std,min,max
13705,498.5843852608537,292.1231380879756,0,999
13705,666.2240058372856,238.89702468845664,3,999
13705,332.6547975191536,238.21848029791533,0,994
13705,500.27398759576795,232.65870337162627,1,994
