count,mean,std,min,max
16729,663.8878594058223,235.6535139734393,3.0,999.0
16729,499.08004064797655,287.7717148872389,0.0,999.0
16729,497.81708410544564,228.83527871513678,3.0,997.0
16729,,,,
16729,331.9937832506426,234.1826066683613,0.0,989.0
