count,mean,std,min,max
16173,496.82198726272185,288.4960999042938,0,999
16173,667.4367155135102,235.25725816972968,4,999
16173,334.21851233537376,236.30713111074286,0,991
16173,500.3096518889507,231.55759316041406,4,992
