count,mean,std,min,max
15084,665.665605940069,237.28392632678714,15.0,999.0
15084,501.98183505701405,291.3795021204658,0.0,999.0
15084,500.7659108989658,232.97362476113545,1.0,998.0
15084,,,,
15084,335.28480509148767,236.60204544913773,0.0,994.0
