count,mean,std,min,max
15509,497.8732993745567,289.7950006129725,0,999
15509,664.9861370816946,236.17826299752207,7,999
15509,331.69765942356054,234.9805195177125,0,990
15509,497.26378231994323,229.0792843900561,1,996
