count,mean,std,min,max
15882,503.6939931998489,288.7157957318118,0,999
15882,670.383641858708,235.15138584104812,1,999
15882,335.6105654199723,236.32742886320088,0,995
15882,503.35984132980735,230.5262906123392,1,998
