count,mean,std,min,max
19196,503.28182954782244,288.53585764380136,0,999
19196,666.7552094186289,234.92829216696572,4,999
19196,335.10429256095017,238.14889968629305,0,989
19196,501.6527401541988,229.99813754706153,2,997
