count,mean,std,min,max
13372,495.75912354172897,289.65003798040755,0,999
13372,664.716497158241,236.12535004086686,9,999
13372,330.39335925815135,236.5152694003275,0,994
13372,497.05047861202513,231.18628153751186,2,998
