count,mean,std,min,max
16050,665.2431152647976,236.87344918341523,13.0,999.0
16050,499.2880373831776,288.13500353245894,0.0,999.0
16050,499.33968847352025,230.07089448289122,2.0,998.0
16050,,,,
16050,333.36685358255454,235.8961000677489,0.0,998.0
