count,mean,std,min,max
15081,666.8488827000862,234.36115102902446,7.0,999.0
15081,501.12499171142497,287.96503980617507,0.0,999.0
15081,499.6020157814469,228.30774395142828,3.0,995.0
15081,,,,
15081,333.71566872223326,234.62271265501897,0.0,989.0
