count,mean,std,min,max
11955,499.87160184023423,287.86894155942065,0,999
11955,666.8127979924718,234.98024490630652,12,999
11955,335.19113341698034,235.89784809283168,0,995
11955,503.5089920535341,228.88353894607923,6,998
