count,mean,std,min,max
18525,503.2498245614035,288.1286772016882,0,999
18525,668.4689338731444,234.62737556489418,11,999
18525,337.07309041835356,236.14933489096165,0,990
18525,502.1101754385965,228.17053048321915,2,994
