count,mean,std,min,max
13765,664.7513258263713,236.10882121781503,10.0,999.0
13765,496.15532146749,288.5154485387776,0.0,999.0
13765,496.90497638939337,230.21647219671323,1.0,994.0
13765,,,,
13765,328.1112967671631,234.04784436831426,0.0,994.0
