count,mean,std,min,max
16684,496.7757731958763,289.52271274785784,0,999
16684,663.9297530568209,237.17789891053923,8,999
16684,332.88180292495804,236.20489021137033,0,996
16684,500.36903620234955,230.41795950685807,2,999
