count,mean,std,min,max
13495,666.2417932567618,236.31122447871363,9.0,999.0
13495,502.15339014449796,289.6144084705993,0.0,999.0
13495,499.8726935902186,228.92563873952054,2.0,992.0
13495,,,,
13495,333.6609114486847,235.55076661474325,0.0,987.0
