count,mean,std,min,max
13724,494.8375109297581,288.132795566357,0,999
13724,664.467137860682,234.97660732172088,8,999
13724,332.893252696007,235.6080315837325,0,995
13724,499.2634800349752,229.53760414006692,2,996
