count,mean,std,min,max
18804,664.4866517762179,235.56404495626637,9.0,999.0
18804,498.43469474579877,288.7970018557447,0.0,999.0
18804,498.15996596468835,230.13762058140333,0.0,998.0
18804,,,,
18804,331.85753031269945,235.4537809678653,0.0,991.0
