count,mean,std,min,max
11341,669.1545719072392,234.0370416489577,7.0,999.0
11341,501.5087734767657,288.3751650813882,0.0,999.0
11341,502.3086147606031,227.50858073403353,3.0,995.0
11341,,,,
11341,334.10431178908385,235.37616701765978,0.0,995.0
