count,mean,std,min,max
14664,495.21794871794873,288.034836554912,0,999
14664,666.7069694489908,234.76573110117576,7,999
14664,332.10754228041463,235.51000194880106,0,987
14664,499.686715766503,229.4743080962706,3,993
