count,mean,std,min,max
17676,501.85211586331747,288.6609802092784,0,999
17676,666.0556687033265,235.4795247479107,7,999
17676,333.66881647431546,237.85432234119065,0,996
17676,499.34725050916495,230.89581142314177,1,997
