count,mean,std,min,max
19299,500.6963573242137,287.7287772209392,0,999
19299,666.6391522876833,235.53893798632942,3,999
19299,333.7514378983367,234.6466410420708,0,997
19299,499.2291310430592,228.99754060377083,2,997
