count,mean,std,min,max
15800,497.1577848101266,289.1398185142457,0,999
15800,664.7701898734177,236.0003495390587,9,999
15800,333.3312658227848,235.87302020478754,0,999
15800,499.3440506329114,229.64282221604776,0,999
