count,mean,std,min,max
14163,665.2430276071453,235.68997069525113,3.0,999.0
14163,498.75217115018006,288.5195277156008,0.0,999.0
14163,500.2741650780202,230.53248204996189,1.0,999.0
14163,,,,
14163,333.96208430417283,237.54843486515,0.0,999.0
