count,mean,std,min,max
18634,497.9046366856284,287.3312514911579,0,999
18634,664.9335086401202,235.5334756950351,14,999
18634,333.81995277449823,235.81410977095274,0,997
18634,499.16974347966084,229.96081770479893,2,998
