count,mean,std,min,max
14024,662.8978180262408,238.33701384105478,8.0,999.0
14024,494.35802909298343,288.0237550490843,0.0,999.0
14024,497.78971762692527,230.07857406634912,0.0,997.0
14024,,,,
14024,332.4532943525385,234.1339289174327,0.0,991.0
