count,mean,std,min,max
17985,503.55752015568527,289.1032766271812,0,999
17985,669.4648874061718,234.1691987401197,4,999
17985,334.6714484292466,235.3616048822665,0,992
17985,500.9408951904365,228.8221232015836,3,996
