count,mean,std,min,max
18215,496.9346692286577,288.1636354349868,0,999
18215,663.5576173483392,236.42979890924278,2,999
18215,333.3519626681307,237.47184451850575,0,990
18215,497.55185286851497,230.4284784277459,1,996
