count,mean,std,min,max
10333,501.065518242524,289.4212021828272,0,999
10333,665.7871866834414,237.08107969460488,2,999
10333,335.78167037646375,236.49126334648176,0,988
10333,501.48814477886384,229.48008275557925,0,998
