count,mean,std,min,max
11341,501.5087734767657,288.3751650813879,0,999
11341,669.1545719072392,234.0370416489578,7,999
11341,334.10431178908385,235.37616701765995,0,995
11341,502.3086147606031,227.50858073403202,3,995
