count,mean,std,min,max
15769,498.5252711015283,287.80134364800625,0,999
15769,664.8804616652926,236.13099571612648,7,999
15769,332.58037922506185,235.43371065701783,0,993
15769,499.2579110913818,228.8915636816517,5,997
