count,mean,std,min,max
14990,504.07478318879254,287.8492624441768,0,999
14990,669.5681120747165,235.10347112439044,10,999
14990,332.79466310873914,234.16182714058192,0,990
14990,500.38425617078053,229.5682725165744,2,998
