count,mean,std,min,max
17699,496.49754223402454,288.54110993683065,0,999
17699,664.2423300751454,235.39830248272293,1,999
17699,330.9068873947681,235.86628338113138,0,994
17699,498.68003842024973,230.41286197222485,1,998
