count,mean,std,min,max
11464,500.99171318911374,288.6714622872073,0,999
11464,668.8569434752268,233.57836762903187,8,999
11464,332.8488311235171,235.42805986303912,0,995
11464,500.74127704117234,228.29531836714085,2,998
