count,mean,std,min,max
14488,669.2842352291551,236.29495689831373,6.0,999.0
14488,497.51808393152953,290.51414296825965,0.0,999.0
14488,501.18360022087245,230.65890767992724,3.0,998.0
14488,,,,
14488,329.7296383213694,237.49041680386466,0.0,986.0
