count,mean,std,min,max
14303,495.10172691043834,289.17917060780997,0,999
14303,664.6061665384884,236.92929893927183,8,999
14303,330.9351884220094,234.852143615734,0,998
14303,498.98517793469904,229.41254509719792,4,998
