count,mean,std,min,max
16699,501.78579555662014,287.72911941730916,0,999
16699,667.1777950775496,234.68427772730186,5,999
16699,335.2521109048446,237.43987779881303,0,996
16699,499.86729744296065,229.85439859204337,1,998
