count,mean,std,min,max
13541,504.2860940846319,288.54434515169226,0,999
13541,668.9945351155749,235.4605565220342,15,999
13541,334.11129163281885,235.61997876489394,0,987
13541,501.3583930285799,229.38604359347514,6,998
