count,mean,std,min,max
12459,669.0286539850711,234.787700165881,8.0,999.0
12459,504.31671883778796,289.3653281981551,0.0,999.0
12459,502.17834497150653,229.83798793878486,6.0,998.0
12459,,,,
12459,334.6002889477486,234.03403041256968,0.0,986.0
