count,mean,std,min,max
10464,500.00038226299694,288.9323235704021,0,999
10464,667.8826452599388,234.97116774012082,14,999
10464,331.9345374617737,234.47940554266495,0,989
10464,500.58725152905197,230.98255575417585,5,995
