count,mean,std,min,max
11062,500.0056047730971,287.2066696043627,0,999
11062,663.3657566443682,236.1356603720062,2,999
11062,331.9935816308082,234.316825856988,0,994
11062,497.777526667872,229.07859081076225,1,999
