count,mean,std,min,max
14666,495.8038319923633,287.4654461364775,0,999
14666,662.7156688940406,236.53593477044555,4,999
14666,330.68150825037503,234.55478908894105,0,989
14666,497.2052366016637,229.39046914150114,2,997
