count,mean,std,min,max
15308,501.5176378364254,289.5859512169201,0,999
15308,668.4186046511628,235.85064578477719,4,999
15308,333.59446041285605,235.65547992886403,0,997
15308,501.92272014632874,230.4654743164222,0,997
