count,mean,std,min,max
14228,498.66460500421704,287.3429012346281,0,999
14228,666.4127073376441,235.5198546294694,4,999
14228,330.4963452347484,233.3443393644441,0,989
14228,498.1277059319651,227.7093787781849,0,995
