count,mean,std,min,max
16246,668.999076695802,235.31080342091377,12.0,999.0
16246,500.2924412162994,290.09849248286156,0.0,999.0
16246,500.8111535147113,231.30879173216326,5.0,996.0
16246,,,,
16246,333.9743321432968,236.35280402709037,0.0,988.0
