count,mean,std,min,max
16551,500.01250679717236,288.2978355076113,0,999
16551,665.852637302882,235.95424432044192,9,999
16551,332.4080116005075,234.45767874762723,0,995
16551,499.60727448492537,229.5192605288824,5,996
