count,mean,std,min,max
17503,668.2889790321659,235.38763696929354,11.0,999.0
17503,500.92858367137063,288.9065561965044,0.0,999.0
17503,501.72547563274867,229.62941555887602,3.0,998.0
17503,,,,
17503,332.4484374107296,235.09462875869707,0.0,992.0
