count,mean,std,min,max
18934,499.61291855920564,288.79978406132307,0,999
18934,665.3835956480406,235.76778730277613,4,999
18934,332.69805640646456,236.21457636250602,0,992
18934,499.74691032005916,230.61383338067574,2,998
