count,mean,std,min,max
14518,498.13459154153463,289.2538825492641,0,999
14518,665.0910593745695,237.67321583847703,2,999
14518,333.1361069017771,235.5731287249283,0,986
14518,497.8812508610001,229.57785868731926,2,998
