count,mean,std,min,max
19666,501.3197396521916,288.4968203128792,0,999
19666,663.9758974880505,235.88555389694773,11,999
19666,335.1948540628496,236.0047909332871,0,992
19666,499.7738228414523,229.29966203553565,3,998
