count,mean,std,min,max
17107,667.2308996317297,236.07303175281962,12.0,999.0
17107,499.8595896416671,288.6119940766267,0.0,999.0
17107,499.948149880166,230.30245326920772,2.0,998.0
17107,,,,
17107,334.51277254924884,236.58014294024252,0.0,996.0
