count,mean,std,min,max
15135,498.66164519326065,288.78191140369836,0,999
15135,665.222860918401,237.1349898034152,10,999
15135,333.2356788899901,235.8715251850354,0,989
15135,498.2451271886356,230.4263595191205,4,994
