count,mean,std,min,max
13036,497.5966554157717,290.8910033856717,0,999
13036,666.5905185639767,236.17116763277326,7,999
13036,329.96747468548637,235.2060811106471,0,996
13036,497.1428352255293,231.1994657113414,0,997
