count,mean,std,min,max
12086,501.6095482376303,289.9614216073103,0,999
12086,667.407744497766,235.07148687510517,14,999
12086,336.3233493298031,238.89556151855555,0,998
12086,500.4171768988913,230.78793289630255,7,998
