count,mean,std,min,max
10561,499.23368999147806,289.61497384149584,0,999
10561,666.056623425812,236.91733313637798,6,999
10561,333.7552315121674,235.69593564362975,0,997
10561,497.9521825584698,228.34272380025214,6,998
