count,mean,std,min,max
11433,504.08606664917346,288.332823217507,0,999
11433,670.1573515262836,234.6314285666383,19,999
11433,332.98583049068486,235.43025798999165,0,993
11433,502.0171433569492,229.21993379193083,10,996
