count,mean,std,min,max
19672,665.9255286701912,235.47850252996452,9.0,999.0
19672,498.2955469703131,288.3849246403052,0.0,999.0
19672,498.3639182594551,229.56001149369584,3.0,996.0
19672,,,,
19672,333.3243188287922,234.84967105751997,0.0,995.0
