count,mean,std,min,max
16880,499.76018957345974,289.09871193701235,0,999
16880,667.6280805687204,235.0248224458379,12,999
16880,332.56611374407584,235.2286352150005,0,989
16880,499.6038507109005,229.21608448457317,2,996
