count,mean,std,min,max
13328,664.6210984393757,236.57984804854482,7.0,999.0
13328,501.12447478991595,288.69431338415615,0.0,999.0
13328,500.13655462184875,231.55354490110557,3.0,995.0
13328,,,,
13328,334.4522809123649,235.98619298246348,0.0,991.0
