count,mean,std,min,max
18430,501.3344546934346,288.3677381063218,0,999
18430,667.2686923494302,233.15796206096655,10,999
18430,332.906456863809,235.5491156827885,0,996
18430,499.7502441671188,229.3704730356244,2,996
