count,mean,std,min,max
17865,499.3773859501819,287.2093394000246,0,999
17865,665.984550797649,235.4644698353874,10,999
17865,333.24304506017353,235.83554482709604,0,995
17865,499.72454520011195,230.66781801681157,2,997
