count,mean,std,min,max
12806,500.0852725285023,286.9117167701998,0,999
12806,666.4323754490083,234.46556091075124,6,999
12806,333.2685459940653,235.67675953308617,0,994
12806,500.14618147743244,230.37020006578584,4,996
