count,mean,std,min,max
13841,498.91698576692437,288.16122349085435,0,999
13841,665.8776822483925,234.01414566144618,3,999
13841,332.5951882089444,233.86783031207963,0,992
13841,498.81598150422656,229.0680989414841,2,995
