count,mean,std,min,max
17808,501.0397574123989,290.354500848262,0,999
17808,668.3407457322552,237.53800739290375,11,999
17808,331.9920822102426,236.02366022445017,0,993
17808,500.2501684636119,229.77239727946534,6,996
