count,mean,std,min,max
18980,497.2015279241307,288.97115545893115,0,999
18980,666.1582191780822,234.41051529664364,7,999
18980,332.19035827186514,236.26162303689094,0,996
18980,500.1978925184405,229.57064375477466,2,996
