count,mean,std,min,max
10165,667.8502705361535,236.3743038118442,9.0,999.0
10165,498.70654205607474,290.84949768652103,0.0,999.0
10165,503.1085095917363,230.53838253085985,7.0,997.0
10165,,,,
10165,335.278209542548,236.92754560774725,0.0,988.0
