count,mean,std,min,max
14596,669.9210742669225,234.53905185122545,0.0,999.0
14596,500.60715264456013,289.58268321057204,0.0,999.0
14596,503.00575500137023,229.54965898804244,0.0,996.0
14596,,,,
14596,334.45190463140585,237.2010939578248,0.0,992.0
