count,mean,std,min,max
19268,499.3619472700851,288.0939566801585,0,999
19268,664.8245796138675,235.66684832082757,5,999
19268,331.0146875648744,234.7554818000864,0,984
19268,498.3719119784098,230.10890127318703,1,999
