count,mean,std,min,max
13023,501.34224065115563,289.2962905013665,0,999
13023,666.6570682638409,237.29429045946668,2,999
13023,335.18283037702525,235.56136783380455,0,987
13023,501.0691085003455,230.9406192859567,0,999
