count,mean,std,min,max
11511,670.5412214403614,234.67571654650197,1.0,999.0
11511,506.6935105551212,289.9409740560949,0.0,999.0
11511,502.11858222569714,228.3382356974636,1.0,999.0
11511,,,,
11511,336.88254712883327,238.63312928277028,0.0,995.0
