count,mean,std,min,max
17380,501.0617376294592,287.76597683372756,0,999
17380,668.1195051783659,233.33675157020568,5,999
17380,332.41006904487915,234.87899788361315,0,993
17380,497.77341772151897,227.8083532725698,2,997
