count,mean,std,min,max
12231,662.8853732319516,237.58312902330823,10.0,999.0
12231,499.04938271604937,289.4094777355705,0.0,999.0
12231,497.8304308723735,229.17470694927147,3.0,998.0
12231,,,,
12231,331.65530210121824,235.67723031531307,0.0,991.0
