count,mean,std,min,max
15895,668.0770053475936,235.6891714489273,4.0,999.0
15895,501.42503932054103,289.3105043281021,0.0,999.0
15895,499.560553633218,228.76172589536193,3.0,994.0
15895,,,,
15895,333.51783579742056,234.6011325072798,0.0,991.0
