count,mean,std,min,max
13316,495.37045659357165,288.7257510760109,0,999
13316,664.2934064283569,234.77255516667216,8,999
13316,329.1305947732052,234.2020794879432,0,994
13316,496.57051667167315,229.34527569835723,2,999
