count,mean,std,min,max
17883,665.0062629312755,236.86136869487711,1.0,999.0
17883,497.0751551753062,287.9415997934163,0.0,999.0
17883,500.3678912934071,231.32242774261096,1.0,994.0
17883,,,,
17883,333.70558631102165,235.5346564128998,0.0,985.0
