count,mean,std,min,max
15065,668.3890474610023,235.76195340184876,7.0,999.0
15065,503.00199137072684,288.45064147337337,0.0,999.0
15065,502.3117158977763,230.81175359786354,0.0,997.0
15065,,,,
15065,332.8535678725523,235.52553706406303,0.0,994.0
