count,mean,std,min,max
18497,502.24209331242906,288.1107794817399,0,999
18497,668.4350975833919,234.1025305881631,15,999
18497,337.84251500243283,236.3992322476016,0,996
18497,504.4356382116019,229.22063772356057,1,997
