count,mean,std,min,max
10248,502.7078454332553,287.0939480964254,0,999
10248,666.8558743169399,234.63707560527658,9,999
10248,337.7423887587822,236.1100139863365,0,987
10248,503.1416861826698,229.4453770619604,3,997
