count,mean,std,min,max
11900,504.29126050420166,288.74381676712073,0,999
11900,668.1157142857143,235.73616059414218,4,999
11900,335.43882352941176,235.89805773566673,0,989
11900,501.8218487394958,229.43026669230989,2,996
