count,mean,std,min,max
15218,501.9105007228282,286.40073147730095,0,999
15218,667.6900381127612,234.7988686119201,3,999
15218,332.34071494283086,233.7909765155056,0,986
15218,499.7692863714023,228.36657267150846,3,999
