count,mean,std,min,max
16642,662.9906261266675,237.1447954719864,2.0,999.0
16642,497.2919721187357,290.0856192658748,0.0,999.0
16642,496.4471818291071,231.90179008007416,1.0,995.0
16642,,,,
16642,332.38474942915514,236.27426970360406,0.0,988.0
