count,mean,std,min,max
15831,493.5545448802981,288.2575003750242,0,999
15831,661.8409449813656,236.12038530162573,5,999
15831,328.9446023624534,234.08178679022177,0,992
15831,496.1529277998863,229.41289107225958,2,997
