count,mean,std,min,max
17846,498.3130113190631,288.1878669423387,0,999
17846,667.7857783256752,234.23700307117036,2,999
17846,330.7979379132579,235.66014791645478,0,989
17846,500.41482685195564,229.96438210654978,1,997
