count,mean,std,min,max
12564,498.7170487106017,291.0149059484975,0,999
12564,663.1150907354346,238.7110125462356,8,999
12564,333.79035339063995,238.47636299161746,0,995
12564,497.51671442215854,231.97472247850206,4,995
