count,mean,std,min,max
14435,498.7981295462418,288.3604633211879,0,999
14435,667.5804641496363,234.93252922073836,14,999
14435,330.80457222029787,234.023381671115,0,996
14435,498.48888119154833,229.36118746161677,5,998
