count,mean,std,min,max
17911,499.62241080900003,290.9020215080897,0,999
17911,667.6036513874155,236.6039994556606,5,999
17911,332.8577410529842,236.17932879555406,0,995
17911,498.9811289151918,231.89430937707925,0,997
