count,mean,std,min,max
16008,499.41335582208893,288.76321879361944,0,999
16008,665.6857821089455,235.64721993349667,10,999
16008,333.5233008495752,236.18001401415728,0,992
16008,500.2755497251374,228.61367004173997,2,998
