count,mean,std,min,max
12685,499.93354355538037,287.3233647644184,0,999
12685,665.1153330705557,235.69581867861544,6,999
12685,333.2032321639732,235.3417632114411,0,995
12685,498.1186440677966,228.8973810952634,6,995
