count,mean,std,min,max
18150,498.12903581267216,287.26047330765766,0,999
18150,664.0207713498622,236.1014906536498,9,999
18150,330.8794490358127,233.6185711738605,0,988
18150,498.51300275482095,229.14868674394162,1,998
