count,mean,std,min,max
14566,505.3142249073184,289.0696784701238,0,999
14566,670.2324591514486,234.31573127290753,5,999
14566,335.2258684607991,236.46223488497006,0,998
14566,502.9386241933269,230.06241889924544,2,998
