count,mean,std,min,max
11545,498.4934603724556,288.34741208326375,0,999
11545,665.7042009527934,235.51031990162886,2,999
11545,331.9242096145517,235.94124668807473,0,991
11545,499.8569077522737,232.342775700624,2,997
