count,mean,std,min,max
11133,493.6031617713105,288.74377988934225,0,999
11133,663.3563280337735,236.91998438645683,6,999
11133,329.80508398455044,234.2228894289991,0,992
11133,497.5633701607833,229.10325201675442,6,994
