count,mean,std,min,max
18147,666.575411913815,235.29136426268153,6.0,999.0
18147,501.60219319997793,289.0816777731774,0.0,999.0
18147,499.5057034220532,229.93920771825285,0.0,997.0
18147,,,,
18147,333.8178762329862,235.38500429496094,0.0,992.0
