count,mean,std,min,max
14442,663.7451184046531,234.2829158230526,3.0,999.0
14442,501.41767068273094,286.96790698965316,0.0,999.0
14442,498.7086276139039,228.81523069681415,1.0,997.0
14442,,,,
14442,336.9844204403822,236.18931853447373,0.0,992.0
