count,mean,std,min,max
12987,497.46223146223144,288.7493150923693,0,999
12987,668.9489489489489,234.07278850451118,15,999
12987,328.09163009163007,233.12596049686186,0,999
12987,499.3040733040733,228.57735245161626,2,999
