count,mean,std,min,max
10943,503.01745408023396,288.42366025097044,0,999
10943,669.1311340583021,234.62522311731567,16,999
10943,335.57616741295806,236.95294946842483,0,986
10943,503.29553138992964,229.16743294850625,7,993
