count,mean,std,min,max
13439,666.6781754594836,234.257040130042,3.0,999.0
13439,500.2739043083563,287.59731468818245,0.0,999.0
13439,500.1858769253665,227.93008730109722,2.0,997.0
13439,,,,
13439,334.7727509487313,234.97389283839001,0.0,997.0
