count,mean,std,min,max
13620,496.4968428781204,287.9083978097053,0,999
13620,662.9037444933921,234.72481631510047,9,999
13620,332.35506607929517,235.24526446222276,0,989
13620,498.403671071953,228.10835010119814,2,991
