count,mean,std,min,max
15435,496.20084224165856,289.5346018927843,0,999
15435,665.4722384191772,235.51578263525553,11,999
15435,329.50955620343376,236.10023301520508,0,993
15435,496.73747975380627,229.6193892124339,9,995
