count,mean,std,min,max
12905,497.12034095311895,288.8313587378218,0,999
12905,666.5636574970941,235.31334486026228,6,999
12905,331.2579620302208,235.36551362389713,0,992
12905,500.8161177838047,230.33802868552513,1,997
