count,mean,std,min,max
11017,497.5010438413361,285.2795476709702,0,999
11017,662.2509757647273,236.15681623222747,17,999
11017,333.4932377235182,234.6900139843245,0,992
11017,498.67967686302984,230.15691944618698,2,998
