count,mean,std,min,max
18660,500.5334405144695,289.49556840718304,0,999
18660,665.0905144694534,236.63415282938587,6,999
18660,334.33885316184353,238.09136945866044,0,995
18660,499.21773847802785,231.78143705642262,1,998
