count,mean,std,min,max
13597,499.5515187173641,288.3444270613256,0,999
13597,666.2876369787454,235.80808745239523,1,999
13597,332.03044789291755,236.04613184777062,0,996
13597,501.12877840700156,231.05446521338501,1,998
