count,mean,std,min,max
19778,665.053594903428,235.2865041813413,12.0,999.0
19778,494.68156537566995,289.0624442099198,0.0,999.0
19778,496.50409545960156,230.01006704801657,7.0,998.0
19778,,,,
19778,330.17858226312063,235.38055038896704,0.0,988.0
