count,mean,std,min,max
11679,665.3588492165425,234.57999128717472,13.0,999.0
11679,500.2970288552102,286.6933097027235,0.0,999.0
11679,500.27759225961125,228.13599572129888,2.0,998.0
11679,,,,
11679,334.3007963010532,234.85334546818453,0.0,982.0
