count,mean,std,min,max
12022,500.56812510397606,288.49710477126837,0,999
12022,663.6916486441523,238.25923612840865,12,999
12022,334.8241557145234,236.0969551984676,0,985
12022,498.234985859258,229.63791574013726,3,996
