count,mean,std,min,max
13032,498.53583486801716,289.8132544440831,0,999
13032,667.5693677102516,235.24573829420896,8,999
13032,334.9531921424187,237.70072146821434,0,996
13032,503.81944444444446,229.11049399807013,8,997
