count,mean,std,min,max
16618,498.205680587315,288.9748166607676,0,999
16618,668.6765555421832,234.53354741711738,5,999
16618,333.5229269466843,235.73661890188816,0,996
16618,503.1704176194488,230.64547465944597,1,998
