count,mean,std,min,max
16011,665.7053900443445,236.7520855009709,9.0,999.0
16011,498.77665355068393,287.3959632323788,0.0,999.0
16011,498.7835862844295,229.61778375437177,2.0,999.0
16011,,,,
16011,331.9599025669852,234.8201395853194,0.0,997.0
