count,mean,std,min,max
14699,501.3865569086332,288.81349513073536,0,999
14699,668.0659228518947,236.0818603574166,14,999
14699,334.43159398598544,237.4944718606293,0,991
14699,501.1528675420097,231.23743150343458,2,994
