count,mean,std,min,max
13981,667.3257277734068,236.48275904269124,17.0,999.0
13981,500.96931549960664,288.8542867725238,0.0,999.0
13981,500.56076103283027,231.14538149045987,3.0,998.0
13981,,,,
13981,334.36900078678207,237.05287665889193,0.0,988.0
