count,mean,std,min,max
17572,498.9800819485545,288.60962102377374,0,999
17572,663.710163897109,235.1518627328682,15,999
17572,331.15632824948784,235.48039450286518,0,997
17572,497.2464147507398,229.27070041270557,3,998
