count,mean,std,min,max
18811,501.24788687470095,289.109273071339,0,999
18811,667.4319281271596,236.52686883347548,5,999
18811,334.99909627345704,235.72054803699316,0,996
18811,501.7513157195258,230.0676698934322,0,999
