count,mean,std,min,max
16701,500.99688641398717,288.11324244009876,0,999
16701,669.6609783845279,234.5594275603989,5,999
16701,332.9426980420334,235.1571354074875,0,993
16701,500.9483863241722,229.88492194110714,2,998
