count,mean,std,min,max
15895,501.42503932054103,289.31050432810247,0,999
15895,668.0770053475936,235.68917144892768,4,999
15895,333.51783579742056,234.60113250727866,0,991
15895,499.560553633218,228.76172589536233,3,994
