count,mean,std,min,max
11190,502.71966041108135,288.4461925002459,0,999
11190,666.8361930294906,235.12466306287223,6,999
11190,336.33521000893654,236.6606843710394,0,994
11190,499.9324396782842,229.00352142986,2,998
