count,mean,std,min,max
18186,501.9833388320686,287.7302965638439,0,999
18186,666.3447157153854,236.21234557302398,0,999
18186,333.57126360936985,235.653978044697,0,991
18186,500.128450456395,230.65175493820882,0,996
