count,mean,std,min,max
13181,499.2317730066004,288.9598962116088,0,999
13181,665.9688187542675,235.717325467137,4,999
13181,331.03846445641454,233.4311603851009,0,990
13181,500.2994461725211,229.12715474474678,1,995
