count,mean,std,min,max
19268,664.8245796138675,235.66684832082757,5.0,999.0
19268,499.3619472700851,288.0939566801585,0.0,999.0
19268,498.3719119784098,230.1089012731871,1.0,999.0
19268,,,,
19268,331.0146875648744,234.7554818000864,0.0,984.0
