count,mean,std,min,max
16859,497.56622575478974,288.61567462773064,0,999
16859,665.3337089981612,236.29965163333276,6,999
16859,330.6705024022777,234.63125941405374,0,992
16859,497.3857880064061,230.66473069715454,5,996
