count,mean,std,min,max
17446,497.5676946004815,288.76782514468215,0,999
17446,665.5451106270779,235.83280921176433,9,999
17446,331.0460850624785,234.63744129855948,0,992
17446,497.30522755932594,228.8512208067331,4,997
