count,mean,std,min,max
10835,500.6770650669128,287.294712615579,0,999
10835,666.4317489616982,236.31989366767473,4,999
10835,333.17840332256577,234.2143375843373,0,982
10835,501.7151822796493,229.03869204284373,4,995
