count,mean,std,min,max
17368,504.0278673422386,287.9076907641014,0,999
17368,669.0598802395209,234.90966322741096,13,999
17368,334.33930216490097,235.07868542152892,0,994
17368,501.21182634730536,230.2622699088228,4,997
