count,mean,std,min,max
10692,496.756734006734,289.41304465541947,0,999
10692,666.3869248035915,235.31409289946347,7,999
10692,332.2514964459409,238.06685017959614,0,995
10692,499.65974560419005,230.6476568495481,4,998
