count,mean,std,min,max
14501,496.4837597407075,287.674324172248,0,999
14501,667.207227087787,234.69743872404592,2,999
14501,331.0526860216537,235.00361607604944,0,995
14501,499.5256189228329,229.1707479275982,1,996
