count,mean,std,min,max
18897,495.1647351431444,288.4806142275656,0,999
18897,662.7669471344658,235.5787479995996,0,999
18897,330.22426840239194,233.69148413252026,0,991
18897,498.0591099116262,229.72401678381314,0,998
