count,mean,std,min,max
10642,495.5711332456305,289.20335420247113,0,999
10642,667.2541815448224,234.59470704900477,9,999
10642,331.7909227588799,235.9270640098203,0,998
10642,500.91956399173085,228.00751696629996,7,999
