count,mean,std,min,max
19950,501.254686716792,289.10978648581994,0,999
19950,666.6507268170426,235.82124149654655,3,999
19950,333.7761403508772,236.37851119243456,0,993
19950,500.7445112781955,231.0217403236756,1,998
