count,mean,std,min,max
16555,664.5610993657506,236.80818891422746,10.0,999.0
16555,499.476532769556,288.5776670685215,0.0,999.0
16555,498.02337662337663,229.628719447392,4.0,998.0
16555,,,,
16555,332.3400181214135,236.13048170014392,0.0,996.0
