count,mean,std,min,max
12034,501.9512215389729,288.45418907422516,0,999
12034,666.9025261758351,236.51631440432809,10,999
12034,332.6935349842114,236.68076721490462,0,998
12034,499.9419976732591,231.44973377938527,6,998
