count,mean,std,min,max
15297,503.2591357782572,289.9163732026063,0,999
15297,669.0588350656992,235.71240180697876,8,999
15297,333.08890632150093,236.12023609216632,0,990
15297,502.2665882199124,230.77875693629645,4,997
