count,mean,std,min,max
16595,665.3561313648689,235.87249187896455,11.0,999.0
16595,499.1644471226273,290.02009030332164,0.0,999.0
16595,500.27375715576983,229.98993528833017,2.0,998.0
16595,,,,
16595,333.67689062970777,235.88502686983597,0.0,995.0
