count,mean,std,min,max
13417,500.1360214653052,289.8353819936387,0,999
13417,670.2496832376835,234.1574018608847,5,999
13417,331.10397257211,236.88502339354224,0,990
13417,501.9246478348364,230.32361647888612,4,996
