count,mean,std,min,max
10721,499.5171159406772,289.50578048085794,0,999
10721,668.0945807294096,234.5264520801288,10,999
10721,331.79554146068466,235.89864060771382,0,997
10721,500.0805894972484,229.65860661921496,6,998
