count,mean,std,min,max
13567,497.5106508439596,288.90047883894437,0,999
13567,664.7818972506818,237.52800429788994,1,999
13567,329.556423675094,234.12925537687192,0,984
13567,496.42382251050344,230.2818957552814,1,996
