count,mean,std,min,max
18018,668.2274947274947,232.5050778547322,5.0,999.0
18018,497.53646353646354,287.97033788028864,0.0,999.0
18018,500.95915195915194,228.560261862733,4.0,997.0
18018,,,,
18018,331.0905205905206,234.74821252013118,0.0,997.0
