count,mean,std,min,max
12872,503.1254661280298,288.46852083443747,0,999
12872,667.189014916097,234.3266748178094,8,999
12872,334.38774083281544,234.36406395450996,0,991
12872,498.5375233064015,227.92761546737987,1,999
