count,mean,std,min,max
19130,499.07229482488236,288.6304253776266,0,999
19130,664.9519602718243,234.14312307497337,6,999
19130,330.5251437532671,235.66833969403854,0,994
19130,497.93125980135915,228.64083705682916,2,998
