count,mean,std,min,max
13977,502.2783859197253,289.0254641592726,0,999
13977,667.626743936467,236.42284485956134,10,999
13977,334.9478428847392,234.56309221904098,0,996
13977,502.4473062889032,228.0364052846965,2,997
