count,mean,std,min,max
15268,503.75268535499083,287.950897557095,0,999
15268,668.3917998428085,234.19788035769275,1,999
15268,334.8388787005502,234.82253334844154,0,991
15268,500.65391668849884,228.6323581157275,0,996
