count,mean,std,min,max
16585,499.8678323786554,287.53984416205503,0,999
16585,669.1079288513718,233.74552973885713,2,999
16585,333.39861320470305,235.23012202781334,0,996
16585,499.4785046728972,228.87300501202452,2,996
