count,mean,std,min,max
17862,498.6021722091591,289.20936427062964,0,999
17862,666.3764416078826,234.95817853079504,6,999
17862,330.554025305117,234.62450173543377,0,995
17862,499.0225618631732,230.28203192379306,4,998
