count,mean,std,min,max
12633,500.3566848729518,287.65795352289706,0,999
12633,667.6668249821895,235.2570668045985,9,999
12633,332.8866460856487,236.89491730030107,0,990
12633,500.58101796881186,231.27762921883024,2,997
