count,mean,std,min,max
13910,500.5846872753415,287.5777451469473,0,999
13910,668.415672178289,234.57690209888085,11,999
13910,331.1023005032351,233.20939148443233,0,990
13910,498.9176132278936,228.27619289971568,2,999
