count,mean,std,min,max
16612,495.41686732482543,286.89319487784826,0,999
16612,662.2199012761859,234.93862284597694,5,999
16612,330.0947507825668,234.4673584929887,0,993
16612,499.1823380688659,228.78387312985527,4,997
