count,mean,std,min,max
15451,665.6565270856255,235.43308714701857,7.0,999.0
15451,499.05837809850493,288.7587399977887,0.0,999.0
15451,497.75004854054754,228.77723435061756,5.0,998.0
15451,,,,
15451,330.73801048475826,234.0353472965908,0.0,996.0
