count,mean,std,min,max
17380,501.0617376294592,287.7659768337273,0,999
17380,668.1195051783659,233.3367515702056,5,999
17380,332.41006904487915,234.8789978836135,0,993
17380,497.77341772151897,227.8083532725701,2,997
