count,mean,std,min,max
19774,502.6845858197633,288.97786827522486,0,999
19774,668.3527864873066,236.42067848534063,5,999
19774,333.2665621523212,236.57281737115224,0,994
19774,501.6130777789016,229.82619286918882,3,999
