count,mean,std,min,max
15175,663.8020428336079,237.7269821728906,8.0,999.0
15175,497.31578253706755,288.64221859004346,0.0,999.0
15175,499.05087314662273,231.10354463091502,5.0,996.0
15175,,,,
15175,332.8906754530478,236.32764182855973,0.0,994.0
