count,mean,std,min,max
16585,669.1079288513718,233.74552973885648,2.0,999.0
16585,499.8678323786554,287.53984416205486,0.0,999.0
16585,499.4785046728972,228.87300501202463,2.0,996.0
16585,,,,
16585,333.39861320470305,235.23012202781285,0.0,996.0
