count,mean,std,min,max
17897,501.7491758395262,289.43096109235364,0,999
17897,665.0107280549813,236.39938776900885,3,999
17897,332.36883276526794,236.59341005542828,0,997
17897,498.70173772140583,230.85950312969658,3,997
