count,mean,std,min,max
10278,502.428779918272,289.8185168894721,0,999
10278,668.798307063631,235.47472704108762,7,999
10278,334.67892586106245,235.57293233084638,0,987
10278,501.72718427709674,230.2123085720456,1,998
