count,mean,std,min,max
16344,496.2141458639256,290.2786041415433,0,999
16344,665.8739598629467,236.91850532495687,1,999
16344,332.4151370533529,237.09641611867775,0,995
16344,497.9560083210964,230.79062244765728,1,995
