count,mean,std,min,max
19749,667.916198288521,234.41859934714861,8.0,999.0
19749,501.9932654817965,287.04656664228145,0.0,999.0
19749,500.7125930426857,230.0503717020705,2.0,996.0
19749,,,,
19749,334.6592232518102,236.39110973944983,0.0,996.0
