count,mean,std,min,max
12139,501.68811269462066,286.57801424112836,0,999
12139,668.4301837054123,232.62648855022786,7,999
12139,332.4431172254716,235.14869551521684,0,997
12139,500.77782354394924,230.04259597360513,2,998
