count,mean,std,min,max
19066,499.77436273995596,290.16233420151883,0,999
19066,666.9272527011434,235.5837258839489,6,999
19066,331.537553760621,236.0513216822819,0,989
19066,500.72752543795235,230.04435466623124,3,999
