count,mean,std,min,max
13824,666.3506221064815,236.1777868706442,6.0,999.0
13824,501.3737702546296,288.17161722807725,0.0,999.0
13824,502.19755497685185,230.36142280635102,0.0,996.0
13824,,,,
13824,333.5544704861111,235.58267717538558,0.0,992.0
