count,mean,std,min,max
14954,667.7805269493113,235.30532160366755,10.0,999.0
14954,502.1479202888859,287.1993842445713,0.0,999.0
14954,501.2525076902501,229.91031671158075,1.0,998.0
14954,,,,
14954,333.5658686639026,235.96335347052994,0.0,987.0
