count,mean,std,min,max
19492,667.345475066694,236.8439162474505,4.0,999.0
19492,503.1905397085984,288.229573467874,0.0,999.0
19492,500.62302483069976,230.65482800881284,2.0,998.0
19492,,,,
19492,334.64010876256924,236.05918986483752,0.0,998.0
