count,mean,std,min,max
17300,497.74549132947976,287.00416361083836,0,999
17300,663.9822543352601,234.20872135882192,7,999
17300,333.4542774566474,235.9432029759487,0,991
17300,498.2126589595376,229.64482923407465,4,994
