count,mean,std,min,max
18296,493.4211303017053,288.26141420304623,0,999
18296,664.2916484477481,234.8410979418419,1,999
18296,329.10045911674683,234.81666627182324,0,998
18296,495.9010166156537,229.48789546419502,1,998
