count,mean,std,min,max
16196,664.8508891084218,235.38976511058007,5.0,999.0
16196,498.26136082983453,290.0089614034814,0.0,999.0
16196,499.56600395159296,230.12013835398912,5.0,999.0
16196,,,,
16196,329.4841318844159,235.9895232291154,0.0,994.0
