count,mean,std,min,max
13635,502.08954895489546,288.8886744934865,0,999
13635,669.5254858819216,235.14655804877677,9,999
13635,333.4627796112945,236.07563839936793,0,991
13635,500.6009534286762,231.15989235383267,2,997
