count,mean,std,min,max
15612,498.87451960030745,287.4340688504694,0,999
15612,667.5259415833974,234.25674442966294,10,999
15612,331.61273379451706,233.04025145358045,0,993
15612,499.04400461183707,228.0099102459848,1,997
