count,mean,std,min,max
12066,662.8259572352064,237.7234736804123,3.0,999.0
12066,495.5032322227747,289.1511185587477,0.0,999.0
12066,499.9232554284767,231.16363150017526,2.0,996.0
12066,,,,
12066,333.5499751367479,236.07663459736463,0.0,991.0
