count,mean,std,min,max
12592,663.8055908513342,234.73484434921048,5.0,999.0
12592,500.6320679796696,287.9215308171748,0.0,999.0
12592,498.2935991105464,229.24228463063002,3.0,995.0
12592,,,,
12592,335.81154701397713,235.9234104436246,0.0,992.0
