count,mean,std,min,max
16178,497.92248732847077,288.46415345899777,0,999
16178,664.6693658054147,236.32363797966033,9,999
16178,331.35616269007295,235.56088059301936,0,995
16178,498.09568549882556,228.36286949851572,2,996
