count,mean,std,min,max
19157,666.4342015973274,236.1438492435406,5.0,999.0
19157,497.54622331262726,289.6972161539681,0.0,999.0
19157,498.0537140470846,230.566361900295,1.0,998.0
19157,,,,
19157,330.4904212559378,235.3650645019985,0.0,994.0
