count,mean,std,min,max
14070,664.7508884150675,235.04049642737903,16.0,999.0
14070,498.5233830845771,289.3172449921324,0.0,999.0
14070,501.7821606254442,231.03342625858727,1.0,996.0
14070,,,,
14070,332.9637526652452,236.66554962791912,0.0,996.0
