count,mean,std,min,max
13159,497.3760164146212,288.04411261557294,0,999
13159,666.4026901740253,233.97222595637768,3,999
13159,332.4422828482407,236.48328153742898,0,990
13159,499.2302606581047,230.4605542279185,0,995
