count,mean,std,min,max
17854,501.9756357118853,287.8137156443135,0,999
17854,667.8879242746723,234.93335364557012,5,999
17854,336.0618348829394,236.454305381103,0,995
17854,502.68959336843284,228.7812908710441,3,996
