count,mean,std,min,max
15395,666.4930821695356,236.20088703654076,9.0,999.0
15395,501.7836960051965,287.77806891537426,0.0,999.0
15395,499.1809028905489,229.3370808092481,4.0,998.0
15395,,,,
15395,335.62163039948035,235.53672533159624,0.0,998.0
