count,mean,std,min,max
11426,499.4338351129004,291.60044671323163,0,999
11426,664.556800280063,237.29198802967173,12,999
11426,333.7948538421145,237.47778486680232,0,991
11426,498.6241904428496,232.8546715326885,1,995
