count,mean,std,min,max
19334,666.8429192096825,235.0635778532,8.0,999.0
19334,500.4683976414606,289.79036778185065,0.0,999.0
19334,501.15620151029276,230.16548510555862,5.0,997.0
19334,,,,
19334,332.9064342608876,236.65573756702648,0.0,992.0
