count,mean,std,min,max
12913,664.3097653527453,237.45778907136054,4.0,999.0
12913,496.5879346395106,288.27184636031024,0.0,999.0
12913,496.21652598156896,230.3134791602101,4.0,996.0
12913,,,,
12913,333.09935723689307,235.4294043978619,0.0,991.0
