count,mean,std,min,max
19777,497.83116751782376,289.4756283782399,0,999
19777,664.4981038580169,237.34985440669175,7,999
19777,332.3570308944734,235.73559732230862,0,995
19777,499.166658239369,230.18970985467513,2,998
