count,mean,std,min,max
13091,665.502024291498,235.6076124314038,15.0,999.0
13091,499.8995493086854,288.3286445193562,0.0,999.0
13091,499.77564739133754,228.936162598177,4.0,996.0
13091,,,,
13091,334.1789779237644,235.77985576836622,0.0,994.0
