count,mean,std,min,max
14238,499.378002528445,288.01466963606845,0,999
14238,668.7659081331648,234.38479559590215,10,999
14238,333.1802921758674,233.2356729386311,0,996
14238,500.56953223767385,228.99862613287482,2,997
