count,mean,std,min,max
11433,670.1573515262836,234.63142856663788,19.0,999.0
11433,504.08606664917346,288.33282321750727,0.0,999.0
11433,502.0171433569492,229.21993379193088,10.0,996.0
11433,,,,
11433,332.98583049068486,235.43025798999128,0.0,993.0
