count,mean,std,min,max
14211,498.55386672296106,289.631445234483,0,999
14211,665.4074308634157,235.51259664637982,10,999
14211,329.3583843501513,235.28572411826596,0,989
14211,496.80634719583423,229.79465010126796,4,999
