count,mean,std,min,max
11241,669.351392224891,236.3772897969177,1.0,999.0
11241,502.9534738902233,289.0883733459576,0.0,999.0
11241,500.7187082999733,230.4232228211184,0.0,997.0
11241,,,,
11241,334.29410194822526,237.6749907305538,0.0,994.0
