count,mean,std,min,max
17365,664.9408580477973,235.94802261714747,12.0,999.0
17365,497.0986467031385,288.81881676242085,0.0,999.0
17365,496.6909876187734,230.57025320536505,5.0,995.0
17365,,,,
17365,331.7402821767924,233.83751802237958,0.0,989.0
