count,mean,std,min,max
14228,666.4127073376441,235.5198546294692,4.0,999.0
14228,498.66460500421704,287.34290123462773,0.0,999.0
14228,498.1277059319651,227.7093787781847,0.0,995.0
14228,,,,
14228,330.4963452347484,233.3443393644447,0.0,989.0
