count,mean,std,min,max
17045,500.6546201232033,287.42546269557505,0,999
17045,665.7618656497507,233.94032811550667,2,999
17045,331.7903197418598,235.08545942729936,0,996
17045,500.0018187151657,228.05530021640658,1,997
