count,mean,std,min,max
12900,502.4286046511628,289.5443045116387,0,999
12900,669.823023255814,236.09038763651185,2,999
12900,333.8191472868217,236.51900366308084,0,992
12900,499.8970542635659,230.4492051052864,2,997
