count,mean,std,min,max
18824,502.2503187420314,288.8518559801675,0,999
18824,668.2857522311942,234.75156663242691,1,999
18824,336.16834891627707,237.5257500506274,0,997
18824,502.9736506587335,229.98370193852043,1,998
