count,mean,std,min,max
18945,498.6617049353391,288.6956116573095,0,999
18945,665.3066244391661,236.3782374213116,14,999
18945,333.7522301398786,236.56408798517023,0,987
18945,499.66439693850623,230.69860236878353,1,998
