count,mean,std,min,max
10970,666.8813126709207,235.80835795605427,5.0,999.0
10970,500.19781221513216,287.7296856868969,0.0,999.0
10970,501.87657247037373,229.24748706846535,5.0,996.0
10970,,,,
10970,333.4331814038286,234.510090494441,0.0,991.0
