count,mean,std,min,max
17727,502.79432504089806,287.8259555136224,0,999
17727,665.6923337282112,235.6739113371401,9,999
17727,337.1097196367124,236.21419798847515,0,996
17727,502.33654876741696,228.76915210506752,2,998
