count,mean,std,min,max
12615,499.10574712643677,289.18481169349326,0,999
12615,667.6673801030519,235.29722833243352,4,999
12615,334.3173999207293,237.40879786195953,0,992
12615,498.58755449861275,231.48791286159891,2,998
