count,mean,std,min,max
13840,666.2949421965318,236.36852046236004,3.0,999.0
13840,500.8559248554913,287.5296976419961,0.0,999.0
13840,498.67312138728323,230.50306018775183,3.0,998.0
13840,,,,
13840,333.3762283236994,236.0444584001818,0.0,994.0
