count,mean,std,min,max
15804,501.63123259934196,290.7619502739559,0,999
15804,668.560491014933,236.31221232785617,8,999
15804,333.6729309035687,237.22037927893288,0,992
15804,500.16457858769934,231.17211590117623,3,994
