count,mean,std,min,max
13896,497.7821675302245,287.2270300569399,0,999
13896,665.7600748416811,235.5656578018662,2,999
13896,333.0519573978123,234.30553746272605,0,997
13896,497.4969055843408,228.8769927017412,1,997
