count,mean,std,min,max
14609,667.6340611951537,235.00343552916684,6.0,999.0
14609,503.3274693681977,289.04494715352274,0.0,999.0
14609,503.26962831131493,230.10419162090744,2.0,996.0
14609,,,,
14609,337.8550208775412,236.81799335192935,0.0,994.0
