count,mean,std,min,max
10857,500.12977802339503,289.96235337154997,0,999
10857,664.9739338675508,236.80447270372918,10,999
10857,332.74836511006725,235.97612043465463,0,974
10857,498.95063092935436,230.1341234357582,6,992
