count,mean,std,min,max
17826,500.53511724447435,288.01320393183437,0,999
17826,667.2780208683945,234.07153125987696,5,999
17826,334.22203522944017,235.96129893821384,0,995
17826,500.60142488499946,229.5234305430197,1,998
