count,mean,std,min,max
10782,499.99703209052126,286.69511544887774,0,999
10782,668.0043591170469,232.93408228315133,18,999
10782,331.87302912261174,235.1945814814389,0,997
10782,500.57113708031903,227.1184737661306,6,998
