count,mean,std,min,max
15624,496.45526113671275,286.3324118268315,0,999
15624,665.7415514592934,234.72574808754808,8,999
15624,331.13300051203277,233.66490553112536,0,998
15624,498.21050947260625,228.49928636836816,4,998
