count,mean,std,min,max
18804,498.43469474579877,288.7970018557452,0,999
18804,664.4866517762179,235.5640449562663,9,999
18804,331.85753031269945,235.45378096786504,0,991
18804,498.15996596468835,230.1376205814036,0,998
