count,mean,std,min,max
18250,500.8580273972603,288.829299685637,0,999
18250,668.6077260273972,234.90333660899174,7,999
18250,335.03457534246576,236.2273936493858,0,994
18250,501.54964383561645,230.10150091768284,1,997
