count,mean,std,min,max
12000,668.4864166666666,233.91544309508345,15.0,999.0
12000,501.4365833333333,288.61118108303947,0.0,999.0
12000,499.514,229.49723539167306,7.0,999.0
12000,,,,
12000,333.1385,236.68788783424813,0.0,997.0
