count,mean,std,min,max
16697,501.02503443732405,286.98482973380544,0,999
16697,665.1923099958076,235.2069529217182,4,999
16697,335.0080253937833,235.9228039281246,0,987
16697,498.71210397077317,229.44377664025416,1,997
