count,mean,std,min,max
11955,666.8127979924718,234.98024490630655,12.0,999.0
11955,499.87160184023423,287.8689415594205,0.0,999.0
11955,503.5089920535341,228.88353894607917,6.0,998.0
11955,,,,
11955,335.19113341698034,235.89784809283228,0.0,995.0
