count,mean,std,min,max
14211,498.55386672296106,289.631445234483,0,999
14211,665.4074308634157,235.5125966463794,10,999
14211,329.3583843501513,235.2857241182662,0,989
14211,496.80634719583423,229.79465010126762,4,999
