count,mean,std,min,max
12674,504.58079532902,290.488571507392,0,999
12674,671.5559412971437,235.2777391127873,9,999
12674,333.51925201199305,236.69258061165107,0,989
12674,503.32199779075273,229.89559158243853,3,995
