count,mean,std,min,max
15920,498.145540201005,288.38211865275264,0,999
15920,665.5513190954774,235.5453836206043,5,999
15920,331.4752512562814,234.26852666846003,0,998
15920,498.5743718592965,230.50316543311396,1,998
