count,mean,std,min,max
16942,664.8414590957384,235.08631520198972,5.0,999.0
16942,496.59491205288634,288.5700324864296,0.0,999.0
16942,497.19619879589186,227.97114258872423,1.0,996.0
16942,,,,
16942,330.2320269153583,235.1451529483245,0.0,990.0
