count,mean,std,min,max
13786,666.2574350790658,235.6522020807639,7.0,999.0
13786,500.4136080081242,289.02637702535856,0.0,999.0
13786,497.9701871463804,228.46285047607674,1.0,997.0
13786,,,,
13786,333.51878717539535,234.6506462005988,0.0,985.0
