count,mean,std,min,max
16423,669.8224441332278,236.1644244636277,8.0,999.0
16423,502.3281982585398,288.1306522128001,0.0,999.0
16423,500.11995372343665,228.96129128688102,7.0,997.0
16423,,,,
16423,332.3035986117031,234.94175075701466,0.0,997.0
