count,mean,std,min,max
14596,500.60715264456013,289.58268321057204,0,999
14596,669.9210742669225,234.53905185122545,0,999
14596,334.45190463140585,237.20109395782487,0,992
14596,503.00575500137023,229.54965898804244,0,996
