count,mean,std,min,max
11510,498.011728931364,288.8064537558757,0,999
11510,665.2771503040834,235.55559888854455,7,999
11510,331.85369244135535,235.50901010614004,0,993
11510,500.49278887923543,229.65622457095364,6,999
