count,mean,std,min,max
15085,499.30679482930066,289.3676263631689,0,999
15085,667.1378853165396,236.28884022923077,3,999
15085,334.2581372224064,235.97471857776011,0,994
15085,502.65621478289694,229.61359299981643,3,998
