count,mean,std,min,max
10701,663.0476590972806,235.86789818020924,18.0,999.0
10701,496.97990841977384,289.1808470603991,0.0,999.0
10701,499.1909167367536,229.90840617436362,8.0,997.0
10701,,,,
10701,331.1906363891225,234.5004619292358,0.0,989.0
