count,mean,std,min,max
15067,499.71540452644854,287.27430063540857,0,999
15067,664.5620893343067,234.31365276283492,8,999
15067,333.8571713015199,235.1706615473355,0,997
15067,499.84190615251873,227.88596804366819,2,997
