count,mean,std,min,max
15147,500.2840166369578,288.40015869577354,0,999
15147,666.7384960718294,237.12988148575099,4,999
15147,331.54882154882154,236.28734024503467,0,997
15147,498.46834356638277,230.55848716170382,4,997
