count,mean,std,min,max
10248,666.8558743169399,234.63707560527658,9.0,999.0
10248,502.7078454332553,287.09394809642555,0.0,999.0
10248,503.1416861826698,229.44537706196,3.0,997.0
10248,,,,
10248,337.7423887587822,236.1100139863361,0.0,987.0
