count,mean,std,min,max
16618,668.6765555421832,234.53354741711775,5.0,999.0
16618,498.205680587315,288.97481666076703,0.0,999.0
16618,503.1704176194488,230.64547465944528,1.0,998.0
16618,,,,
16618,333.5229269466843,235.73661890188882,0.0,996.0
