count,mean,std,min,max
13181,499.2317730066004,288.95989621160936,0,999
13181,665.9688187542675,235.71732546713653,4,999
13181,331.03846445641454,233.43116038510044,0,990
13181,500.2994461725211,229.1271547447468,1,995
