count,mean,std,min,max
16249,500.8542064127023,287.63901094320124,0,999
16249,666.1201920118161,234.0364561201244,6,999
16249,332.8811003754077,234.89181858481172,0,998
16249,498.89211643793465,228.25483874529863,2,999
