count,mean,std,min,max
13450,501.99092936802975,288.7076561274809,0,999
13450,666.3979182156133,235.31329534410247,10,999
13450,332.084312267658,235.6649004492009,0,995
13450,499.6218587360595,230.81482338799276,5,998
