count,mean,std,min,max
19279,660.9842834171897,237.99336024039022,3.0,999.0
19279,495.22807199543547,288.71407410649175,0.0,999.0
19279,494.9751024430728,228.90530046966762,3.0,998.0
19279,,,,
19279,328.9049743243944,233.2123006437279,0.0,984.0
