count,mean,std,min,max
16505,497.10554377461375,288.051759540585,0,999
16505,667.2908209633445,236.2352601997001,7,999
16505,332.2416843380794,236.0064304183502,0,987
16505,502.23489851560134,229.29826910150362,5,998
