count,mean,std,min,max
17321,664.020668552624,235.14205826169942,2.0,999.0
17321,496.0738987356388,289.43294658068083,0.0,999.0
17321,498.71843427053864,229.3956453671064,2.0,997.0
17321,,,,
17321,330.25177530165695,234.57267631567365,0.0,992.0
