count,mean,std,min,max
19974,496.33498548112544,288.75967808089575,0,999
19974,664.9782216881947,236.2027148482824,6,999
19974,331.2245419044758,235.2309428023611,0,995
19974,497.3834985481125,230.46880253763047,1,998
