count,mean,std,min,max
19717,663.0660851042247,238.04390186136985,9.0,999.0
19717,499.217883045088,289.0355914714843,0.0,999.0
19717,496.241263883958,229.66484499805898,0.0,997.0
19717,,,,
19717,330.56793629862557,234.19835061326086,0.0,987.0
