count,mean,std,min,max
11262,501.6810513230332,288.39309315175234,0,999
11262,670.067838749778,233.3413469376466,2,999
11262,330.8230332090215,235.25196854614958,0,983
11262,500.5720120760078,229.38589829842869,1,998
