count,mean,std,min,max
18178,501.2680162834195,289.0817851338239,0,999
18178,667.3267686214105,233.518976401194,2,999
18178,334.92325888436574,237.81602694024915,0,995
18178,503.11618439872376,229.21625792826816,1,999
