count,mean,std,min,max
18235,496.72766657526734,288.51822438058696,0,999
18235,666.1157663833287,235.49628466005524,0,999
18235,333.62182615848644,235.60861100090813,0,997
18235,499.68127227858514,229.48471346635515,0,999
