count,mean,std,min,max
10871,498.8961457087664,290.23981356610534,0,999
10871,664.985189954926,235.88898122671017,6,999
10871,328.650998068255,233.68132947033646,0,990
10871,497.01481004507406,230.1614026325508,2,998
