count,mean,std,min,max
11883,496.8220987966002,289.3720458837916,0,999
11883,665.9633089287217,235.75054644337487,4,999
11883,330.22847765715727,237.3433388968337,0,982
11883,499.1079693680047,229.95009164009278,2,989
