count,mean,std,min,max
11645,504.77372262773724,289.5331478901272,0,999
11645,666.6670674109059,236.25057407980213,4,999
11645,334.6873336195792,237.14491012375677,0,990
11645,503.0613138686131,231.1043506845992,3,999
