count,mean,std,min,max
13839,669.4569694342076,234.6559969868722,9.0,999.0
13839,495.48211575980923,288.55993419221903,0.0,999.0
13839,501.1111351976299,229.74613686061232,3.0,998.0
13839,,,,
13839,329.92398294674473,234.33807939656785,0.0,998.0
