count,mean,std,min,max
16705,664.7647410954804,236.48183138503845,5.0,999.0
16705,497.22334630350196,288.9352310638776,0.0,999.0
16705,498.85878479497154,229.57359715484654,2.0,995.0
16705,,,,
16705,331.3455252918288,235.4207297518361,0.0,995.0
