count,mean,std,min,max
10678,668.4462446150965,235.75543939177913,19.0,999.0
10678,502.30286570518825,289.7310820237189,0.0,999.0
10678,500.64909159018544,230.21941843863533,10.0,997.0
10678,,,,
10678,334.98351751264283,237.75057491289948,0.0,997.0
