count,mean,std,min,max
16466,664.3080893963319,237.5821839761522,4.0,999.0
16466,499.1529211708976,289.5304326333618,0.0,999.0
16466,499.13889226284465,229.79736586048236,1.0,996.0
16466,,,,
16466,332.89554232964895,234.8095079651627,0.0,995.0
