count,mean,std,min,max
12314,502.55920090953384,289.80462215776,0,999
12314,666.8136267662823,236.21636819668234,15,999
12314,335.14398245898974,236.2129806295749,0,996
12314,502.44323534188726,230.89328978180293,0,996
