count,mean,std,min,max
13839,498.34655683214106,289.93834883916037,0,999
13839,668.3474962063733,235.77271150596735,3,999
13839,331.1056434713491,235.46879674019374,0,989
13839,499.41867186935474,229.92692150691204,3,992
