count,mean,std,min,max
17586,502.8849084499033,287.363744973515,0,999
17586,667.4431934493347,235.27259040738397,13,999
17586,335.59120891618335,235.83794311118046,0,990
17586,502.3310019333561,229.61644821719983,0,994
