count,mean,std,min,max
18779,498.6530166675542,288.1971649263463,0,999
18779,667.1472921880825,235.63655790413316,2,999
18779,334.3063528409393,235.76841515077626,0,990
18779,499.9209223068321,230.6719287052476,2,998
