count,mean,std,min,max
10647,497.6366112519959,288.8639373885039,0,999
10647,663.6543627312858,237.27701201280516,9,999
10647,331.0242321780783,235.70955943050464,0,992
10647,496.91030337184185,228.77276202127794,1,996
