count,mean,std,min,max
12314,497.6542147149586,288.72591598950316,0,999
12314,664.9601266850739,236.0243297585578,6,999
12314,331.1374045801527,234.25646503007206,0,995
12314,498.44282929998377,230.50258336200267,1,999
