count,mean,std,min,max
18815,667.9756045708211,235.18631244780954,3.0,999.0
18815,500.83305872973693,288.5096811432812,0.0,999.0
18815,500.4946585171406,229.43286797320235,2.0,995.0
18815,,,,
18815,334.82242891310125,236.00930159600088,0.0,994.0
