count,mean,std,min,max
18998,498.24702600273713,287.6725106351148,0,999
18998,668.0122644488894,234.81728771852627,0,999
18998,332.41188546162755,234.41899967888068,0,992
18998,499.50573744604696,229.37180976194855,0,999
