count,mean,std,min,max
16173,496.82198726272185,288.4960999042937,0,999
16173,667.4367155135102,235.2572581697299,4,999
16173,334.21851233537376,236.30713111074257,0,991
16173,500.3096518889507,231.55759316041363,4,992
