count,mean,std,min,max
19116,494.88381460556604,287.162679771468,0,999
19116,664.1367964009207,233.98095606047778,0,999
19116,331.7735404896422,236.38152930182778,0,995
19116,499.601381042059,229.19519767179173,0,997
