count,mean,std,min,max
14848,498.05637122844826,288.5462602187121,0,999
14848,668.3616648706897,235.00313706380007,8,999
14848,331.1310614224138,234.17812684703506,0,990
14848,499.7949892241379,229.2598390823619,5,994
