count,mean,std,min,max
15268,668.3917998428085,234.1978803576924,1.0,999.0
15268,503.75268535499083,287.950897557094,0.0,999.0
15268,500.65391668849884,228.63235811572716,0.0,996.0
15268,,,,
15268,334.8388787005502,234.8225333484413,0.0,991.0
