count,mean,std,min,max
15378,497.5744570165171,289.4060294062928,0,999
15378,668.8192872935363,235.73282642614745,1,999
15378,331.24378982962673,236.00817917625486,0,998
15378,498.5728313174665,229.7751208473831,1,998
