count,mean,std,min,max
17435,665.1103527387439,237.34564871160788,6.0,999.0
17435,498.3072555205047,288.70401229091055,0.0,999.0
17435,499.9803269285919,230.07185562398922,3.0,998.0
17435,,,,
17435,332.64238600516205,235.47171021021498,0.0,997.0
