count,mean,std,min,max
19158,497.40453074433657,288.6639352428318,0,999
19158,664.440494832446,236.58374530441074,3,999
19158,333.9451404113164,234.34268272073226,0,994
19158,499.162908445558,229.72906263163367,0,997
