count,mean,std,min,max
10802,666.0125902610628,236.94488017639017,0.0,999.0
10802,500.5038881688576,291.73469987517404,0.0,999.0
10802,497.3196630253657,229.30659237068264,0.0,997.0
10802,,,,
10802,331.6547861507128,236.48674689122493,0.0,996.0
