count,mean,std,min,max
13841,665.8776822483925,234.01414566144655,3.0,999.0
13841,498.91698576692437,288.16122349085526,0.0,999.0
13841,498.81598150422656,229.06809894148455,2.0,995.0
13841,,,,
13841,332.5951882089444,233.86783031208,0.0,992.0
