count,mean,std,min,max
19881,664.0063880086515,238.14308447133345,7.0,999.0
19881,496.86841708163576,289.7917181848475,0.0,999.0
19881,495.9589557869322,231.8618509651691,1.0,996.0
19881,,,,
19881,329.1824354911725,235.52340993004063,0.0,986.0
