count,mean,std,min,max
17058,500.1682495017001,289.0286529736804,0,999
17058,666.1878883808184,236.35853193915764,11,999
17058,331.95620823074216,234.67924823207903,0,998
17058,499.1562316801501,229.38940653935552,3,998
