count,mean,std,min,max
15677,668.9795879313644,235.1808850714581,6.0,999.0
15677,503.9099317471455,289.7849504036665,0.0,999.0
15677,503.95407284556995,231.61034918309332,5.0,998.0
15677,,,,
15677,336.81086942654844,238.40497320104777,0.0,990.0
