count,mean,std,min,max
16632,668.6011904761905,234.98276862592417,11.0,999.0
16632,502.8129509379509,288.67641521433956,0.0,999.0
16632,503.4472703222703,230.74228513639494,4.0,995.0
16632,,,,
16632,335.51130351130354,236.8310544289924,0.0,994.0
