count,mean,std,min,max
16814,667.5266444629475,234.3674323666736,14.0,999.0
16814,503.0188533365053,289.4363552434315,0.0,999.0
16814,500.95105269418343,229.38978665865156,5.0,999.0
16814,,,,
16814,334.92494349946475,236.01125631553478,0.0,999.0
