count,mean,std,min,max
10333,666.4296912803638,234.1518074426089,5.0,999.0
10333,500.425336301171,287.25266787955826,0.0,999.0
10333,499.13529468692536,228.76204462323662,4.0,992.0
10333,,,,
10333,334.5586954417885,234.8675180413328,0.0,985.0
