count,mean,std,min,max
11912,498.10115849563465,290.0319109508939,0,999
11912,664.8751678979181,237.88738118416754,3,999
11912,329.5851242444594,233.66532400856548,0,986
11912,497.1655473472129,230.67237568266341,2,996
