count,mean,std,min,max
10872,667.8096946284032,235.44131215026653,5.0,999.0
10872,505.04359823399557,287.9764682467325,0.0,999.0
10872,500.82956217807214,231.50150466785803,2.0,998.0
10872,,,,
10872,335.5458057395143,238.16199948595602,0.0,990.0
