count,mean,std,min,max
14721,499.59826098770463,289.9490125852287,0,999
14721,664.7647578289518,236.6762786883686,6,999
14721,332.55315535629376,235.91677826595372,0,995
14721,498.86101487670675,230.8048582330912,3,998
