count,mean,std,min,max
16592,499.0975771456123,287.7373561956793,0,999
16592,665.2914657666345,235.86875959748545,4,999
16592,330.46630906460945,232.67115062698048,0,992
16592,496.6601976856316,230.0029741174235,2,998
