count,mean,std,min,max
14824,669.1203453858608,235.05069267174937,5.0,999.0
14824,503.3627900701565,288.1655990248974,0.0,999.0
14824,502.88862655153804,231.9971736903554,5.0,997.0
14824,,,,
14824,334.8907177549919,236.89297425123408,0.0,986.0
