count,mean,std,min,max
10747,665.7931515771843,238.1664757336886,5.0,999.0
10747,500.35796036103096,288.4708147053466,0.0,999.0
10747,497.32753326509726,230.89800882335027,4.0,997.0
10747,,,,
10747,332.6225923513539,235.3479142149911,0.0,997.0
