count,mean,std,min,max
14310,498.0202655485674,288.8883240504196,0,999
14310,665.7696016771489,235.287050308385,5,999
14310,332.5910552061495,237.0537923006732,0,997
14310,499.92424877707896,230.59213156618873,5,999
