count,mean,std,min,max
11210,501.578501338091,287.8524433127789,0,999
11210,665.5636931311329,236.03322818813666,11,999
11210,333.7048171275647,235.1047502193158,0,989
11210,500.61578947368423,230.31585564816416,4,995
