count,mean,std,min,max
12119,501.94479742553017,286.16512591988646,0,999
12119,666.8277910718706,234.88882580601134,8,999
12119,334.569848997442,233.45806224693206,0,994
12119,500.3940919217757,228.83406007862942,1,995
