count,mean,std,min,max
13724,664.467137860682,234.97660732172093,8.0,999.0
13724,494.8375109297581,288.13279556635706,0.0,999.0
13724,499.2634800349752,229.53760414006686,2.0,996.0
13724,,,,
13724,332.893252696007,235.60803158373247,0.0,995.0
