count,mean,std,min,max
10048,497.93670382165607,288.57826792015857,0,999
10048,668.5655851910828,233.53011369441398,3,999
10048,332.4543192675159,236.34261337734594,0,991
10048,500.44705414012736,228.864515469322,0,997
