count,mean,std,min,max
10222,668.3899432596361,234.2323212613237,5.0,999.0
10222,497.1382312658971,288.3560751427602,0.0,999.0
10222,499.483760516533,231.17340592446158,2.0,997.0
10222,,,,
10222,329.4550968499315,236.40819909657034,0.0,988.0
