count,mean,std,min,max
13960,502.114899713467,290.10997463937895,0,999
13960,668.7664040114613,234.46442273985093,3,999
13960,332.5199140401146,235.5714834397569,0,994
13960,501.2413323782235,230.49714784305016,1,996
