count,mean,std,min,max
18206,664.3264308469735,237.33588354086024,5.0,999.0
18206,497.5121937822696,289.72233463930235,0.0,999.0
18206,497.0759090409755,231.1133742682422,5.0,998.0
18206,,,,
18206,331.7585411402834,236.7984842420844,0.0,993.0
