count,mean,std,min,max
11624,666.1728320715761,235.86960763144648,8.0,999.0
11624,498.7241913282863,291.5223609094372,0.0,999.0
11624,498.5211631108052,230.608721460512,5.0,998.0
11624,,,,
11624,330.4875258086717,236.23899724850537,0.0,998.0
