count,mean,std,min,max
13834,662.8149486771722,236.4439659315047,4.0,999.0
13834,497.0383114066792,287.84945950070534,0.0,999.0
13834,496.6481133439352,228.74368476215543,4.0,996.0
13834,,,,
13834,334.86338007806853,234.90068897192978,0.0,993.0
