count,mean,std,min,max
19712,664.5569703733767,237.48019791707478,2.0,999.0
19712,497.1447341720779,290.06130114663824,0.0,999.0
19712,495.6685267857143,230.138379222351,2.0,998.0
19712,,,,
19712,330.22118506493507,235.26116685927548,0.0,988.0
