count,mean,std,min,max
12139,668.4301837054123,232.6264885502278,7.0,999.0
12139,501.68811269462066,286.5780142411285,0.0,999.0
12139,500.77782354394924,230.04259597360524,2.0,998.0
12139,,,,
12139,332.4431172254716,235.14869551521699,0.0,997.0
