count,mean,std,min,max
13909,665.5469120713208,234.78879080973107,6.0,999.0
13909,496.72226615860234,287.4818237260113,0.0,999.0
13909,498.6640304838594,228.02734457624433,1.0,995.0
13909,,,,
13909,333.2935509382414,234.85657731705643,0.0,990.0
