count,mean,std,min,max
18917,666.4101073108844,236.22076643739916,8.0,999.0
18917,498.52962943384256,289.814348615256,0.0,999.0
18917,499.7121636623143,230.54926986395643,2.0,997.0
18917,,,,
18917,333.2497753343553,236.32574495707658,0.0,984.0
