count,mean,std,min,max
15759,666.3032552826957,235.45501066531872,1.0,999.0
15759,501.23700742432897,289.5332920583268,0.0,999.0
15759,499.64407640078684,230.45448931991905,0.0,996.0
15759,,,,
15759,331.46240243670286,236.77478296268558,0.0,995.0
