count,mean,std,min,max
14013,662.1669877970456,237.86801486457753,6.0,999.0
14013,501.26482551916075,289.8845678492897,0.0,999.0
14013,498.3882109469778,231.0715321368322,5.0,998.0
14013,,,,
14013,331.9117961892528,237.2907397263305,0.0,996.0
