count,mean,std,min,max
16802,496.8280561837876,288.5306629647594,0,999
16802,665.0878466849184,236.65697295063492,11,999
16802,329.117545530294,232.2409654019022,0,994
16802,496.37947863349603,228.6801306048654,7,997
