count,mean,std,min,max
16505,497.10554377461375,288.0517595405851,0,999
16505,667.2908209633445,236.2352601997,7,999
16505,332.2416843380794,236.0064304183488,0,987
16505,502.23489851560134,229.2982691015038,5,998
