count,mean,std,min,max
16151,497.572162714383,286.8722266187917,0,999
16151,665.8673766330259,235.54882516230106,6,999
16151,333.3300724413349,234.54533467450136,0,995
16151,500.9963469754195,228.38405500621505,4,996
