count,mean,std,min,max
11097,502.1681535550149,290.539928568205,0,999
11097,666.6674776966747,236.35488272286932,5,999
11097,335.33630711002974,238.28405375925425,0,995
11097,502.3981256195368,232.04298818768555,5,996
