count,mean,std,min,max
12171,496.98143127105413,288.7302041652845,0,999
12171,666.0817517048722,234.69318870196048,6,999
12171,333.1680223482048,236.24604380253595,0,994
12171,500.2412291512612,229.54891812765146,1,994
