count,mean,std,min,max
18721,669.1207734629561,233.81885702891412,2.0,999.0
18721,501.5339458362267,288.4130320670366,0.0,999.0
18721,500.9644783932482,229.81747976436012,2.0,999.0
18721,,,,
18721,330.94930826344745,235.51695967720732,0.0,997.0
