count,mean,std,min,max
13302,503.188016839573,290.6833638884275,0,999
13302,669.2075627725154,235.12045517758114,1,999
13302,336.38941512554504,238.65880903081944,0,992
13302,502.54766200571345,231.43751003179494,1,994
