count,mean,std,min,max
11062,665.4144820104864,236.15170725630406,10.0,999.0
11062,502.52259989152054,288.0864472505013,0.0,999.0
11062,497.18992948833846,228.85504017804402,2.0,997.0
11062,,,,
11062,332.1859519074308,233.71378075963506,0.0,992.0
