count,mean,std,min,max
14442,501.41767068273094,286.967906989653,0,999
14442,663.7451184046531,234.2829158230521,3,999
14442,336.9844204403822,236.1893185344736,0,992
14442,498.7086276139039,228.81523069681484,1,997
