count,mean,std,min,max
11795,498.68155998304366,287.58734661807097,0,999
11795,666.7465027554048,235.58957430105454,8,999
11795,330.2568037303942,235.45263167363424,0,995
11795,498.27494701144553,229.9342186358554,1,997
