count,mean,std,min,max
16128,662.0871775793651,237.18273753496564,6.0,999.0
16128,497.31907242063494,288.3657387485818,0.0,999.0
16128,498.1984126984127,229.60425310774195,2.0,997.0
16128,,,,
16128,335.1818576388889,237.40195048138426,0.0,993.0
