count,mean,std,min,max
17496,663.6732395976223,236.84053153337126,10.0,999.0
17496,499.2548010973937,289.64971681463436,0.0,999.0
17496,499.33990626428897,231.96839689470448,1.0,998.0
17496,,,,
17496,331.457475994513,236.9979335008836,0.0,998.0
