count,mean,std,min,max
13846,667.5421060234003,235.24895228744984,10.0,999.0
13846,500.7927199191102,290.02974643596116,0.0,999.0
13846,501.6050845009389,229.83357531908715,0.0,997.0
13846,,,,
13846,335.790842120468,235.9797853690816,0.0,989.0
