count,mean,std,min,max
18176,497.52827904929575,288.6470602007965,0,999
18176,666.9762874119718,235.33144232294538,8,999
18176,333.9513094190141,238.3168392464885,0,994
18176,499.5182658450704,230.4839341536179,5,998
