count,mean,std,min,max
13880,495.35,286.6662474185533,0,999
13880,664.0719020172911,236.29533670291866,5,999
13880,334.43465417867435,234.1950737514475,0,993
13880,498.6827809798271,228.79011674845268,4,998
