count,mean,std,min,max
15136,497.7081131078224,289.628398264368,0,999
15136,664.6298229386892,237.22559240374255,8,999
15136,331.84863900634247,235.1403604518868,0,998
15136,498.59659090909093,230.54217030370884,1,999
