count,mean,std,min,max
19807,500.87181299540566,289.3689940184385,0,999
19807,666.8493966779422,234.99092324467804,8,999
19807,333.92366335134045,236.96827226643776,0,996
19807,498.0086333114555,229.75196658096056,3,999
