count,mean,std,min,max
11369,497.78168704371535,290.16367929156377,0,999
11369,664.608584747999,238.66881883613263,4,999
11369,333.44463013457647,236.69553510072282,0,997
11369,498.3990676400739,230.99810404028673,4,998
