count,mean,std,min,max
12250,666.8115102040816,235.44718739768152,6.0,999.0
12250,496.3641632653061,289.2218398251791,0.0,999.0
12250,500.40244897959184,229.954749961114,5.0,996.0
12250,,,,
12250,333.09420408163265,237.0778973365979,0.0,992.0
