count,mean,std,min,max
11433,504.08606664917346,288.3328232175073,0,999
11433,670.1573515262836,234.63142856663788,19,999
11433,332.98583049068486,235.4302579899913,0,993
11433,502.0171433569492,229.21993379193088,10,996
