count,mean,std,min,max
12602,496.47159181082367,285.7764580573994,0,999
12602,664.4338200285669,233.96157351155344,7,999
12602,328.9006506903666,231.467168395025,0,994
12602,497.8263767655928,227.77143310133044,3,998
