count,mean,std,min,max
12314,666.8136267662823,236.21636819668436,15.0,999.0
12314,502.55920090953384,289.8046221577596,0.0,999.0
12314,502.44323534188726,230.89328978180342,0.0,996.0
12314,,,,
12314,335.14398245898974,236.21298062957558,0.0,996.0
