count,mean,std,min,max
13302,503.188016839573,290.68336388842727,0,999
13302,669.2075627725154,235.1204551775815,1,999
13302,336.38941512554504,238.65880903081955,0,992
13302,502.54766200571345,231.43751003179463,1,994
