count,mean,std,min,max
18980,497.2015279241307,288.9711554589309,0,999
18980,666.1582191780822,234.4105152966437,7,999
18980,332.19035827186514,236.26162303688994,0,996
18980,500.1978925184405,229.57064375477498,2,996
