count,mean,std,min,max
18292,502.7326153509731,287.1027508921238,0,999
18292,669.3984255412201,232.55825409798587,8,999
18292,336.34577957577085,234.4762646606296,0,989
18292,503.3585720533567,227.92291703770888,2,996
