count,mean,std,min,max
16595,499.1644471226273,290.0200903033218,0,999
16595,665.3561313648689,235.8724918789638,11,999
16595,333.67689062970777,235.88502686983634,0,995
16595,500.27375715576983,229.98993528833043,2,998
