count,mean,std,min,max
19197,499.6950044277752,287.61287203783576,0,999
19197,665.0749075376361,236.08821652647254,7,999
19197,330.7325623795385,233.68151282481423,0,996
19197,498.28217950721466,229.4355286940777,2,998
