count,mean,std,min,max
12459,504.31671883778796,289.3653281981551,0,999
12459,669.0286539850711,234.787700165881,8,999
12459,334.6002889477486,234.03403041256968,0,986
12459,502.17834497150653,229.83798793878486,6,998
