count,mean,std,min,max
14948,501.91202836499866,290.2339283146133,0,999
14948,668.5798100080278,237.0955031910466,9,999
14948,332.6090446882526,237.22119124235132,0,996
14948,500.17072518062616,230.9674013296564,3,997
