count,mean,std,min,max
19486,666.110232987786,235.83632272668794,4.0,999.0
19486,499.67458688289025,289.3245229441771,0.0,999.0
19486,499.59735194498614,230.01341737965103,4.0,999.0
19486,,,,
19486,332.15380273016524,235.50194223437276,0.0,996.0
