count,mean,std,min,max
13752,503.05962769051774,288.23234960931114,0,999
13752,669.6759016870274,235.10882746399764,11,999
13752,334.40248691099475,235.4975730626584,0,996
13752,500.0617364746946,230.44434011343355,4,998
