count,mean,std,min,max
17882,667.1186668157924,235.36117603090926,4.0,999.0
17882,500.00167766469076,289.35425135599866,0.0,999.0
17882,500.04429034783584,229.97781105014903,4.0,992.0
17882,,,,
17882,332.99038138910635,235.75382006127882,0.0,985.0
