count,mean,std,min,max
10059,499.6847599164927,290.3526649629262,0,999
10059,668.1068694701263,235.43625987354866,5,999
10059,330.8032607615071,235.04243759367975,0,984
10059,499.84233025151605,229.3489722613323,0,995
