count,mean,std,min,max
12806,500.0852725285023,286.91171677020003,0,999
12806,666.4323754490083,234.46556091075183,6,999
12806,333.2685459940653,235.6767595330861,0,994
12806,500.14618147743244,230.37020006578587,4,996
