count,mean,std,min,max
15013,666.6978618530607,236.55156559520466,9.0,999.0
15013,500.4934390195164,288.56398626228776,0.0,999.0
15013,499.75008326117364,229.8344632913287,8.0,997.0
15013,,,,
15013,332.58562579098117,235.1316565142884,0.0,995.0
