count,mean,std,min,max
14161,665.2878327801709,236.8158148029607,7.0,999.0
14161,495.855801143987,288.4433623313555,0.0,999.0
14161,499.3615563872608,230.25787570514072,5.0,997.0
14161,,,,
14161,332.44184732716616,236.2056056936554,0.0,991.0
