count,mean,std,min,max
12019,502.85481321241366,290.1664512825583,0,999
12019,667.2335468841002,236.2095651777654,6,999
12019,330.8465762542641,236.03268724136768,0,997
12019,499.8603877194442,230.12162082326697,5,997
