count,mean,std,min,max
15312,665.7331504702195,235.0523515550897,7.0,999.0
15312,497.10220741901776,287.7386266703274,0.0,999.0
15312,499.51952716823405,229.685551200699,0.0,995.0
15312,,,,
15312,331.9752481713689,235.58352473696837,0.0,991.0
