count,mean,std,min,max
15407,663.4952943467255,238.64011713231108,12.0,999.0
15407,499.25728564938015,289.9794365389619,0.0,999.0
15407,496.98286493152466,231.9812760583671,3.0,993.0
15407,,,,
15407,331.8418900499773,235.98816698741223,0.0,983.0
