count,mean,std,min,max
11427,663.7848954231207,236.62346060853312,15.0,999.0
11427,496.8605933315831,288.7711069778344,0.0,999.0
11427,497.90881246171347,230.95579548120443,1.0,999.0
11427,,,,
11427,331.78086986960705,236.44525015055837,0.0,982.0
