count,mean,std,min,max
19179,501.64096146827256,289.5479146398475,0,999
19179,667.4622764481985,235.2776190098318,5,999
19179,333.87481099118827,234.83507285177143,0,996
19179,498.89243443349494,229.40189353295264,2,996
