count,mean,std,min,max
19974,500.4825272854711,288.68537883800104,0,999
19974,666.3276759787724,235.18143705294267,7,999
19974,332.8542605387003,235.74149105734318,0,998
19974,500.7674977470712,229.54925348097154,1,998
