count,mean,std,min,max
12851,665.7148081861334,236.56677470169637,8.0,999.0
12851,499.9112909501206,290.06306155512164,0.0,999.0
12851,500.19313672087776,231.75317821680923,3.0,992.0
12851,,,,
12851,332.8227375301533,237.3421569601851,0.0,986.0
