count,mean,std,min,max
17330,662.4636468551645,236.39939190077553,2.0,999.0
17330,498.19567224466243,287.75436586617286,0.0,999.0
17330,500.23092902481244,229.3314328670924,2.0,998.0
17330,,,,
17330,334.04587420657816,235.33809647159651,0.0,998.0
