count,mean,std,min,max
12397,495.5547309833024,289.515504490997,0,999
12397,664.0832459466,237.34072325793755,6,999
12397,331.9872549810438,236.37637243832725,0,988
12397,496.88150358957813,231.6217309421919,0,994
