count,mean,std,min,max
10932,496.746066593487,287.3890510472982,0,999
10932,663.114434687157,236.027179303326,11,999
10932,329.2712221002561,233.57547984961835,0,987
10932,495.81439809732893,228.02853294960514,9,996
