count,mean,std,min,max
16931,501.75559624357686,288.7338061068878,0,999
16931,666.7762093201819,234.90643561686073,5,999
16931,333.9694642962613,236.05154277281275,0,992
16931,498.7063965507058,229.00883063024085,2,998
