count,mean,std,min,max
17492,499.1256574434027,289.57707681135645,0,999
17492,667.8248342099246,234.84183485652102,13,999
17492,330.0556254287674,237.24962252891274,0,992
17492,497.6784815915847,230.16250939679935,3,997
