count,mean,std,min,max
12819,495.51977533348935,289.36213170067964,0,999
12819,667.8250253529917,234.40972775441108,11,999
12819,328.2086746236056,233.22724997792514,0,987
12819,498.544816288322,229.46217025950696,2,997
