count,mean,std,min,max
16918,498.34945028963233,288.51225703538023,0,999
16918,663.7509161839461,236.70658917961083,0,999
16918,331.27018560113487,235.3265923578009,0,993
16918,497.5741813453127,229.49823914090857,0,996
