count,mean,std,min,max
10720,668.0484141791045,237.7255522278094,7.0,999.0
10720,502.21828358208955,290.3907066316572,0.0,999.0
10720,499.2694962686567,229.3982642008593,6.0,997.0
10720,,,,
10720,330.7142723880597,233.81879126703595,0.0,992.0
