count,mean,std,min,max
13601,501.9913976913462,287.65115156996023,0,999
13601,669.8478788324388,234.7386707567062,3,999
13601,334.090434526873,236.34066992832925,0,992
13601,501.63568855231233,228.3132013904907,3,996
