count,mean,std,min,max
19056,664.0053001679261,234.4397441174755,14.0,999.0
19056,497.76695004198154,287.357335305774,0.0,999.0
19056,499.3828190596138,228.44189436087333,4.0,997.0
19056,,,,
19056,332.4165092359362,235.9010765777199,0.0,997.0
