count,mean,std,min,max
18437,499.085263329175,288.7527065041201,0,999
18437,664.0705103867224,237.4216279475273,1,999
18437,334.2696208710745,236.06274203522437,0,990
18437,498.51271898898955,230.8739668744696,1,995
