count,mean,std,min,max
18385,498.2258906717433,287.46410386987435,0,999
18385,665.559097090019,233.66452771492638,1,999
18385,331.66178950231165,234.05725746476708,0,994
18385,500.49741637204244,227.52101110513684,0,997
