count,mean,std,min,max
19453,501.1899964015833,289.5427594507319,0,999
19453,667.0434894360767,235.81790118963735,8,999
19453,333.1211638307716,235.584322769437,0,993
19453,501.76193903253994,229.83303743059724,1,998
