count,mean,std,min,max
14023,498.01889752549386,289.5023639651618,0,999
14023,663.5480282393211,237.1715376745512,1,999
14023,331.473721742851,236.1352069827477,0,991
14023,496.3702488768452,230.93917007697124,1,996
