count,mean,std,min,max
11738,500.19935253024363,290.15006818878516,0,999
11738,663.9399386607599,238.09533450974362,6,999
11738,330.01967967285736,237.37036747819815,0,999
11738,498.1575225762481,232.1709258733479,3,999
