count,mean,std,min,max
10258,671.251218561123,235.5999689825803,3.0,999.0
10258,502.1994540846169,290.95428509326194,0.0,999.0
10258,504.130239812829,230.27489877219463,3.0,996.0
10258,,,,
10258,333.0651199064145,236.33714070625084,0.0,982.0
