count,mean,std,min,max
17659,499.95792513732374,289.47975974570977,0,999
17659,665.9552069766125,235.3985510419251,4,999
17659,331.3969647205391,234.5796573817516,0,990
17659,497.7962512033524,228.03063597468437,2,995
