count,mean,std,min,max
19809,666.3299005502549,236.6742879002811,3.0,999.0
19809,493.6724216265334,288.6729160675065,0.0,999.0
19809,498.8921197435509,229.41642668428938,1.0,998.0
19809,,,,
19809,329.1658841940532,234.74718304749646,0.0,994.0
