count,mean,std,min,max
19116,494.88381460556604,287.1626797714679,0,999
19116,664.1367964009207,233.98095606047784,0,999
19116,331.7735404896422,236.38152930182767,0,995
19116,499.601381042059,229.19519767179142,0,997
