count,mean,std,min,max
19334,500.4683976414606,289.7903677818507,0,999
19334,666.8429192096825,235.0635778532001,8,999
19334,332.9064342608876,236.6557375670281,0,992
19334,501.15620151029276,230.1654851055578,5,997
