count,mean,std,min,max
11749,502.0931143076007,287.85485955241245,0,999
11749,667.0847731721849,234.18787102407825,19,999
11749,332.3134734871053,234.32036017993426,0,986
11749,500.53800323431784,228.09136609516793,4,995
