count,mean,std,min,max
19337,500.445570667632,287.8744877104462,0,999
19337,668.032890313906,235.04034054163506,7,999
19337,334.972125976108,236.7462225506666,0,995
19337,499.6758545793039,230.09409965654817,4,996
