count,mean,std,min,max
10843,500.91257032186667,288.34319981188946,0,999
10843,668.2159918841649,233.4509373984208,9,999
10843,332.41335423775706,235.07875129162008,0,991
10843,499.83316425343537,228.5379287407203,6,997
