count,mean,std,min,max
16619,500.26511823816116,288.88222315469426,0,999
16619,666.3508634695229,235.86609107846513,13,999
16619,330.5987123172273,235.68060944800354,0,989
16619,498.98435525603225,230.94852422303356,4,992
