count,mean,std,min,max
17642,496.3934928012697,288.91826169247423,0,999
17642,664.7782564335109,236.9191708761964,5,999
17642,330.8878811926086,234.22840197234055,0,991
17642,496.7481011223217,230.14494593078908,2,999
