count,mean,std,min,max
14042,667.7805868109956,233.98229248429988,2.0,999.0
14042,498.6436405070503,286.878874855217,0.0,999.0
14042,501.1932773109244,228.90666667900837,1.0,994.0
14042,,,,
14042,332.44587665574704,235.06387450121835,0.0,989.0
