count,mean,std,min,max
19468,666.3790322580645,236.7375778113437,4.0,999.0
19468,502.17623792890896,289.44344650358715,0.0,999.0
19468,500.52850832134783,231.19734273941438,4.0,996.0
19468,,,,
19468,332.9457571399219,236.08422321710424,0.0,993.0
