count,mean,std,min,max
17822,669.67876781506,233.58264231522466,7.0,999.0
17822,499.9000673325104,289.08127228974945,0.0,999.0
17822,502.31062731455506,228.98620732972705,1.0,995.0
17822,,,,
17822,334.7458197733139,236.39096521006917,0.0,989.0
