count,mean,std,min,max
15350,493.6932899022801,287.35026784224345,0,999
15350,660.0241042345277,238.0982801312549,3,999
15350,331.17491856677526,233.0998557029888,0,992
15350,495.19087947882736,229.29173108235,3,994
