count,mean,std,min,max
13193,503.0155385431668,287.59985686608127,0,999
13193,669.6241188509058,235.62260288842825,4,999
13193,338.3528386265444,236.39182279723585,0,988
13193,503.13158493140304,229.72231529473206,2,999
