count,mean,std,min,max
13840,500.8559248554913,287.5296976419956,0,999
13840,666.2949421965318,236.36852046235975,3,999
13840,333.3762283236994,236.0444584001814,0,994
13840,498.67312138728323,230.50306018775214,3,998
