count,mean,std,min,max
13406,666.1857377293749,237.05018952655044,14.0,999.0
13406,503.3999701626137,289.0508336532819,0.0,999.0
13406,500.3120990601223,230.75997469554224,4.0,995.0
13406,,,,
13406,333.75100701178576,235.99023694417005,0.0,990.0
