count,mean,std,min,max
16381,666.6956840241744,234.41498428782225,7.0,999.0
16381,501.09120322324645,288.4992979490907,0.0,999.0
16381,500.2327696721812,229.51187166195908,3.0,994.0
16381,,,,
16381,334.4556498382272,235.82244089183132,0.0,990.0
