count,mean,std,min,max
15224,497.88465580662114,288.736161473348,0,999
15224,667.1751839201261,234.89600704348805,9,999
15224,332.2625459800315,236.4930564507963,0,993
15224,499.7946663163426,229.45317442610016,2,998
