count,mean,std,min,max
18353,500.8029205034599,288.2799900583068,0,999
18353,666.6359178335966,234.71528078538688,5,999
18353,332.8753337329047,235.57983692679426,0,989
18353,501.7899525963058,229.40346183869522,0,998
