count,mean,std,min,max
19066,499.77436273995596,290.1623342015196,0,999
19066,666.9272527011434,235.58372588394815,6,999
19066,331.537553760621,236.05132168228167,0,989
19066,500.72752543795235,230.0443546662312,3,999
