count,mean,std,min,max
11169,492.547228937237,287.6970218981973,0,999
11169,664.847524397887,234.40501122737817,12,999
11169,329.48759960605247,234.5278155168871,0,993
11169,497.5371116483123,229.13431181265403,4,998
