count,mean,std,min,max
10099,668.2147737399742,235.12688979230467,9.0,999.0
10099,500.15338152292304,289.34086679325867,0.0,999.0
10099,500.38786018417665,229.13228548915063,4.0,996.0
10099,,,,
10099,330.8245370828795,234.73049933119398,0.0,988.0
