count,mean,std,min,max
12962,500.6321555315538,288.58197620035037,0,999
12962,667.6221262150902,236.6979712024269,5,999
12962,331.95764542508874,234.06196135865483,0,990
12962,498.2500385742941,229.70739961845106,4,994
