count,mean,std,min,max
18743,665.6361308221736,235.02712948933922,3.0,999.0
18743,499.85173131302355,289.1205571414861,0.0,999.0
18743,498.16294083124365,229.02562841003328,3.0,997.0
18743,,,,
18743,332.9192765299045,235.7206480738657,0.0,993.0
