count,mean,std,min,max
18619,498.1183737042806,288.61645762947325,0,999
18619,663.6349965089424,236.76544965878307,9,999
18619,329.7299532735378,234.09440045289406,0,995
18619,496.71706321499545,229.3030559661188,3,998
