count,mean,std,min,max
15242,500.142369767747,288.4870455979433,0,999
15242,664.8446398110484,236.32257911726217,6,999
15242,331.2917596115995,235.40065305592654,0,997
15242,496.95217163101955,229.24695448263992,3,997
