count,mean,std,min,max
17045,665.7618656497507,233.94032811550585,2.0,999.0
17045,500.6546201232033,287.42546269557556,0.0,999.0
17045,500.0018187151657,228.0553002164068,1.0,997.0
17045,,,,
17045,331.7903197418598,235.08545942730015,0.0,996.0
