count,mean,std,min,max
17972,499.0143556643668,288.5797139617324,0,999
17972,668.2300801246383,234.8125108062438,12,999
17972,332.9577119964389,234.8855320556303,0,992
17972,499.47535054529266,229.4971948498581,0,997
