count,mean,std,min,max
12707,497.9330290391123,288.6069610452492,0,999
12707,663.4913827024475,236.87555516060846,9,999
12707,329.3461871409459,234.75865280898455,0,995
12707,493.85866058078227,229.3753918200721,2,998
