count,mean,std,min,max
14260,665.0470546984573,235.06608415373296,6.0,999.0
14260,499.6814165497896,288.76547494702675,0.0,999.0
14260,499.85820476858345,229.21341563579975,1.0,999.0
14260,,,,
14260,333.795301542777,235.6051465525912,0.0,981.0
