count,mean,std,min,max
17330,498.19567224466243,287.75436586617224,0,999
17330,662.4636468551645,236.3993919007757,2,999
17330,334.04587420657816,235.33809647159677,0,998
17330,500.23092902481244,229.33143286709267,2,998
