count,mean,std,min,max
14161,495.855801143987,288.4433623313555,0,999
14161,665.2878327801709,236.81581480296066,7,999
14161,332.44184732716616,236.20560569365537,0,991
14161,499.3615563872608,230.25787570514072,5,997
