count,mean,std,min,max
14858,668.9529546372324,235.1955944154758,10.0,999.0
14858,499.2940503432494,287.57893400872126,0.0,999.0
14858,501.5895140664962,228.93621109200166,5.0,993.0
14858,,,,
14858,334.453560371517,234.39581773383813,0.0,989.0
