count,mean,std,min,max
10080,503.4000992063492,290.3251020621184,0,999
10080,666.8864087301587,235.8716304013204,4,999
10080,334.84494047619046,236.50675769910188,0,996
10080,502.472123015873,229.3504578581672,1,998
