count,mean,std,min,max
17053,665.3450419281065,236.60850060313712,6.0,999.0
17053,497.80859672784845,288.2663948209136,0.0,999.0
17053,499.3212924412127,229.85702353633653,2.0,994.0
17053,,,,
17053,331.5295255966692,234.984837426388,0.0,991.0
