count,mean,std,min,max
12619,497.02432839369203,288.9090231254501,0,999
12619,666.0469926301608,236.55124855918578,9,999
12619,328.18020445360173,234.64988271972314,0,986
12619,498.55788889769394,229.37270864763707,2,996
