count,mean,std,min,max
17709,664.1797955841663,236.97967499678094,4.0,999.0
17709,496.3671014738269,289.68688751539696,0.0,999.0
17709,497.91953244113165,231.53606700424197,2.0,996.0
17709,,,,
17709,332.4760856061889,236.01840558554812,0.0,992.0
