count,mean,std,min,max
17572,663.710163897109,235.1518627328687,15.0,999.0
17572,498.9800819485545,288.60962102377414,0.0,999.0
17572,497.2464147507398,229.27070041270545,3.0,998.0
17572,,,,
17572,331.15632824948784,235.48039450286544,0.0,997.0
