count,mean,std,min,max
10647,663.6543627312858,237.27701201280496,9.0,999.0
10647,497.6366112519959,288.8639373885039,0.0,999.0
10647,496.91030337184185,228.77276202127777,1.0,996.0
10647,,,,
10647,331.0242321780783,235.70955943050402,0.0,992.0
