count,mean,std,min,max
13711,664.7044708628109,236.45385597211174,7.0,999.0
13711,498.7130770913865,287.11695495715867,0.0,999.0
13711,497.7231420027715,229.66590853653682,1.0,997.0
13711,,,,
13711,330.61935672088106,234.07475231948894,0.0,990.0
