count,mean,std,min,max
16499,661.7950784896054,238.47952801165724,7.0,999.0
16499,493.7168919328444,287.07432148596223,0.0,999.0
16499,497.0060003636584,229.46178262705155,3.0,998.0
16499,,,,
16499,331.0416388872053,233.50974413453315,0.0,991.0
