count,mean,std,min,max
18579,496.60923623445825,289.2125676803966,0,999
18579,663.9886430916627,236.66857877763837,13,999
18579,332.73254749986546,235.71913614245818,0,997
18579,498.03735400183,229.9631388263745,1,999
