count,mean,std,min,max
13214,664.6637657030423,236.1705121162152,4.0,999.0
13214,498.4601937339186,289.0577560432515,0.0,999.0
13214,501.1746632359619,228.33417934100024,1.0,999.0
13214,,,,
13214,333.69237172695625,233.35584255348346,0.0,994.0
