count,mean,std,min,max
18037,499.447801740866,287.3243432554499,0,999
18037,665.9909075788656,235.30288900386745,1,999
18037,329.7653157398681,233.5449296710764,0,990
18037,496.9273715141099,228.78258237131917,0,995
