count,mean,std,min,max
14163,498.75217115018006,288.5195277156016,0,999
14163,665.2430276071453,235.68997069525028,3,999
14163,333.96208430417283,237.5484348651504,0,999
14163,500.2741650780202,230.53248204996177,1,999
