count,mean,std,min,max
17144,667.0414722351843,234.39785170801304,5.0,999.0
17144,500.6482734484368,288.8719259844031,0.0,999.0
17144,500.7987050863276,229.85956902888398,3.0,998.0
17144,,,,
17144,334.4888007466169,237.21370889636813,0.0,987.0
