count,mean,std,min,max
15065,503.00199137072684,288.4506414733734,0,999
15065,668.3890474610023,235.76195340184873,7,999
15065,332.8535678725523,235.52553706406314,0,994
15065,502.3117158977763,230.81175359786357,0,997
