count,mean,std,min,max
11884,666.6998485358465,237.39178781917929,12.0,999.0
11884,498.0135476270616,291.0704417982011,0.0,999.0
11884,497.519522046449,229.57187000298202,0.0,997.0
11884,,,,
11884,329.9923426455739,234.98332643981274,0.0,992.0
