count,mean,std,min,max
15551,497.269500353675,289.343517235439,0,999
15551,662.7977622017877,237.71892302491145,9,999
15551,334.1194135425375,236.11737683412005,0,990
15551,498.7257411098965,230.514116200239,1,996
