count,mean,std,min,max
17659,665.9552069766125,235.39855104192543,4.0,999.0
17659,499.95792513732374,289.4797597457101,0.0,999.0
17659,497.7962512033524,228.0306359746843,2.0,995.0
17659,,,,
17659,331.3969647205391,234.57965738175093,0.0,990.0
