count,mean,std,min,max
17741,499.86032354433235,290.2986874802358,0,999
17741,666.9683783326757,235.5841193664086,6,999
17741,333.89149427878925,237.5235978458221,0,990
17741,499.69449298235725,231.67046219260374,2,999
