count,mean,std,min,max
18738,498.23791226384884,287.96683578197093,0,999
18738,663.5357562173124,237.60821289511492,7,999
18738,331.0100864553314,234.11083683699093,0,995
18738,497.8040879496211,229.7487244215258,1,998
