count,mean,std,min,max
11511,506.6935105551212,289.9409740560958,0,999
11511,670.5412214403614,234.67571654650158,1,999
11511,336.88254712883327,238.63312928277043,0,995
11511,502.11858222569714,228.33823569746315,1,999
