count,mean,std,min,max
13639,501.9371654813403,287.48482456436585,0,999
13639,665.8238140626146,235.74748459739993,5,999
13639,335.89837964660165,235.58680580090427,0,991
13639,500.6696238727179,229.2082608588921,2,997
