count,mean,std,min,max
17897,501.7491758395262,289.4309610923534,0,999
17897,665.0107280549813,236.39938776900868,3,999
17897,332.36883276526794,236.5934100554287,0,997
17897,498.70173772140583,230.85950312969658,3,997
