count,mean,std,min,max
12043,497.53093083118824,289.1230452514772,0,999
12043,666.695258656481,233.75601931350076,6,999
12043,332.3049904508843,234.83989407403155,0,987
12043,501.1034625923773,228.51000207895797,3,995
