count,mean,std,min,max
19280,667.8232883817427,236.14101995027343,6.0,999.0
19280,498.6872925311203,289.28677250980877,0.0,999.0
19280,500.16846473029045,232.2100628647165,1.0,999.0
19280,,,,
19280,333.43127593361,238.0043373028276,0.0,994.0
