count,mean,std,min,max
18050,667.9115789473684,237.0132401781049,5.0,999.0
18050,501.71080332409974,289.9056483898308,0.0,999.0
18050,500.8452077562327,231.31001583524335,1.0,998.0
18050,,,,
18050,333.3509695290859,236.1506396000759,0.0,998.0
