count,mean,std,min,max
19036,501.660905652448,286.12969042899994,0,999
19036,667.2212649716326,235.01415949517266,10,999
19036,334.2757407018281,235.10058671840412,0,998
19036,499.9243013238075,228.89434154470715,7,999
