count,mean,std,min,max
15081,501.12499171142497,287.9650398061749,0,999
15081,666.8488827000862,234.36115102902494,7,999
15081,333.71566872223326,234.62271265501883,0,989
15081,499.6020157814469,228.30774395142842,3,995
