count,mean,std,min,max
12058,664.7436556642892,235.76860039076445,4.0,999.0
12058,499.4087742577542,288.5909383767439,0.0,999.0
12058,498.45986067341187,230.26814986095795,2.0,998.0
12058,,,,
12058,332.4995853375352,234.47861945671693,0.0,990.0
