count,mean,std,min,max
19809,493.6724216265334,288.6729160675063,0,999
19809,666.3299005502549,236.67428790028083,3,999
19809,329.1658841940532,234.74718304749638,0,994
19809,498.8921197435509,229.41642668428833,1,998
