count,mean,std,min,max
18119,668.8312268889011,233.49484298033613,10.0,999.0
18119,501.3191677244881,287.7368831463691,0.0,999.0
18119,501.88945306032343,230.07780466890458,2.0,997.0
18119,,,,
18119,333.8976764722115,235.76640395603943,0.0,995.0
