count,mean,std,min,max
12651,665.049561299502,236.08574176436835,2.0,999.0
12651,499.8159038811161,289.2819990246448,0.0,999.0
12651,497.44834400442653,229.05298919057762,1.0,995.0
12651,,,,
12651,332.20172318393804,236.08753036170123,0.0,989.0
