count,mean,std,min,max
10721,668.0945807294096,234.52645208012896,10.0,999.0
10721,499.5171159406772,289.50578048085765,0.0,999.0
10721,500.0805894972484,229.65860661921508,6.0,998.0
10721,,,,
10721,331.79554146068466,235.89864060771353,0.0,997.0
