count,mean,std,min,max
19054,665.4425842342815,235.7832263804926,4.0,999.0
19054,495.87923795528496,289.5133454188087,0.0,999.0
19054,499.4193870053532,230.1057362486518,1.0,997.0
19054,,,,
19054,334.11393933032434,237.25419140181106,0.0,991.0
