count,mean,std,min,max
15451,499.05837809850493,288.7587399977887,0,999
15451,665.6565270856255,235.43308714701857,7,999
15451,330.73801048475826,234.03534729659077,0,996
15451,497.75004854054754,228.77723435061756,5,998
