count,mean,std,min,max
11198,501.9139131987855,287.36500199246296,0,999
11198,665.8690837649581,236.28643254824544,11,999
11198,335.49267726379713,235.646056105566,0,991
11198,498.81827111984285,230.30082202174833,2,998
