count,mean,std,min,max
11738,500.19935253024363,290.1500681887848,0,999
11738,663.9399386607599,238.0953345097438,6,999
11738,330.01967967285736,237.37036747819795,0,999
11738,498.1575225762481,232.17092587334767,3,999
