count,mean,std,min,max
18296,493.4211303017053,288.2614142030455,0,999
18296,664.2916484477481,234.84109794184195,1,999
18296,329.10045911674683,234.81666627182372,0,998
18296,495.9010166156537,229.48789546419536,1,998
