count,mean,std,min,max
14501,496.4837597407075,287.67432417224853,0,999
14501,667.207227087787,234.69743872404672,2,999
14501,331.0526860216537,235.00361607604952,0,995
14501,499.5256189228329,229.17074792759763,1,996
