count,mean,std,min,max
13409,498.05354612573643,289.50478991820216,0,999
13409,665.9781490044,236.00083440387223,12,999
13409,332.54523081512417,235.13824020367116,0,988
13409,499.59064807219033,229.34816188630242,7,999
