count,mean,std,min,max
14453,664.9733619317789,235.21203793940833,3.0,999.0
14453,499.8549782052169,288.7323681788186,0.0,999.0
14453,500.0444198436311,228.52285918202645,1.0,995.0
14453,,,,
14453,331.77174289074935,234.59237515003696,0.0,995.0
