count,mean,std,min,max
12034,666.9025261758351,236.51631440432794,10.0,999.0
12034,501.9512215389729,288.45418907422527,0.0,999.0
12034,499.9419976732591,231.4497337793853,6.0,998.0
12034,,,,
12034,332.6935349842114,236.68076721490453,0.0,998.0
