count,mean,std,min,max
18520,665.2475161987041,236.08514584727897,3.0,999.0
18520,499.5696544276458,289.250450489661,0.0,999.0
18520,497.18072354211665,230.38775801004127,0.0,998.0
18520,,,,
18520,331.6021058315335,236.4932074005495,0.0,995.0
