count,mean,std,min,max
19502,499.39037021843916,287.8123659745573,0,999
19502,664.9751307558199,234.13476985219762,4,999
19502,334.0464054968721,235.61988992165342,0,997
19502,500.742129012409,229.65365889594636,1,998
