count,mean,std,min,max
18312,499.5442332896461,287.73833564383534,0,999
18312,665.8519550021844,235.5330614543639,5,999
18312,331.42824377457407,235.88052151675268,0,997
18312,497.54554390563567,229.92963689671436,0,997
