count,mean,std,min,max
14596,500.60715264456013,289.5826832105717,0,999
14596,669.9210742669225,234.53905185122593,0,999
14596,334.45190463140585,237.201093957826,0,992
14596,503.00575500137023,229.54965898804238,0,996
