count,mean,std,min,max
10194,498.9435942711399,287.98169991952915,0,999
10194,668.2481852069845,232.14375472535016,3,999
10194,333.8077300372768,236.33257447910316,0,993
10194,502.529429075927,228.47685028163278,0,993
