count,mean,std,min,max
11416,500.6314821303434,288.1594375809297,0,999
11416,665.457866152768,236.1488894862166,3,999
11416,334.12806587245973,235.5714478279859,0,996
11416,500.60888227049753,230.42102519779965,3,998
