count,mean,std,min,max
15642,499.84132463879297,290.31142765710547,0,999
15642,667.5260836210203,236.8540544208072,4,999
15642,330.57083493159445,235.9188057058578,0,992
15642,499.79401611047183,231.06463531662175,3,999
