count,mean,std,min,max
16217,504.7862736634396,288.89783894714384,0,999
16217,667.7981747548869,235.76775785804608,2,999
16217,337.5722390084479,237.9052914552192,0,990
16217,501.56890916939017,230.5980215353419,2,997
