count,mean,std,min,max
12180,499.0440065681445,290.0534192063705,0,999
12180,669.3,234.31663595558268,13,999
12180,334.356157635468,237.57636254286382,0,987
12180,503.3825944170772,229.80027868832113,0,996
