count,mean,std,min,max
18738,663.5357562173124,237.60821289511455,7.0,999.0
18738,498.23791226384884,287.96683578197116,0.0,999.0
18738,497.8040879496211,229.74872442152648,1.0,998.0
18738,,,,
18738,331.0100864553314,234.11083683699147,0.0,995.0
