count,mean,std,min,max
16196,498.26136082983453,290.00896140348124,0,999
16196,664.8508891084218,235.3897651105805,5,999
16196,329.4841318844159,235.98952322911535,0,994
16196,499.56600395159296,230.12013835398895,5,999
