count,mean,std,min,max
12602,664.4338200285669,233.96157351155344,7.0,999.0
12602,496.47159181082367,285.77645805739934,0.0,999.0
12602,497.8263767655928,227.7714331013304,3.0,998.0
12602,,,,
12602,328.9006506903666,231.467168395025,0.0,994.0
