count,mean,std,min,max
19891,497.9551053240159,287.7817135889139,0,999
19891,666.8776833743905,233.77974742665427,7,999
19891,332.37635111356894,233.36712410308567,0,988
19891,499.7674827811573,228.17105523675949,3,996
