count,mean,std,min,max
15523,499.2415770147523,289.8069511588167,0,999
15523,667.5516330606197,234.70800592597624,7,999
15523,333.4101655607808,236.53774099894517,0,995
15523,499.60916060039943,230.25749687634382,0,999
