count,mean,std,min,max
15253,666.4724972136629,234.56511251341368,14.0,999.0
15253,498.2942371992395,288.10972648292125,0.0,999.0
15253,497.3900216350882,229.06581665174988,7.0,998.0
15253,,,,
15253,330.39729889202124,235.3317856329314,0.0,996.0
