count,mean,std,min,max
13705,666.2240058372856,238.89702468845644,3.0,999.0
13705,498.5843852608537,292.1231380879758,0.0,999.0
13705,500.27398759576795,232.65870337162588,1.0,994.0
13705,,,,
13705,332.6547975191536,238.2184802979153,0.0,994.0
