count,mean,std,min,max
15808,666.5918522267207,234.19369428882777,4.0,999.0
15808,500.42282388663966,289.3465647705441,0.0,999.0
15808,497.5376391700405,229.6111678283882,2.0,995.0
15808,,,,
15808,331.0982413967611,236.25864867801906,0.0,988.0
