count,mean,std,min,max
15677,496.8722969955987,289.3933517108751,0,999
15677,667.7167825476813,235.03341400220552,12,999
15677,328.65191044204886,234.8113991676753,0,992
15677,497.5205715379218,228.5505288984024,2,996
