count,mean,std,min,max
18491,497.5398301876589,288.5824082479611,0,999
18491,665.3050132496891,236.21690261238197,2,999
18491,331.60461846303605,235.4397147786581,0,994
18491,499.1137310042723,228.97531328810666,0,999
