count,mean,std,min,max
17347,497.1645817720643,288.72485044871775,0,999
17347,663.5624603677869,236.1907082820665,3,999
17347,329.1014008185853,234.24788600836212,0,994
17347,495.9598201418113,229.79081707562148,1,996
