count,mean,std,min,max
12154,500.0564423235149,288.6401664116366,0,999
12154,666.6677636991936,233.72530214439354,1,999
12154,332.8527233832483,234.77164690182454,0,995
12154,498.44454500575944,228.2806786036835,1,995
