count,mean,std,min,max
19213,499.83370634466246,287.0640290991044,0,999
19213,666.8197054077968,234.50449369015323,4,999
19213,334.1759746005309,235.2562917326679,0,991
19213,499.48003955655025,229.2536126315128,0,999
