count,mean,std,min,max
18175,499.40995873452545,286.0878604823078,0,999
18175,662.9748005502063,235.6468420367977,2,999
18175,331.9565887207703,233.6191973935481,0,985
18175,497.1033837689133,229.43659070632353,2,996
