count,mean,std,min,max
10396,499.1068680261639,287.65980961424475,0,999
10396,668.1505386687187,236.78012145654895,8,999
10396,334.22220084647944,237.0529324977365,0,995
10396,500.7564447864563,230.75753811447254,4,997
