count,mean,std,min,max
11218,664.2885541094669,237.3986191844589,6.0,999.0
11218,500.5845961847032,289.4441926266446,0.0,999.0
11218,500.22686753431987,230.82008051252828,4.0,994.0
11218,,,,
11218,334.8318773399893,237.55496071051903,0.0,993.0
