count,mean,std,min,max
13449,495.3470146479292,290.0352956893107,0,999
13449,664.0673656033906,239.11631678145116,9,999
13449,333.6457729199197,236.12128396711864,0,987
13449,499.384415198156,231.14679419150121,8,998
