count,mean,std,min,max
18464,501.0661286828423,288.64627892202134,0,999
18464,667.8911395147313,234.25964986694393,8,999
18464,336.57176126516464,238.3403816262525,0,995
18464,502.5849220103986,229.65478531067228,3,999
