count,mean,std,min,max
12414,502.59481230868374,289.6065104091024,0,999
12414,666.1966328338972,236.60231887351105,10,999
12414,333.88061865635575,237.19412245281708,0,990
12414,496.8563718382471,229.57761960063223,2,995
