count,mean,std,min,max
12180,499.0440065681445,290.05341920637045,0,999
12180,669.3,234.31663595558186,13,999
12180,334.356157635468,237.57636254286373,0,987
12180,503.3825944170772,229.80027868832104,0,996
