count,mean,std,min,max
11072,667.2228143063584,235.90946467485847,3.0,999.0
11072,500.8284862716763,289.3339991519385,0.0,999.0
11072,500.0233020231214,229.81219352948065,3.0,998.0
11072,,,,
11072,333.26725072254334,235.66296711926952,0.0,989.0
