count,mean,std,min,max
18708,502.1082424631174,288.77140408131936,0,999
18708,666.9380478939491,234.98548185450116,11,999
18708,336.41474235621126,235.97199796795468,0,995
18708,501.6155655334616,228.67232259113396,1,998
