count,mean,std,min,max
16283,667.1458576429405,235.56541140517857,4.0,999.0
16283,500.6673217466069,289.48668242245145,0.0,999.0
16283,500.11730025179634,229.75996350037676,3.0,999.0
16283,,,,
16283,334.69802861880487,237.1445457383283,0.0,994.0
