count,mean,std,min,max
16737,501.2995160423015,289.6289443441261,0,999
16737,670.2129413873454,234.47415296877898,10,999
16737,335.2361235585828,237.79012580766727,0,996
16737,503.3263428332437,228.20887441775034,4,998
