count,mean,std,min,max
11017,662.2509757647273,236.15681623222747,17.0,999.0
11017,497.5010438413361,285.27954767097015,0.0,999.0
11017,498.67967686302984,230.15691944618698,2.0,998.0
11017,,,,
11017,333.4932377235182,234.6900139843245,0.0,992.0
