count,mean,std,min,max
12869,498.47338565545107,288.21599550755644,0,999
12869,669.5832621027275,235.07286121627357,11,999
12869,333.76812495143366,234.6573468140428,0,985
12869,503.21182687077476,228.69962955703195,1,993
