count,mean,std,min,max
18157,665.142809935562,235.72734312799713,8.0,999.0
18157,498.39879936112794,289.56270401370705,0.0,999.0
18157,497.3772649666795,231.05378437548524,3.0,998.0
18157,,,,
18157,329.63231811422594,237.20790033111476,0.0,993.0
