count,mean,std,min,max
17204,501.1284003720065,289.4244016960787,0,999
17204,668.2768542199489,234.66327283068892,13,999
17204,330.4214136247384,234.7236835595015,0,990
17204,498.6216577540107,229.23286312831777,3,998
