count,mean,std,min,max
17045,665.7618656497507,233.94032811550588,2.0,999.0
17045,500.6546201232033,287.42546269557556,0.0,999.0
17045,500.0018187151657,228.05530021640683,1.0,997.0
17045,,,,
17045,331.7903197418598,235.08545942730012,0.0,996.0
