count,mean,std,min,max
10648,665.4538880540947,234.07422714026356,2.0,999.0
10648,498.2497182569497,288.3865463772766,0.0,999.0
10648,497.8971637866266,230.73289954024295,2.0,995.0
10648,,,,
10648,335.0615138993238,238.71696838213302,0.0,989.0
