count,mean,std,min,max
14858,499.2940503432494,287.5789340087213,0,999
14858,668.9529546372324,235.1955944154758,10,999
14858,334.453560371517,234.39581773383813,0,989
14858,501.5895140664962,228.93621109200166,5,993
