count,mean,std,min,max
13396,496.23805613616,288.20509523544195,0,999
13396,661.3538369662585,237.79292323811103,5,999
13396,330.2310391161541,234.39162010194676,0,984
13396,495.5921916990146,229.15277347304425,2,997
