count,mean,std,min,max
11248,665.981418918919,235.5386346156383,11.0,999.0
11248,497.688033428165,287.4714427247716,0.0,999.0
11248,496.92371977240396,227.27786894082737,3.0,994.0
11248,,,,
11248,330.4478129445235,234.00806950872123,0.0,993.0
