count,mean,std,min,max
15085,667.1378853165396,236.2888402292307,3.0,999.0
15085,499.30679482930066,289.36762636316814,0.0,999.0
15085,502.65621478289694,229.6135929998159,3.0,998.0
15085,,,,
15085,334.2581372224064,235.97471857775957,0.0,994.0
