count,mean,std,min,max
13930,670.289303661163,233.92484373265154,4.0,999.0
13930,503.84967695620963,289.1642070404319,0.0,999.0
13930,503.8625269203159,231.55694388136556,1.0,998.0
13930,,,,
13930,336.8447954055994,237.21123520811028,0.0,992.0
