count,mean,std,min,max
18057,497.18618818186854,287.2971982256226,0,999
18057,665.660630226505,235.31464389557848,9,999
18057,331.7243174392203,235.8674348290081,0,996
18057,499.0205460486238,229.74482789059655,2,998
