count,mean,std,min,max
15171,665.4543537011403,234.63202612231728,3.0,999.0
15171,500.1982071056621,288.429409259853,0.0,999.0
15171,496.9286797178828,228.7099375181194,3.0,997.0
15171,,,,
15171,333.2159383033419,235.95448660407092,0.0,993.0
