count,mean,std,min,max
19284,665.5354698195396,234.4351655498275,4.0,999.0
19284,502.38799004355945,287.5917811248788,0.0,999.0
19284,500.45960381663554,229.77638913147965,2.0,998.0
19284,,,,
19284,335.3146650072599,236.08485363111396,0.0,998.0
