count,mean,std,min,max
10168,666.5040322580645,236.52445045261925,5.0,999.0
10168,504.0244885916601,287.42621170726267,0.0,999.0
10168,498.5409126671912,230.3600794461837,1.0,997.0
10168,,,,
10168,333.72708497246265,234.8386217994369,0.0,996.0
