count,mean,std,min,max
13727,498.86151380491003,289.7430005920486,0,999
13727,666.1972754425584,237.19949658177288,2,999
13727,332.66656953449404,235.6193148380518,0,992
13727,499.64107233918554,229.8737273763893,0,995
