count,mean,std,min,max
18458,664.2742442301441,236.28443397008002,9.0,999.0
18458,499.2172499729115,289.05242926863616,0.0,999.0
18458,498.547025679922,230.24162155327676,3.0,997.0
18458,,,,
18458,335.5070971936288,237.17954716602634,0.0,992.0
