count,mean,std,min,max
19881,496.86841708163576,289.7917181848464,0,999
19881,664.0063880086515,238.1430844713432,7,999
19881,329.1824354911725,235.52340993004097,0,986
19881,495.9589557869322,231.86185096516863,1,996
