count,mean,std,min,max
11956,499.918200066912,288.8574461113269,0,999
11956,670.0714285714286,234.62251465514177,2,999
11956,332.4301605888257,234.63435780805358,0,994
11956,502.92932418869185,229.1329463248455,2,998
