count,mean,std,min,max
15548,500.1764214046823,289.4068094382123,0,999
15548,669.1512091587342,235.37290092466802,17,999
15548,328.4723437098019,233.8578579469485,0,987
15548,497.415358888603,229.58531999152606,3,994
