count,mean,std,min,max
17503,502.71279209278407,289.027901268118,0,999
17503,668.7523853053763,234.23548374771684,2,999
17503,335.72616122950353,236.18505695184024,0,996
17503,503.6851968234017,230.4489325535166,1,998
