count,mean,std,min,max
18619,498.1183737042806,288.6164576294735,0,999
18619,663.6349965089424,236.7654496587828,9,999
18619,329.7299532735378,234.094400452894,0,995
18619,496.71706321499545,229.30305596611888,3,998
