count,mean,std,min,max
12343,663.2979016446569,237.20541413002945,8.0,999.0
12343,494.465608036944,289.08727157637867,0.0,999.0
12343,495.46366361500446,230.82397470037205,2.0,996.0
12343,,,,
12343,329.26209187393664,233.5154280200406,0.0,990.0
