count,mean,std,min,max
14190,668.2513742071882,234.73667457094382,8.0,999.0
14190,502.63453136011276,289.3507607704691,0.0,999.0
14190,501.72367864693445,229.35365084476717,1.0,993.0
14190,,,,
14190,334.0842847075405,235.86995763683524,0.0,990.0
