count,mean,std,min,max
14260,499.6814165497896,288.7654749470268,0,999
14260,665.0470546984573,235.06608415373333,6,999
14260,333.795301542777,235.6051465525906,0,981
14260,499.85820476858345,229.21341563579963,1,999
