count,mean,std,min,max
18942,497.44509555485166,287.7304647720167,0,999
18942,665.2625382747334,236.70822051353727,5,999
18942,331.54983634251926,235.2624881540332,0,987
18942,497.77314961461303,230.15527341877606,3,997
