count,mean,std,min,max
12930,494.21028615622583,287.6902748984901,0,999
12930,665.4598607888631,236.3412971315271,9,999
12930,328.58484145398296,232.32994090487685,0,991
12930,496.1185614849188,228.8157541220901,3,996
