count,mean,std,min,max
17107,497.89448763663995,288.9559916268445,0,999
17107,665.6307359560413,237.13526595556627,3,999
17107,332.658327000643,236.5587057676882,0,996
17107,499.81656631788155,231.1978219038806,3,997
