count,mean,std,min,max
10006,663.7742354587248,236.98878972761946,12.0,999.0
10006,497.8805716570058,290.27256733394546,0.0,999.0
10006,498.16070357785327,232.09583305394403,3.0,996.0
10006,,,,
10006,332.91974815110933,237.81326514985642,0.0,995.0
