count,mean,std,min,max
17944,667.175100312082,235.9888058402452,6.0,999.0
17944,499.25206197057514,289.0450624872017,0.0,999.0
17944,498.873439589835,230.43908370100223,3.0,998.0
17944,,,,
17944,332.84529647793136,236.43918967989742,0.0,994.0
