count,mean,std,min,max
10587,495.2057240011335,289.50246641272525,0,999
10587,663.5913856616605,238.21215547470467,9,999
10587,332.50911495229997,237.510943172751,0,992
10587,498.4531973174648,232.86880261829674,4,994
