count,mean,std,min,max
19337,500.445570667632,287.8744877104456,0,999
19337,668.032890313906,235.0403405416356,7,999
19337,334.972125976108,236.74622255066666,0,995
19337,499.6758545793039,230.09409965654814,4,996
