count,mean,std,min,max
13313,663.9480958461654,236.13228573249114,13.0,999.0
13313,496.9915120558852,287.4594202184028,0.0,999.0
13313,496.0594907233531,227.8235163533754,4.0,995.0
13313,,,,
13313,329.3523623525877,231.9039846316927,0.0,989.0
