count,mean,std,min,max
18147,501.60219319997793,289.0816777731765,0,999
18147,666.575411913815,235.29136426268192,6,999
18147,333.8178762329862,235.38500429496082,0,992
18147,499.5057034220532,229.93920771825339,0,997
