count,mean,std,min,max
15540,499.56106821106823,288.9899242767829,0,999
15540,668.0258687258687,234.23959257608973,9,999
15540,330.86280566280567,234.33750775291264,0,990
15540,498.92458172458174,228.7361017310914,1,994
