count,mean,std,min,max
19056,497.76695004198154,287.35733530577386,0,999
19056,664.0053001679261,234.4397441174755,14,999
19056,332.4165092359362,235.90107657771995,0,997
19056,499.3828190596138,228.44189436087336,4,997
