count,mean,std,min,max
13839,495.48211575980923,288.5599341922198,0,999
13839,669.4569694342076,234.65599698687294,9,999
13839,329.92398294674473,234.3380793965685,0,998
13839,501.1111351976299,229.74613686061198,3,998
