count,mean,std,min,max
18905,500.13292779687913,289.8602709394445,0,999
18905,666.1994181433483,235.44371722297387,2,999
18905,330.0482412060301,234.82186840607292,0,984
18905,499.15942872256016,230.55523074646797,0,998
