count,mean,std,min,max
16878,498.5451475293281,289.09289586748577,0,999
16878,665.7846308804361,237.37146831016233,8,999
16878,333.05942647233087,235.53672498707365,0,995
16878,498.9978670458585,229.638093189878,2,995
