count,mean,std,min,max
18542,497.94391112069894,288.7141266302923,0,999
18542,667.7831949088555,233.52729172161614,9,999
18542,333.47438248301154,236.06562043137654,0,995
18542,501.6005824614389,229.8120993066758,2,996
