count,mean,std,min,max
12579,497.2385722235472,289.92059119795033,0,999
12579,666.5262739486445,236.48852284949072,6,999
12579,331.97797917163524,235.57440227286926,0,991
12579,499.3920025439224,230.85546351305052,1,996
