count,mean,std,min,max
14954,502.1479202888859,287.1993842445712,0,999
14954,667.7805269493113,235.30532160366639,10,999
14954,333.5658686639026,235.96335347053022,0,987
14954,501.2525076902501,229.9103167115809,1,998
