count,mean,std,min,max
13159,500.93966106847023,289.5025554309853,0,999
13159,665.4837753628696,236.9738368532362,5,999
13159,332.73098259746183,234.92001007208594,0,987
13159,499.02994148491524,230.45301517379752,3,998
