count,mean,std,min,max
18500,498.0454054054054,289.02570630256287,0,999
18500,666.4792432432432,236.5901777611667,8,999
18500,331.8501081081081,235.7533641385015,0,997
18500,498.4075675675676,231.340855289434,0,997
