count,mean,std,min,max
19279,495.22807199543547,288.71407410649175,0,999
19279,660.9842834171897,237.9933602403902,3,999
19279,328.9049743243944,233.2123006437279,0,984
19279,494.9751024430728,228.9053004696676,3,998
