count,mean,std,min,max
12674,671.5559412971437,235.2777391127874,9.0,999.0
12674,504.58079532902,290.48857150739195,0.0,999.0
12674,503.32199779075273,229.89559158243884,3.0,995.0
12674,,,,
12674,333.51925201199305,236.69258061165098,0.0,989.0
