count,mean,std,min,max
10294,498.15455605206915,289.815972106227,0,999
10294,670.2236254128619,235.53715421699894,7,999
10294,333.00728579755196,237.16927495230374,0,994
10294,499.63920730522636,231.96484748943914,2,998
