count,mean,std,min,max
17057,500.9389693381017,288.0306575313607,0,999
17057,665.7615055402474,234.82184074922668,4,999
17057,333.4843759160462,235.65802275127746,0,995
17057,501.107228703758,229.58868910107668,3,996
