count,mean,std,min,max
15147,500.2840166369578,288.40015869577337,0,999
15147,666.7384960718294,237.12988148575135,4,999
15147,331.54882154882154,236.287340245035,0,997
15147,498.46834356638277,230.5584871617041,4,997
