count,mean,std,min,max
19039,497.1646094857923,288.88865667803,0,999
19039,666.4146751405011,234.20866905106294,3,999
19039,329.8378591312569,233.01038744928883,0,995
19039,498.5654708755712,227.13584710997392,3,997
