count,mean,std,min,max
16978,502.48527506184473,289.1184339660339,0,999
16978,668.9003416185652,235.14852433320527,12,999
16978,335.44139474614207,236.12420796045987,0,990
16978,500.5958298975144,228.8539101395883,1,995
