count,mean,std,min,max
10218,664.4939322763751,236.25486404173947,13.0,999.0
10218,497.0791740066549,287.61874337972523,0.0,999.0
10218,496.34664317870426,230.90057361078814,7.0,996.0
10218,,,,
10218,329.1460168330397,235.03217761057724,0.0,993.0
