count,mean,std,min,max
13597,499.5515187173641,288.3444270613259,0,999
13597,666.2876369787454,235.8080874523947,1,999
13597,332.03044789291755,236.04613184777028,0,996
13597,501.12877840700156,231.05446521338467,1,998
