count,mean,std,min,max
11594,498.30041400724514,289.70656020436877,0,999
11594,664.9306537864412,235.9398761121041,7,999
11594,331.1584440227704,235.78032266728405,0,996
11594,496.1264447127825,230.6253012032307,2,997
