count,mean,std,min,max
11296,500.08595963172803,287.2798672664452,0,999
11296,664.8562322946176,234.05527708893482,14,999
11296,331.3059490084986,234.1937890348668,0,991
11296,497.0880842776204,228.49136093857683,6,997
