count,mean,std,min,max
16621,501.41297154202516,289.3690856179907,0,999
16621,669.4275916009867,234.7838386877055,5,999
16621,331.3102099753324,234.69901642895235,0,997
16621,500.782985379941,229.43504991972037,0,997
