count,mean,std,min,max
18032,504.1753549245785,286.9487051708752,0,999
18032,668.8253105590062,234.32450511389135,7,999
18032,335.00166370896187,235.12063297103236,0,986
18032,503.7101264418811,230.2513729352261,4,996
