count,mean,std,min,max
13159,665.4837753628696,236.97383685323572,5.0,999.0
13159,500.93966106847023,289.50255543098564,0.0,999.0
13159,499.02994148491524,230.45301517379775,3.0,998.0
13159,,,,
13159,332.73098259746183,234.92001007208523,0.0,987.0
