count,mean,std,min,max
16086,496.38623647892575,289.6528707503146,0,999
16086,666.5367400223797,235.89228135849726,4,999
16086,332.2752704214845,235.7680731982316,0,996
16086,500.6906005221932,229.16269739792813,3,996
