count,mean,std,min,max
15005,665.797334221926,236.96990410198586,2.0,999.0
15005,497.39060313228924,289.21220823350205,0.0,999.0
15005,499.2239920026658,230.17464799416427,2.0,997.0
15005,,,,
15005,331.56054648450515,235.8642485934745,0.0,986.0
