count,mean,std,min,max
14183,666.0058520764295,236.32412335325137,6.0,999.0
14183,496.9720792498061,288.09091430981914,0.0,999.0
14183,499.3129803285624,230.53527164167537,6.0,992.0
14183,,,,
14183,330.8075865472749,234.94829676095443,0.0,992.0
