count,mean,std,min,max
16254,668.8287806078504,234.47570999942548,10.0,999.0
16254,499.11221853082316,287.76542909773997,0.0,999.0
16254,499.9641934293097,229.71167222659537,1.0,996.0
16254,,,,
16254,333.06183093392394,234.91618171628951,0.0,996.0
