count,mean,std,min,max
17499,499.313789359392,287.6997172884341,0,999
17499,663.9438825075719,235.5312459499966,2,999
17499,334.36110634893424,234.7259758875681,0,998
17499,500.4883707640437,228.8043522621367,0,998
