count,mean,std,min,max
18426,500.01259090415715,289.2100269330898,0,999
18426,666.0807554542495,235.7135075259162,4,999
18426,329.7319005752741,235.35349936979594,0,994
18426,498.3050037989797,229.97837711805323,4,994
