count,mean,std,min,max
19890,501.73906485671193,287.0104142966893,0,999
19890,668.0522373051784,233.82003437109233,11,999
19890,335.0628456510809,236.60092659078896,0,994
19890,501.45525389643035,228.74939699278931,6,998
