count,mean,std,min,max
10099,500.15338152292304,289.3408667932594,0,999
10099,668.2147737399742,235.12688979230435,9,999
10099,330.8245370828795,234.7304993311939,0,988
10099,500.38786018417665,229.13228548915086,4,996
