count,mean,std,min,max
14990,504.07478318879254,287.8492624441748,0,999
14990,669.5681120747165,235.1034711243901,10,999
14990,332.79466310873914,234.16182714058195,0,990
14990,500.38425617078053,229.56827251657475,2,998
