count,mean,std,min,max
16417,497.81519156971433,287.870785277489,0,999
16417,663.8272522385332,235.10707896072736,3,999
16417,332.04294329049156,234.60284899099017,0,994
16417,499.41944326003534,228.86469122173145,0,998
