count,mean,std,min,max
13032,495.8965623081645,288.1510702003644,0,999
13032,662.5490331491712,237.32315424042545,9,999
13032,328.9090699815838,233.89291213701625,0,996
13032,496.60151933701655,229.05549088089325,2,996
