count,mean,std,min,max
17420,497.6506888633754,288.4731457333133,0,999
17420,666.9365671641791,236.84890040920246,5,999
17420,330.598794489093,235.45026505304153,0,996
17420,498.7886337543054,230.81992319828018,4,996
