count,mean,std,min,max
13834,497.0383114066792,287.8494595007052,0,999
13834,662.8149486771722,236.4439659315045,4,999
13834,334.86338007806853,234.90068897192975,0,993
13834,496.6481133439352,228.74368476215582,4,996
