count,mean,std,min,max
11337,494.55508511952013,288.89834582601486,0,999
11337,664.6492899356091,237.0262756027485,6,999
11337,329.7139454882244,234.9631657278912,0,992
11337,495.51142277498457,229.05559513865117,2,996
