count,mean,std,min,max
14448,498.1904761904762,287.71753400434153,0,999
14448,669.6300526024363,233.37669887244823,12,999
14448,330.3296650055371,234.74332121952486,0,996
14448,499.35271317829455,228.83870871132868,0,996
