count,mean,std,min,max
10854,504.30173208033904,289.7840938481621,0,999
10854,666.4627786990972,235.80980144715258,1,999
10854,335.1838953381242,237.6520210037274,0,998
10854,502.8808734107242,228.76349624161978,1,998
