count,mean,std,min,max
13279,504.3385797123277,287.4470906534109,0,999
13279,669.5829505233828,232.78330331804315,5,999
13279,336.490323066496,237.04988510290795,0,989
13279,501.4920551246329,228.84025914343886,5,998
