count,mean,std,min,max
15706,497.66948936712083,288.6329849832333,0,999
15706,666.5140073857125,236.5636478123985,3,999
15706,331.42747994397047,235.91863353523908,0,993
15706,498.4338469374761,230.75797500580256,3,998
