count,mean,std,min,max
15284,666.1963491232661,236.83522545705188,3.0,999.0
15284,498.26092645904214,290.76378417293455,0.0,999.0
15284,499.81889557707404,231.11518201405028,1.0,997.0
15284,,,,
15284,334.2304370583617,237.22345534991376,0.0,991.0
