count,mean,std,min,max
18081,496.5036778939218,289.08620258051695,0,999
18081,665.0643216636248,236.30532154101175,6,999
18081,330.3360433604336,235.00978211147526,0,997
18081,498.1096178308722,230.4136904254583,1,997
