count,mean,std,min,max
15759,501.23700742432897,289.5332920583273,0,999
15759,666.3032552826957,235.45501066531745,1,999
15759,331.46240243670286,236.77478296268484,0,995
15759,499.64407640078684,230.45448931991928,0,996
