count,mean,std,min,max
13910,500.5846872753415,287.57774514694773,0,999
13910,668.415672178289,234.57690209888082,11,999
13910,331.1023005032351,233.20939148443247,0,990
13910,498.9176132278936,228.2761928997157,2,999
