count,mean,std,min,max
14571,502.5108777709148,287.65091578117915,0,999
14571,663.5129366549996,236.29032435929983,7,999
14571,333.887104522682,235.62927929397893,0,993
14571,498.7681696520486,230.06551614952016,4,999
