count,mean,std,min,max
12554,498.1736498327226,288.61438073977695,0,999
12554,664.3238808347937,237.2353009038564,6,999
12554,334.37438266687906,235.97158324378657,0,993
12554,498.2916998566194,231.0235096449994,3,999
