count,mean,std,min,max
14671,501.74971031286213,288.1476845902375,0,999
14671,665.8665394315316,233.91345451851578,8,999
14671,334.50671392543114,235.77196865991556,0,990
14671,500.8573376047986,228.5080594307031,5,995
