count,mean,std,min,max
17107,499.8595896416671,288.6119940766273,0,999
17107,667.2308996317297,236.07303175281714,12,999
17107,334.51277254924884,236.58014294024238,0,996
17107,499.948149880166,230.30245326920846,2,998
