count,mean,std,min,max
14920,503.86394101876675,288.37525170626753,0,999
14920,668.655563002681,234.42594343025505,13,999
14920,333.3665549597855,236.5812984839256,0,993
14920,501.99383378016086,230.69269546763138,2,998
