count,mean,std,min,max
15114,498.0573640333466,288.48063982135056,0,999
15114,666.8240703983062,234.9671433904089,13,999
15114,333.6922720656345,236.97392002442942,0,989
15114,499.6804287415641,230.4553914591253,0,998
