count,mean,std,min,max
13397,498.9874598790774,288.70595333795717,0,999
13397,666.4765992386356,235.88369832104047,1,999
13397,332.90057475554227,235.97420217933853,0,988
13397,501.0023139508845,230.76485198171378,1,997
