count,mean,std,min,max
15410,668.6970798182998,235.37363048070145,0.0,999.0
15410,499.5040882543803,288.76966498143184,0.0,999.0
15410,500.25451005840364,230.50787811912002,0.0,999.0
15410,,,,
15410,331.94133679428944,235.9320251660617,0.0,989.0
