count,mean,std,min,max
18875,501.161059602649,285.91454653599965,0,999
18875,666.6193377483444,234.80999422247922,7,999
18875,333.7300132450331,234.90747291244276,0,990
18875,499.83782781456955,230.3017751322453,5,996
