count,mean,std,min,max
14721,499.59826098770463,289.94901258522947,0,999
14721,664.7647578289518,236.67627868836914,6,999
14721,332.55315535629376,235.91677826595293,0,995
14721,498.86101487670675,230.80485823309078,3,998
