count,mean,std,min,max
18144,498.7179783950617,288.5142700763171,0,999
18144,664.5131723985891,235.85115178184958,5,999
18144,331.39158950617286,235.30350448910826,0,997
18144,497.22029320987656,230.2194345974377,1,997
