count,mean,std,min,max
19649,500.1103872970635,289.159678736685,0,999
19649,665.8378034505573,236.39589062635602,5,999
19649,332.64064328973484,236.56647812827663,0,993
19649,498.9836123975775,230.8341049205296,2,996
