count,mean,std,min,max
13575,498.6567955801105,290.3615291205735,0,999
13575,664.6749907918969,237.30391998243218,5,999
13575,331.4089871086556,236.6725347534301,0,992
13575,497.22858195211785,231.01864861802258,4,996
