count,mean,std,min,max
19132,665.785072130462,236.67578989755674,2.0,999.0
19132,499.231026552373,289.86638830769493,0.0,999.0
19132,499.4078507213046,230.91009932673717,2.0,997.0
19132,,,,
19132,333.31282667781727,236.4166867178138,0.0,993.0
