count,mean,std,min,max
10932,663.114434687157,236.02717930332588,11.0,999.0
10932,496.746066593487,287.3890510472984,0.0,999.0
10932,495.81439809732893,228.02853294960528,9.0,996.0
10932,,,,
10932,329.2712221002561,233.57547984961815,0.0,987.0
