count,mean,std,min,max
12508,664.0801087304126,236.6992403905411,2.0,999.0
12508,495.1915574032619,287.91557892748193,0.0,999.0
12508,495.70762711864404,230.0140907716222,2.0,996.0
12508,,,,
12508,329.2929325231852,234.8937290346687,0.0,994.0
