count,mean,std,min,max
14858,499.2940503432494,287.5789340087216,0,999
14858,668.9529546372324,235.1955944154753,10,999
14858,334.453560371517,234.39581773383895,0,989
14858,501.5895140664962,228.93621109200146,5,993
