count,mean,std,min,max
11133,493.6031617713105,288.74377988934276,0,999
11133,663.3563280337735,236.91998438645655,6,999
11133,329.80508398455044,234.22288942899866,0,992
11133,497.5633701607833,229.1032520167544,6,994
