count,mean,std,min,max
18930,498.6845747490755,289.53398368513854,0,999
18930,668.8467511885896,234.70758150370946,4,999
18930,330.2102482831484,234.73788903761434,0,987
18930,499.75742208135233,229.15351401513024,3,997
