count,mean,std,min,max
19974,664.9782216881947,236.20271484828126,6.0,999.0
19974,496.33498548112544,288.7596780808961,0.0,999.0
19974,497.3834985481125,230.4688025376301,1.0,998.0
19974,,,,
19974,331.2245419044758,235.23094280236046,0.0,995.0
