count,mean,std,min,max
12855,502.7871645274212,288.8382154059017,0,999
12855,668.1144301828083,236.34741168435895,3,999
12855,334.9765071956437,236.61025683215985,0,995
12855,502.17386231038506,230.33023937492467,3,995
