count,mean,std,min,max
18203,497.62874251497004,288.44000288130087,0,999
18203,666.2842937977257,235.28841367591937,3,999
18203,330.04070757567433,234.10717190968242,0,986
18203,497.6660440586717,227.7626438557292,1,996
