count,mean,std,min,max
11884,498.0135476270616,291.0704417982009,0,999
11884,666.6998485358465,237.3917878191791,12,999
11884,329.9923426455739,234.98332643981234,0,992
11884,497.519522046449,229.57187000298242,0,997
