count,mean,std,min,max
10871,498.8961457087664,290.2398135661049,0,999
10871,664.985189954926,235.88898122670977,6,999
10871,328.650998068255,233.68132947033664,0,990
10871,497.01481004507406,230.16140263255073,2,998
