count,mean,std,min,max
14773,500.9915386177486,287.7190106304115,0,999
14773,667.0195627157652,234.5360462906248,6,999
14773,335.07500169227643,235.21994174026014,0,993
14773,499.295403777161,229.50407849452498,3,995
