count,mean,std,min,max
17862,498.6021722091591,289.2093642706304,0,999
17862,666.3764416078826,234.95817853079555,6,999
17862,330.554025305117,234.62450173543377,0,995
17862,499.0225618631732,230.2820319237937,4,998
