count,mean,std,min,max
16644,501.8981614996395,288.27973806270273,0,999
16644,666.0793679403989,234.52629275996182,11,999
16644,333.943763518385,236.70876933620735,0,991
16644,499.58345349675557,229.86177542998917,3,996
