count,mean,std,min,max
13639,665.8238140626146,235.74748459739993,5.0,999.0
13639,501.9371654813403,287.4848245643659,0.0,999.0
13639,500.6696238727179,229.2082608588921,2.0,997.0
13639,,,,
13639,335.89837964660165,235.5868058009042,0.0,991.0
