count,mean,std,min,max
12855,668.1144301828083,236.34741168435895,3.0,999.0
12855,502.7871645274212,288.83821540590174,0.0,999.0
12855,502.17386231038506,230.33023937492467,3.0,995.0
12855,,,,
12855,334.9765071956437,236.61025683215988,0.0,995.0
