count,mean,std,min,max
19218,499.54495785201374,289.7576643801609,0,999
19218,664.9362576750963,236.75698259963073,5,999
19218,333.63185555208656,237.09327186756238,0,993
19218,500.12686023519615,231.75310219161196,1,996
