count,mean,std,min,max
18542,497.94391112069894,288.71412663029264,0,999
18542,667.7831949088555,233.5272917216155,9,999
18542,333.47438248301154,236.0656204313771,0,995
18542,501.6005824614389,229.8120993066753,2,996
