count,mean,std,min,max
19243,503.88972613417866,288.40299765281975,0,999
19243,667.1699838902458,236.56628887359628,9,999
19243,333.7295639972977,236.51692701348895,0,996
19243,498.74744062776074,230.66679222306647,1,996
