count,mean,std,min,max
12659,666.6981594122758,236.0720556482286,4.0,999.0
12659,501.8318982542065,287.4198428833135,0.0,999.0
12659,497.5919898886168,231.37815032078194,3.0,994.0
12659,,,,
12659,332.4546962635279,236.6568148158011,0.0,989.0
