count,mean,std,min,max
15665,495.8695180338334,288.5724741915106,0,999
15665,664.64085541015,236.1112382310131,7,999
15665,333.29645706990107,236.7747635196172,0,995
15665,498.81576763485475,231.28886531274685,3,996
