count,mean,std,min,max
11795,666.7465027554048,235.58957430105463,8.0,999.0
11795,498.68155998304366,287.587346618071,0.0,999.0
11795,498.27494701144553,229.93421863585553,1.0,997.0
11795,,,,
11795,330.2568037303942,235.4526316736342,0.0,995.0
