count,mean,std,min,max
10350,502.50512077294684,289.69956602869314,0,999
10350,666.1808695652173,237.11671023995592,6,999
10350,334.243961352657,236.6239144636169,0,986
10350,499.1168115942029,229.9140306116656,5,996
