count,mean,std,min,max
15699,498.5474234027645,288.23562448547204,0,999
15699,668.5307344416842,233.6699991178707,5,999
15699,333.17982037072426,235.17914540813803,0,991
15699,499.85425823300847,228.85635121307357,2,999
