count,mean,std,min,max
19985,498.2706029522142,288.8621295581614,0,999
19985,667.7807855891919,234.9588771897319,10,999
19985,332.2518889166875,235.28943770419403,0,996
19985,500.30627970978236,229.67622830622676,2,997
