count,mean,std,min,max
19373,499.48392092086925,287.08581853205146,0,999
19373,665.6964331801993,235.13308818141556,4,999
19373,333.89547308109223,234.4834924358465,0,993
19373,499.4672482320756,228.27144995870688,1,997
