count,mean,std,min,max
12614,496.57483748216265,287.7069838549299,0,999
12614,663.6920881560171,235.07723268213238,8,999
12614,330.927461550658,234.40981633404755,0,992
12614,496.2723957507531,229.9071212314743,2,998
