count,mean,std,min,max
19809,493.6724216265334,288.6729160675065,0,999
19809,666.3299005502549,236.6742879002811,3,999
19809,329.1658841940532,234.74718304749646,0,994
19809,498.8921197435509,229.4164266842894,1,998
