count,mean,std,min,max
10318,494.9343865090134,287.62983103873256,0,999
10318,663.4413646055438,234.65352135104456,12,999
10318,329.34221748400853,234.53894202698234,0,993
10318,494.69616204690834,228.3642000351899,7,993
