count,mean,std,min,max
12631,498.52561159053124,288.34762349742925,0,999
12631,667.7725437415882,235.58621775287384,8,999
12631,330.75544295780225,234.76606937299044,0,986
12631,497.23062307022406,229.83662571615,2,995
