count,mean,std,min,max
14773,667.0195627157652,234.5360462906248,6.0,999.0
14773,500.9915386177486,287.71901063041156,0.0,999.0
14773,499.295403777161,229.50407849452498,3.0,995.0
14773,,,,
14773,335.07500169227643,235.21994174026014,0.0,993.0
