count,mean,std,min,max
12589,501.32750814202876,288.9967834134461,0,999
12589,668.1224878862499,235.58047576052454,13,999
12589,333.24680276431803,236.2600080488151,0,993
12589,502.83843037572484,230.6563026378575,4,998
