count,mean,std,min,max
19369,502.4094171098146,289.196398962324,0,999
19369,669.1447674118436,234.32699931951424,7,999
19369,332.23398213640354,235.66694727265238,0,993
19369,500.70117197583767,229.49736018179118,2,999
