count,mean,std,min,max
11807,500.0551367832642,288.35671434281875,0,999
11807,665.8935377318539,236.45854427898868,5,999
11807,331.85161344964854,235.12435859268646,0,986
11807,496.5389175912594,229.28444212651613,0,995
