count,mean,std,min,max
11749,502.0931143076007,287.8548595524123,0,999
11749,667.0847731721849,234.187871024079,19,999
11749,332.3134734871053,234.3203601799344,0,986
11749,500.53800323431784,228.09136609516813,4,995
