count,mean,std,min,max
12270,495.44637326813364,286.6983225080173,0,999
12270,661.4901385493073,236.54586599627012,4,999
12270,331.1888345558272,235.06865818798133,0,995
12270,496.3153219233904,228.75742963268058,3,996
