count,mean,std,min,max
13634,664.4876778641632,235.53582083235617,13.0,999.0
13634,495.2984450638111,286.7899179284066,0.0,999.0
13634,498.3457532638991,228.5575153465704,2.0,997.0
13634,,,,
13634,330.9325949831304,234.05604710881605,0.0,995.0
