count,mean,std,min,max
12171,666.0817517048722,234.6931887019605,6.0,999.0
12171,496.98143127105413,288.7302041652845,0.0,999.0
12171,500.2412291512612,229.54891812765146,1.0,994.0
12171,,,,
12171,333.1680223482048,236.24604380253595,0.0,994.0
