count,mean,std,min,max
11850,666.4143459915612,235.67908062785088,13.0,999.0
11850,497.5352742616034,289.34957307243013,0.0,999.0
11850,502.19071729957807,228.56452481031246,0.0,997.0
11850,,,,
11850,334.9607594936709,236.4924611312735,0.0,993.0
