count,mean,std,min,max
13844,500.0610372724646,288.7143383773631,0,999
13844,664.2258017913898,236.76162921923878,2,999
13844,331.2534672060098,233.5962687163183,0,993
13844,496.40508523548107,229.51076654164822,1,995
