count,mean,std,min,max
18032,504.1753549245785,286.9487051708751,0,999
18032,668.8253105590062,234.3245051138909,7,999
18032,335.00166370896187,235.1206329710322,0,986
18032,503.7101264418811,230.25137293522587,4,996
