count,mean,std,min,max
17879,496.9932322836848,287.90687549136834,0,999
17879,664.3762514682029,234.84874729604266,9,999
17879,332.0816041165613,236.57291106479127,0,989
17879,497.06997035628393,230.63422013775494,2,997
