count,mean,std,min,max
14644,499.26850587271235,289.9845620886354,0,999
14644,666.7081398524994,236.00463087524182,7,999
14644,331.87633160338703,236.06339556390583,0,997
14644,499.8988664299372,230.9226988653832,5,999
