count,mean,std,min,max
19368,502.82016728624535,289.5773542202075,0,999
19368,669.8478934324659,235.62084067290792,4,999
19368,333.4051011978521,235.0945867895513,0,994
19368,501.2045642296572,230.07017698614843,4,999
