count,mean,std,min,max
10318,663.4413646055438,234.65352135104462,12.0,999.0
10318,494.9343865090134,287.62983103873245,0.0,999.0
10318,494.69616204690834,228.3642000351898,7.0,993.0
10318,,,,
10318,329.34221748400853,234.5389420269826,0.0,993.0
