count,mean,std,min,max
15378,497.5744570165171,289.40602940629213,0,999
15378,668.8192872935363,235.732826426148,1,999
15378,331.24378982962673,236.00817917625488,0,998
15378,498.5728313174665,229.77512084738308,1,998
