count,mean,std,min,max
18660,665.0905144694534,236.63415282938587,6.0,999.0
18660,500.5334405144695,289.4955684071828,0.0,999.0
18660,499.21773847802785,231.78143705642265,1.0,998.0
18660,,,,
18660,334.33885316184353,238.09136945866086,0.0,995.0
