count,mean,std,min,max
18932,497.5225544052398,288.1776359625419,0,999
18932,662.7946862455102,237.46159018110237,6,999
18932,332.53486160997255,235.27054211138662,0,997
18932,497.28142826959646,231.59570443039556,1,999
