count,mean,std,min,max
19221,502.5682846886218,288.32938186515116,0,999
19221,667.7095884709432,234.98733166230753,3,999
19221,335.3058633785963,235.49313556998342,0,993
19221,501.81686696841996,229.3976909030717,1,997
