count,mean,std,min,max
15269,500.72630820616934,289.15020228943024,0,999
15269,664.9570371340625,235.8582183211293,4,999
15269,333.71131049839545,235.38152512345653,0,995
15269,498.5756107145196,229.60441085309222,4,996
