count,mean,std,min,max
10880,494.85625,288.5324301495427,0,999
10880,665.3121323529411,237.95943037523602,4,999
10880,331.94742647058825,236.601941872182,0,985
10880,497.55863970588234,230.66126193591762,2,996
