count,mean,std,min,max
15350,493.6932899022801,287.35026784224385,0,999
15350,660.0241042345277,238.09828013125454,3,999
15350,331.17491856677526,233.0998557029888,0,992
15350,495.19087947882736,229.2917310823501,3,994
