count,mean,std,min,max
17107,499.8595896416671,288.6119940766267,0,999
17107,667.2308996317297,236.07303175281962,12,999
17107,334.51277254924884,236.5801429402425,0,996
17107,499.948149880166,230.30245326920772,2,998
