count,mean,std,min,max
17420,666.9365671641791,236.84890040920254,5.0,999.0
17420,497.6506888633754,288.4731457333136,0.0,999.0
17420,498.7886337543054,230.81992319828035,4.0,996.0
17420,,,,
17420,330.598794489093,235.450265053042,0.0,996.0
