count,mean,std,min,max
19991,502.72877795007753,290.041314218646,0,999
19991,668.0401180531239,236.82895065257478,4,999
19991,335.29958481316595,236.7048276378015,0,992
19991,501.9708868991046,231.21456883429607,0,999
