count,mean,std,min,max
14549,666.2386418310537,234.80252606520668,12.0,999.0
14549,500.6487731115541,288.0971059940893,0.0,999.0
14549,500.54629184136365,228.80780573526474,3.0,997.0
14549,,,,
14549,333.49886590143655,235.3671356926286,0.0,985.0
