count,mean,std,min,max
19664,500.4046480878763,288.2945677242985,0,999
19664,666.4733523189585,235.57004132413803,8,999
19664,334.33579129373476,236.00756525470206,0,992
19664,501.33218063466234,229.65621972927596,4,997
