count,mean,std,min,max
17448,668.5048716185236,234.1694101232451,9.0,999.0
17448,501.55565107748737,288.1298400387277,0.0,999.0
17448,502.6581843191197,229.81451890046844,1.0,995.0
17448,,,,
17448,335.75028656579553,237.19075047739273,0.0,988.0
