count,mean,std,min,max
19743,504.08929747252193,288.81047050267506,0,999
19743,666.8829965050904,234.155398332878,12,999
19743,334.6572456060376,236.37229704280176,0,995
19743,499.57579901737324,229.48484880721924,0,998
