count,mean,std,min,max
10656,499.50328453453454,291.1910324030448,0,999
10656,663.9881756756756,237.59964483502154,3,999
10656,332.66966966966964,238.15903602800122,0,991
10656,496.5272147147147,232.19021112941056,3,993
