count,mean,std,min,max
13409,498.05354612573643,289.5047899182013,0,999
13409,665.9781490044,236.00083440387272,12,999
13409,332.54523081512417,235.13824020367093,0,988
13409,499.59064807219033,229.34816188630248,7,999
