count,mean,std,min,max
14448,669.6300526024363,233.37669887244803,12.0,999.0
14448,498.1904761904762,287.71753400434034,0.0,999.0
14448,499.35271317829455,228.838708711329,0.0,996.0
14448,,,,
14448,330.3296650055371,234.74332121952324,0.0,996.0
