count,mean,std,min,max
11002,503.2409561897837,288.91789092742175,0,999
11002,670.0338120341756,233.79534896157833,12,999
11002,335.18987456826034,237.0934052741092,0,981
11002,503.98491183421197,229.01014662874366,5,997
