count,mean,std,min,max
13991,498.69022943320704,287.5053610407787,0,999
13991,668.913944678722,234.20278573398923,2,999
13991,332.09041526695734,233.75648280654696,0,988
13991,499.4943892502323,228.49978881585184,2,992
