count,mean,std,min,max
13336,499.2736952609478,288.6439966573383,0,999
13336,667.9493851229754,236.78340654471543,8,999
13336,329.30736352729457,234.54771114885554,0,993
13336,498.8114127174565,230.26457528437797,4,996
