count,mean,std,min,max
18460,497.0521668472373,289.72973266345485,0,999
18460,664.8374322860238,235.9944889973371,11,999
18460,332.1114842903575,235.4436169530336,0,997
18460,497.66565547128926,230.66348600086354,3,999
