count,mean,std,min,max
11007,504.8608158444626,288.1062852143906,0,999
11007,668.7648768965204,236.07148628821162,8,999
11007,338.87135459253204,236.65205810496465,0,995
11007,503.8367402562006,231.23824645560555,7,997
