count,mean,std,min,max
11213,504.1529474716846,288.18724104061005,0,999
11213,671.1091590118613,234.18500679798038,13,999
11213,338.38589137608136,236.6178630895671,0,989
11213,504.9607598323375,229.7388190258358,2,997
