count,mean,std,min,max
18184,665.2468103827541,235.75414491845117,5.0,999.0
18184,500.6211504619446,287.2759388733689,0.0,999.0
18184,500.06951165860096,228.8742476233838,2.0,994.0
18184,,,,
18184,333.78574571051473,234.63915706863384,0.0,994.0
