count,mean,std,min,max
12998,498.6853362055701,288.06230051207405,0,999
12998,664.3452838898293,235.83237480708198,1,999
12998,334.43368210493924,234.94517102345657,0,988
12998,498.88529004462225,229.38549700754317,0,990
