count,mean,std,min,max
16178,664.6693658054147,236.32363797966033,9.0,999.0
16178,497.92248732847077,288.46415345899777,0.0,999.0
16178,498.09568549882556,228.3628694985157,2.0,996.0
16178,,,,
16178,331.35616269007295,235.56088059301936,0.0,995.0
