count,mean,std,min,max
17985,669.4648874061718,234.1691987401197,4.0,999.0
17985,503.55752015568527,289.1032766271812,0.0,999.0
17985,500.9408951904365,228.8221232015836,3.0,996.0
17985,,,,
17985,334.6714484292466,235.36160488226648,0.0,992.0
