count,mean,std,min,max
16008,499.41335582208893,288.76321879361956,0,999
16008,665.6857821089455,235.64721993349656,10,999
16008,333.5233008495752,236.18001401415788,0,992
16008,500.2755497251374,228.6136700417394,2,998
