count,mean,std,min,max
15754,503.3220134568998,289.2131184034453,0,999
15754,665.9749270026659,235.4805056994622,3,999
15754,334.8182049003428,235.89562705438308,0,995
15754,497.80462104862255,230.08126658920773,0,997
