count,mean,std,min,max
19932,666.3544049769215,236.42648103243886,5.0,999.0
19932,500.3294200280955,290.93292704873875,0.0,999.0
19932,498.18342364037727,231.5063053236441,3.0,996.0
19932,,,,
19932,331.2889323700582,236.46469950843746,0.0,992.0
