count,mean,std,min,max
15297,669.0588350656992,235.7124018069784,8.0,999.0
15297,503.2591357782572,289.916373202607,0.0,999.0
15297,502.2665882199124,230.77875693629687,4.0,997.0
15297,,,,
15297,333.08890632150093,236.1202360921667,0.0,990.0
