count,mean,std,min,max
18528,665.9147236614854,237.35211072374747,5.0,999.0
18528,500.5527310017271,288.7886643709813,0.0,999.0
18528,498.9083549222798,230.51337197430772,0.0,999.0
18528,,,,
18528,332.98348445595855,236.46801197164746,0.0,999.0
