count,mean,std,min,max
14666,662.7156688940406,236.53593477044544,4.0,999.0
14666,495.8038319923633,287.4654461364772,0.0,999.0
14666,497.2052366016637,229.39046914150157,2.0,997.0
14666,,,,
14666,330.68150825037503,234.55478908894113,0.0,989.0
