count,mean,std,min,max
16162,664.5545724539043,236.76900987004794,12.0,999.0
16162,500.0795693602277,287.60431571050566,0.0,999.0
16162,500.1220764756837,230.6268662743005,3.0,999.0
16162,,,,
16162,335.6458977849276,235.2768628288839,0.0,995.0
