count,mean,std,min,max
10747,500.35796036103096,288.47081470534647,0,999
10747,665.7931515771843,238.16647573368834,5,999
10747,332.6225923513539,235.34791421499116,0,997
10747,497.32753326509726,230.89800882335044,4,997
