count,mean,std,min,max
11002,503.2409561897837,288.9178909274214,0,999
11002,670.0338120341756,233.79534896157816,12,999
11002,335.18987456826034,237.09340527410913,0,981
11002,503.98491183421197,229.0101466287437,5,997
