count,mean,std,min,max
14190,502.63453136011276,289.3507607704691,0,999
14190,668.2513742071882,234.73667457094382,8,999
14190,334.0842847075405,235.86995763683524,0,990
14190,501.72367864693445,229.35365084476717,1,993
