count,mean,std,min,max
17219,666.5881293919507,236.89688814901078,4.0,999.0
17219,499.55537487658984,289.81615149913165,0.0,999.0
17219,498.8329171264301,230.18358366181357,2.0,998.0
17219,,,,
17219,333.7366862187119,236.45435227919438,0.0,993.0
