count,mean,std,min,max
16738,667.9950412235631,235.14710729958864,6.0,999.0
16738,502.6868801529454,288.71489192198436,0.0,999.0
16738,501.91307205161905,229.82319403188288,2.0,998.0
16738,,,,
16738,334.2652646672243,234.74587229141758,0.0,990.0
