count,mean,std,min,max
12633,500.3566848729518,287.65795352289683,0,999
12633,667.6668249821895,235.25706680459845,9,999
12633,332.8866460856487,236.89491730030153,0,990
12633,500.58101796881186,231.2776292188304,2,997
