count,mean,std,min,max
17033,500.5199906064698,288.83073582133915,0,999
17033,668.5194035108319,234.92558557137968,11,999
17033,334.60964011037396,235.47620089301267,0,996
17033,500.84166030646395,229.4809293698465,2,997
