count,mean,std,min,max
12019,667.2335468841002,236.2095651777654,6.0,999.0
12019,502.85481321241366,290.16645128255834,0.0,999.0
12019,499.8603877194442,230.12162082326694,5.0,997.0
12019,,,,
12019,330.8465762542641,236.03268724136765,0.0,997.0
