count,mean,std,min,max
18426,500.01259090415715,289.2100269330894,0,999
18426,666.0807554542495,235.7135075259161,4,999
18426,329.7319005752741,235.35349936979648,0,994
18426,498.3050037989797,229.9783771180531,4,994
