count,mean,std,min,max
15293,667.4071797554436,234.13566308768438,9.0,999.0
15293,500.13306741646505,286.73364900206093,0.0,999.0
15293,501.29614856470283,228.46759832211006,5.0,999.0
15293,,,,
15293,333.40443340090235,234.31834279243122,0.0,990.0
