count,mean,std,min,max
11735,667.3334469535578,237.33144965476743,7.0,999.0
11735,502.9496378355347,291.8762114176877,0.0,999.0
11735,500.94103110353643,230.5792675760097,3.0,999.0
11735,,,,
11735,333.1486152535151,236.88516512622095,0.0,999.0
