count,mean,std,min,max
15269,664.9570371340625,235.85821832112939,4.0,999.0
15269,500.72630820616934,289.1502022894309,0.0,999.0
15269,498.5756107145196,229.60441085309137,4.0,996.0
15269,,,,
15269,333.71131049839545,235.38152512345735,0.0,995.0
