count,mean,std,min,max
14795,496.2637377492396,288.04947748609493,0,999
14795,662.8616424467725,235.68539833453679,5,999
14795,329.22791483609325,233.13373663161255,0,992
14795,497.3274079080771,228.75189832649346,3,997
