count,mean,std,min,max
19653,664.0273240726607,236.17877102549923,7.0,999.0
19653,495.2480537322546,287.3906623778964,0.0,999.0
19653,496.50038162112656,229.21842967417987,4.0,997.0
19653,,,,
19653,331.1648603266677,235.47209875980877,0.0,997.0
