count,mean,std,min,max
10197,670.5250563891341,235.11587062856714,9.0,999.0
10197,503.3518681965284,287.92624457032167,0.0,999.0
10197,504.1121898597627,231.89295938234554,3.0,995.0
10197,,,,
10197,334.15945866431304,238.06253788019347,0.0,995.0
