count,mean,std,min,max
12065,497.3157065893079,289.7875703245206,0,999
12065,665.4910899295483,236.58732133763942,6,999
12065,332.53261500207213,235.94527303600904,0,994
12065,499.77894736842103,230.43158415139587,2,998
