count,mean,std,min,max
15610,497.2801409352979,289.1177167380569,0,999
15610,665.1499679692505,236.1457126690082,2,999
15610,335.67866752082,237.16356240625055,0,994
15610,501.79564381806534,230.0603190623257,2,997
