count,mean,std,min,max
16015,499.0947236965345,288.50152507012456,0,999
16015,665.8990945988136,236.33514374909404,2,999
16015,334.22060568217296,235.94319429248534,0,992
16015,500.1940056197315,229.8260037963836,1,996
