count,mean,std,min,max
17808,668.3407457322552,237.53800739290457,11.0,999.0
17808,501.0397574123989,290.35450084826175,0.0,999.0
17808,500.2501684636119,229.7723972794657,6.0,996.0
17808,,,,
17808,331.9920822102426,236.02366022445034,0.0,993.0
