count,mean,std,min,max
18017,498.61858244990844,288.5406635569742,0,999
18017,666.5185657989676,236.664608658643,5,999
18017,333.9867902536493,234.5882218217701,0,995
18017,501.11972026419494,230.30374987154485,1,997
