count,mean,std,min,max
17906,665.8198927733721,234.68155923476024,2.0,999.0
17906,499.6089020440076,288.2504918581504,0.0,999.0
17906,501.3093376521836,229.8092668079178,0.0,998.0
17906,,,,
17906,335.0983469228192,237.5288000364389,0.0,997.0
