count,mean,std,min,max
10541,496.6635992790058,288.32770945269795,0,999
10541,664.8259178446068,234.16713762882998,19,999
10541,332.1298738260127,235.74644525818863,0,991
10541,500.2144009107295,227.09161720490323,5,997
