count,mean,std,min,max
15527,497.8780833387003,287.2628782839319,0,999
15527,664.7313711599149,235.79883719745203,18,999
15527,332.0257615766085,233.00193136329187,0,989
15527,498.16487409029435,227.59829869220303,7,996
