count,mean,std,min,max
10599,502.92131333144636,287.8523137915254,0,999
10599,667.1974714595716,234.54119621195653,11,999
10599,334.16586470421737,234.41340189966246,0,989
10599,500.2387961128408,227.9163166317046,1,995
