count,mean,std,min,max
15769,664.8804616652926,236.13099571612636,7.0,999.0
15769,498.5252711015283,287.80134364800625,0.0,999.0
15769,499.2579110913818,228.89156368165192,5.0,997.0
15769,,,,
15769,332.58037922506185,235.43371065701768,0.0,993.0
