count,mean,std,min,max
14629,664.0556429010869,234.99387682006318,4.0,999.0
14629,501.5764577209652,287.24372674487097,0.0,999.0
14629,499.0491489507143,228.7503934978562,3.0,996.0
14629,,,,
14629,334.3301661084148,234.28696848051024,0.0,992.0
