count,mean,std,min,max
16034,496.63109642010727,289.06783976773096,0,999
16034,665.9720593738306,235.01252788016416,7,999
16034,332.6211799925159,236.73593019517247,0,993
16034,499.4380691031558,231.57627053833377,5,996
