count,mean,std,min,max
13818,499.3420176581271,287.549517009125,0,999
13818,665.2520625271385,234.08093438710887,6,999
13818,332.38601823708206,233.31820118649415,0,994
13818,498.6040671587784,228.0137182029789,2,997
