count,mean,std,min,max
18743,499.85173131302355,289.1205571414862,0,999
18743,665.6361308221736,235.02712948933933,3,999
18743,332.9192765299045,235.72064807386636,0,993
18743,498.16294083124365,229.02562841003336,3,997
