count,mean,std,min,max
18934,665.3835956480406,235.76778730277627,4.0,999.0
18934,499.61291855920564,288.7997840613231,0.0,999.0
18934,499.74691032005916,230.61383338067623,2.0,998.0
18934,,,,
18934,332.69805640646456,236.21457636250545,0.0,992.0
