count,mean,std,min,max
17334,500.982404522903,290.01857068097496,0,999
17334,667.6434752509518,234.76608108858596,5,999
17334,334.87625475943236,237.1803017989504,0,996
17334,500.6140533056421,231.511039586058,5,998
