count,mean,std,min,max
18184,500.6211504619446,287.275938873369,0,999
18184,665.2468103827541,235.75414491845126,5,999
18184,333.78574571051473,234.6391570686336,0,994
18184,500.06951165860096,228.87424762338347,2,994
