count,mean,std,min,max
13596,664.3536334215946,237.78068553175984,5.0,999.0
13596,498.5278022947926,290.2704675881799,0.0,999.0
13596,498.251912327155,230.88916223426438,5.0,993.0
13596,,,,
13596,334.84105619299794,235.82388650182966,0.0,993.0
