count,mean,std,min,max
10706,668.3429852419205,236.56087583046173,7.0,999.0
10706,502.36428171118996,290.16840176465644,0.0,999.0
10706,499.95245656641134,228.98018507396068,0.0,994.0
10706,,,,
10706,329.9036988604521,235.54008608825507,0.0,984.0
