count,mean,std,min,max
18542,667.7831949088555,233.52729172161614,9.0,999.0
18542,497.94391112069894,288.7141266302923,0.0,999.0
18542,501.6005824614389,229.8120993066758,2.0,996.0
18542,,,,
18542,333.47438248301154,236.06562043137654,0.0,995.0
