count,mean,std,min,max
13752,669.6759016870274,235.1088274639973,11.0,999.0
13752,503.05962769051774,288.2323496093109,0.0,999.0
13752,500.0617364746946,230.44434011343307,4.0,998.0
13752,,,,
13752,334.40248691099475,235.49757306265863,0.0,996.0
