count,mean,std,min,max
12092,498.7745616936818,287.9640021197881,0,999
12092,665.7228746278531,235.54527991342658,11,999
12092,333.41763149189546,234.39305335730222,0,988
12092,499.2183261660602,229.99659816662032,1,995
