count,mean,std,min,max
12716,501.0263447625039,289.6886850821224,0,999
12716,667.0886284995281,235.1002532309635,5,999
12716,335.29529726329037,236.72396872716362,0,987
12716,501.514784523435,229.28675234960406,1,997
