count,mean,std,min,max
15062,493.5651971849688,289.60985131170037,0,999
15062,660.8265834550524,237.9545623625499,12,999
15062,327.8794316823795,235.23829996042642,0,991
15062,495.2438587173018,230.17184529918143,4,996
