count,mean,std,min,max
17218,498.33842490417004,289.25015797486986,0,999
17218,665.8887211058195,235.0170814306671,3,999
17218,330.7063538157742,235.2377384583245,0,996
17218,497.56516436287603,229.8161126389588,3,997
