count,mean,std,min,max
12407,497.0285322801644,287.2960981864796,0,999
12407,665.2027081486258,235.16319296310274,4,999
12407,334.0325622632385,235.8359533152142,0,992
12407,500.4936729265737,228.79990780551202,3,995
