count,mean,std,min,max
12066,667.7785513011769,234.14459109508886,5.0,999.0
12066,497.80250290071274,289.27348588576774,0.0,999.0
12066,499.2759820984585,229.07527450767722,4.0,992.0
12066,,,,
12066,332.7555942317255,235.08492337336972,0.0,986.0
