count,mean,std,min,max
13037,666.0870599064202,234.72798594267493,6.0,999.0
13037,500.2422336427092,289.3071034547909,0.0,999.0
13037,498.0181023241543,227.8166038973934,3.0,993.0
13037,,,,
13037,332.090588325535,234.97135482731127,0.0,993.0
