count,mean,std,min,max
10564,495.7752745172283,289.23641559949283,0,999
10564,661.9358197652405,238.14041207545372,5,999
10564,327.5482771677395,233.39280433442065,0,985
10564,496.07118515713745,230.48901302312422,2,998
