count,mean,std,min,max
10720,500.89682835820895,289.64588077970456,0,999
10720,665.9250932835821,234.71268099651448,2,999
10720,336.09169776119404,237.86696817360237,0,995
10720,499.6241604477612,230.6541719182014,0,995
