count,mean,std,min,max
15519,496.5856691797152,288.20227819117514,0,999
15519,666.4430053482828,234.5774906774016,4,999
15519,331.01301630259684,235.25869681104064,0,993
15519,497.88246665377926,229.56563174159095,1,999
