count,mean,std,min,max
13024,668.8001382063882,236.02688290536707,6.0,999.0
13024,503.95247235872233,290.7283932855488,0.0,999.0
13024,500.9983875921376,232.02504004861885,4.0,996.0
13024,,,,
13024,334.3374539312039,238.82290657012112,0.0,996.0
