count,mean,std,min,max
11594,669.1565464895635,234.3904348480438,9.0,999.0
11594,501.8098154217699,288.38957060839437,0.0,999.0
11594,502.72149387614286,229.35501012178807,1.0,999.0
11594,,,,
11594,333.92418492323617,235.92589967042895,0.0,990.0
