count,mean,std,min,max
16966,497.96204173051984,289.641497112694,0,999
16966,664.4403512908169,234.64621966215304,10,999
16966,331.14452434280327,236.2473474419882,0,994
16966,497.07002239773664,230.59803627998537,0,998
