count,mean,std,min,max
15880,496.94785894206547,289.1433896769759,0,999
15880,665.9649244332494,237.44168872109145,6,999
15880,331.10919395465993,236.32675994945745,0,992
15880,496.8879722921914,230.7530578782827,1,995
