count,mean,std,min,max
15242,662.9195643616323,236.78617325224548,5.0,999.0
15242,494.14000787298255,289.7811501249377,0.0,999.0
15242,495.6763548090802,229.26426321072634,5.0,997.0
15242,,,,
15242,329.3613042907755,234.56966075382198,0.0,985.0
