count,mean,std,min,max
12607,494.51225509637504,288.5363640332934,0,999
12607,664.3387007218212,235.60163697652695,11,999
12607,331.8800666296502,235.60846734747818,0,982
12607,499.2892837312604,231.08644989540247,7,996
