count,mean,std,min,max
13623,499.43529325405564,288.62384903267485,0,999
13623,666.2836379652059,235.29404128194219,7,999
13623,333.39227776554355,235.64000101193886,0,995
13623,500.3813403802393,228.83780950281712,6,998
