count,mean,std,min,max
12614,496.57483748216265,287.70698385493,0,999
12614,663.6920881560171,235.0772326821333,8,999
12614,330.927461550658,234.4098163340476,0,992
12614,496.2723957507531,229.90712123147372,2,998
