count,mean,std,min,max
17066,501.0098441345365,288.8947665365562,0,999
17066,664.7312199695301,236.20522744009367,6,999
17066,333.37847181530526,236.39992787238504,0,995
17066,498.37601078167114,229.62973905960212,2,996
