count,mean,std,min,max
16800,499.5908928571429,288.97765003469215,0,999
16800,664.8398214285714,235.92358073358284,2,999
16800,331.62101190476193,236.81231593713733,0,994
16800,499.75160714285715,230.60696723021098,1,995
