count,mean,std,min,max
12900,502.4286046511628,289.54430451163876,0,999
12900,669.823023255814,236.09038763651245,2,999
12900,333.8191472868217,236.51900366308047,0,992
12900,499.8970542635659,230.44920510528686,2,997
