count,mean,std,min,max
16737,670.2129413873454,234.47415296877867,10.0,999.0
16737,501.2995160423015,289.6289443441262,0.0,999.0
16737,503.3263428332437,228.20887441775028,4.0,998.0
16737,,,,
16737,335.2361235585828,237.79012580766775,0.0,996.0
