count,mean,std,min,max
10648,498.2497182569497,288.3865463772765,0,999
10648,665.4538880540947,234.07422714026333,2,999
10648,335.0615138993238,238.71696838213342,0,989
10648,497.8971637866266,230.73289954024244,2,995
