count,mean,std,min,max
19569,500.6469415912924,288.9861727835265,0,999
19569,668.5386069804282,235.67988811699362,6,999
19569,332.65225611937245,234.5548353784503,0,991
19569,501.60922888241606,230.01323893308432,3,996
