count,mean,std,min,max
14070,498.5233830845771,289.3172449921324,0,999
14070,664.7508884150675,235.040496427379,16,999
14070,332.9637526652452,236.66554962791912,0,996
14070,501.7821606254442,231.03342625858733,1,996
