count,mean,std,min,max
10070,499.3828202581926,288.3263435211038,0,999
10070,666.2421052631579,234.75485905973696,11,999
10070,336.6351539225422,235.04974983977948,0,992
10070,502.3788480635551,227.86005084338137,6,997
