count,mean,std,min,max
19197,665.0749075376361,236.08821652647254,7.0,999.0
19197,499.6950044277752,287.61287203783576,0.0,999.0
19197,498.28217950721466,229.4355286940777,2.0,998.0
19197,,,,
19197,330.7325623795385,233.68151282481423,0.0,996.0
