count,mean,std,min,max
15880,665.9649244332494,237.4416887210914,6.0,999.0
15880,496.94785894206547,289.14338967697614,0.0,999.0
15880,496.8879722921914,230.7530578782832,1.0,995.0
15880,,,,
15880,331.10919395465993,236.3267599494574,0.0,992.0
