count,mean,std,min,max
13193,669.6241188509058,235.62260288842808,4.0,999.0
13193,503.0155385431668,287.599856866082,0.0,999.0
13193,503.13158493140304,229.72231529473189,2.0,999.0
13193,,,,
13193,338.3528386265444,236.39182279723545,0.0,988.0
