count,mean,std,min,max
11912,498.10115849563465,290.0319109508937,0,999
11912,664.8751678979181,237.8873811841674,3,999
11912,329.5851242444594,233.6653240085653,0,986
11912,497.1655473472129,230.6723756826637,2,996
