count,mean,std,min,max
17576,667.5459148839326,235.16069466558585,11.0,999.0
17576,502.539144287665,287.85076217397483,0.0,999.0
17576,501.1065088757396,229.0021638434277,0.0,993.0
17576,,,,
17576,335.7027765134274,235.50701859350136,0.0,991.0
