count,mean,std,min,max
17547,504.1514218954807,289.467105186923,0,999
17547,670.0079785718357,235.81891806161963,9,999
17547,334.90739157690774,237.81028223784514,0,994
17547,503.04433806348663,231.04563674577497,5,997
