count,mean,std,min,max
14349,500.9374869328873,287.4252357819819,0,999
14349,667.4063697818664,233.7300660147419,4,999
14349,335.36803958464003,237.48873396062578,0,989
14349,500.7948289079378,229.68717468358497,0,999
