count,mean,std,min,max
14349,500.9374869328873,287.42523578198217,0,999
14349,667.4063697818664,233.73006601474228,4,999
14349,335.36803958464003,237.4887339606258,0,989
14349,500.7948289079378,229.68717468358514,0,999
