count,mean,std,min,max
18150,664.0207713498622,236.10149065364985,9.0,999.0
18150,498.12903581267216,287.2604733076574,0.0,999.0
18150,498.51300275482095,229.1486867439415,1.0,998.0
18150,,,,
18150,330.8794490358127,233.6185711738607,0.0,988.0
