count,mean,std,min,max
10382,500.762184550183,289.07138539522725,0,999
10382,669.0962242342516,235.172191437399,11,999
10382,329.89192833750724,235.52052727788083,0,992
10382,499.2772105567328,229.43520703406034,3,996
