count,mean,std,min,max
12564,667.8124005093919,232.96948429344982,5.0,999.0
12564,497.23424068767906,288.2399542799471,0.0,999.0
12564,499.32577204711873,228.72549807077328,4.0,994.0
12564,,,,
12564,331.400270614454,235.01106957100774,0.0,992.0
