count,mean,std,min,max
12905,666.5636574970941,235.31334486026216,6.0,999.0
12905,497.12034095311895,288.8313587378214,0.0,999.0
12905,500.8161177838047,230.33802868552493,1.0,997.0
12905,,,,
12905,331.2579620302208,235.36551362389667,0.0,992.0
