count,mean,std,min,max
15405,663.1831872768581,238.34006768323735,16.0,999.0
15405,496.87971437844857,289.17926982768853,0.0,999.0
15405,496.2600454397923,230.8710367670432,1.0,996.0
15405,,,,
15405,332.6148653034729,235.86056870069862,0.0,995.0
