count,mean,std,min,max
11971,493.15362125135744,289.04021777763427,0,999
11971,661.3562776710384,237.91008345416412,2,999
11971,327.1410909698438,234.74617812680611,0,988
11971,492.31626430540473,229.53841129011272,0,998
