count,mean,std,min,max
14829,495.75487220985906,287.70250816560554,0,999
14829,660.7532537595253,236.19485826461968,5,999
14829,331.8504956504147,235.81058532630087,0,995
14829,493.33893047407105,228.19600259701505,2,999
