count,mean,std,min,max
10613,500.6736078394422,287.55979030153355,0,999
10613,665.422218034486,234.91738269151577,10,999
10613,332.3594648073118,234.3352998575043,0,985
10613,497.5881466126449,229.97410308098742,4,995
