count,mean,std,min,max
12806,666.4323754490083,234.46556091075183,6.0,999.0
12806,500.0852725285023,286.91171677020003,0.0,999.0
12806,500.14618147743244,230.37020006578587,4.0,996.0
12806,,,,
12806,333.2685459940653,235.6767595330861,0.0,994.0
