count,mean,std,min,max
16242,502.5276443787711,287.8569288423053,0,999
16242,668.1852604359069,233.76922189903559,3,999
16242,335.16574313508187,236.85455407681525,0,994
16242,501.7968846201207,229.18303101067957,0,997
