count,mean,std,min,max
15771,496.92086741487543,288.7697886218464,0,999
15771,666.1111533827911,236.34622510149984,2,999
15771,330.1146407963985,233.66841819005887,0,990
15771,497.57795954600215,229.02370401457074,1,999
