count,mean,std,min,max
18157,498.39879936112794,289.5627040137068,0,999
18157,665.142809935562,235.72734312799705,8,999
18157,329.63231811422594,237.20790033111473,0,993
18157,497.3772649666795,231.0537843754852,3,998
