count,mean,std,min,max
12724,498.66700723043067,288.8090784750497,0,999
12724,664.8784973278844,235.95183030256175,1,999
12724,334.96659855391385,237.11314287015512,0,993
12724,499.65482552656397,231.03778901711965,1,996
