count,mean,std,min,max
12217,502.30645821396416,290.44520404671283,0,999
12217,668.219202750266,234.9235912536061,7,999
12217,332.46116067774415,236.85241527003404,0,984
12217,500.6505688794303,230.3609069534201,2,995
