count,mean,std,min,max
18988,500.90609858858227,288.3717042739621,0,999
18988,668.1540446597851,235.1321266795744,12,999
18988,334.367863914051,235.83945439059025,0,991
18988,502.69280598272593,228.64497047308168,2,997
