count,mean,std,min,max
13937,500.0609887350219,287.2104807098631,0,999
13937,666.0574011623736,234.6524303419321,0,999
13937,333.70746932625383,235.50501595431348,0,993
13937,499.08976106766164,227.92862699997218,0,993
