count,mean,std,min,max
18230,498.76791003839827,287.37257588074385,0,999
18230,666.3947339550192,234.43199008082206,8,999
18230,333.23428414701044,235.50475301429847,0,987
18230,501.04717498628634,228.70315428314845,2,992
