count,mean,std,min,max
11562,503.58415499048607,287.1227525158873,0,999
11562,670.1607853312576,233.50446854552908,1,999
11562,335.67012627573087,235.45539373967432,0,996
11562,500.6268811624286,228.37415113722787,1,999
