count,mean,std,min,max
19132,499.231026552373,289.86638830769493,0,999
19132,665.785072130462,236.67578989755674,2,999
19132,333.31282667781727,236.4166867178138,0,993
19132,499.4078507213046,230.9100993267372,2,997
