count,mean,std,min,max
17503,500.92858367137063,288.90655619650374,0,999
17503,668.2889790321659,235.38763696929237,11,999
17503,332.4484374107296,235.0946287586974,0,992
17503,501.72547563274867,229.62941555887522,3,998
