count,mean,std,min,max
10080,664.7842261904761,236.33464716821547,16.0,999.0
10080,496.3389880952381,288.99978057037913,0.0,999.0
10080,497.3688492063492,229.9511581495165,0.0,997.0
10080,,,,
10080,329.9656746031746,235.36445618905077,0.0,991.0
