count,mean,std,min,max
17711,664.641860990345,235.13311310102966,10.0,999.0
17711,497.818305008187,288.02513882159184,0.0,999.0
17711,498.7276268985376,231.48856892336713,0.0,997.0
17711,,,,
17711,334.00982440291347,236.54959408648702,0.0,991.0
