count,mean,std,min,max
16551,500.01250679717236,288.29783550761215,0,999
16551,665.852637302882,235.954244320446,9,999
16551,332.4080116005075,234.45767874762768,0,995
16551,499.60727448492537,229.51926052888285,5,996
