count,mean,std,min,max
13058,498.4637004135396,288.52435412833535,0,999
13058,664.1335579721243,236.10885653139897,10,999
13058,331.4964772553224,235.52687101973856,0,987
13058,497.6242150405881,229.72816316630755,2,995
