count,mean,std,min,max
13482,507.6182317163626,290.3070120869762,0,999
13482,670.2421747515206,235.05964664812376,13,999
13482,337.73423824358406,237.2743662933389,0,989
13482,504.60977599762646,230.07491483553602,4,996
