count,mean,std,min,max
18176,666.9762874119718,235.3314423229457,8.0,999.0
18176,497.52827904929575,288.6470602007964,0.0,999.0
18176,499.5182658450704,230.4839341536184,5.0,998.0
18176,,,,
18176,333.9513094190141,238.31683924648794,0.0,994.0
