count,mean,std,min,max
19364,500.3792604833712,287.7671477931709,0,999
19364,667.3322660607313,233.58673508005316,8,999
19364,333.3216277628589,235.6415576718676,0,991
19364,500.24431935550507,228.74798470453203,4,996
