count,mean,std,min,max
18934,662.8225942748495,236.85242294029763,9.0,999.0
18934,495.8031055244534,288.1711179988145,0.0,999.0
18934,495.45547691982676,230.28474103503552,1.0,995.0
18934,,,,
18934,330.19235238195836,234.81564677609902,0.0,992.0
