count,mean,std,min,max
17660,495.82678369195924,288.0672354769791,0,999
17660,664.4266704416762,236.01614309075336,5,999
17660,329.8049830124575,233.86915415497177,0,988
17660,496.12678369195925,230.16275742444063,0,999
