count,mean,std,min,max
18292,665.746883883665,235.57710433866234,8.0,999.0
18292,497.64159195276625,287.84065097187516,0.0,999.0
18292,499.6301661928712,230.172173159912,1.0,998.0
18292,,,,
18292,334.54963918652965,236.47183502231803,0.0,993.0
