count,mean,std,min,max
18119,501.3191677244881,287.73688314636814,0,999
18119,668.8312268889011,233.49484298033624,10,999
18119,333.8976764722115,235.76640395603968,0,995
18119,501.88945306032343,230.07780466890503,2,997
