count,mean,std,min,max
17218,665.8887211058195,235.0170814306669,3.0,999.0
17218,498.33842490417004,289.2501579748705,0.0,999.0
17218,497.56516436287603,229.81611263895857,3.0,997.0
17218,,,,
17218,330.7063538157742,235.23773845832423,0.0,996.0
