count,mean,std,min,max
19469,499.5190302532231,287.51837598604607,0,999
19469,664.7857619805845,235.5122423662026,5,999
19469,333.5222148030202,237.04453473257726,0,997
19469,499.4300683137295,229.75586287509222,2,998
