count,mean,std,min,max
10434,499.70366110791645,288.77268091062496,0,999
10434,666.6354226566992,236.72360890521907,18,999
10434,332.5796434732605,234.8884169538402,0,990
10434,499.6888058271037,230.0779614727593,3,997
