count,mean,std,min,max
10504,496.55854912414316,287.6396423272854,0,999
10504,663.8521515613099,236.6283488360031,3,999
10504,326.8899466869764,232.7413363308963,0,992
10504,493.48952779893375,228.96292583731588,3,995
