count,mean,std,min,max
17334,500.982404522903,290.01857068097576,0,999
17334,667.6434752509518,234.7660810885848,5,999
17334,334.87625475943236,237.18030179895024,0,996
17334,500.6140533056421,231.51103958605776,5,998
