count,mean,std,min,max
18932,662.7946862455102,237.46159018110194,6.0,999.0
18932,497.5225544052398,288.1776359625415,0.0,999.0
18932,497.28142826959646,231.59570443039485,1.0,999.0
18932,,,,
18932,332.53486160997255,235.27054211138685,0.0,997.0
