count,mean,std,min,max
17959,665.6956957514338,236.23955206381004,8.0,999.0
17959,500.13736845035913,289.2125983740136,0.0,999.0
17959,500.32880449913694,229.16040987027384,1.0,998.0
17959,,,,
17959,332.7298290550699,237.29486544095096,0.0,994.0
