count,mean,std,min,max
14351,667.2537802243746,236.34750145658055,9.0,999.0
14351,501.4302139223747,287.7222910805072,0.0,999.0
14351,499.31865375235174,228.94513193184247,3.0,997.0
14351,,,,
14351,333.3064594801756,234.52045640680223,0.0,991.0
