count,mean,std,min,max
13894,501.81106952641426,288.1914992629506,0,999
13894,668.1864833741183,234.62073482952624,5,999
13894,333.5210162660141,237.02247213518402,0,992
13894,499.4632935079891,230.14427278078125,5,999
