count,mean,std,min,max
18945,665.3066244391661,236.37823742131164,14.0,999.0
18945,498.6617049353391,288.6956116573095,0.0,999.0
18945,499.66439693850623,230.6986023687835,1.0,998.0
18945,,,,
18945,333.7522301398786,236.56408798517023,0.0,987.0
