count,mean,std,min,max
14534,667.5996284574102,235.12462971333335,11.0,999.0
14534,503.25581395348837,289.29015201256004,0.0,999.0
14534,501.54699325719,230.9682409231139,4.0,999.0
14534,,,,
14534,336.5963946607954,237.62850307533344,0.0,993.0
