count,mean,std,min,max
15882,503.6939931998489,288.71579573181236,0,999
15882,670.383641858708,235.15138584104838,1,999
15882,335.6105654199723,236.32742886320102,0,995
15882,503.35984132980735,230.52629061233944,1,998
