count,mean,std,min,max
15812,496.2683405008854,287.9995814741852,0,999
15812,662.2654945610929,235.32794674264616,6,999
15812,331.8597900328864,233.71320649472312,0,993
15812,496.69788768024284,229.0455006416961,0,993
