count,mean,std,min,max
14671,665.8665394315316,233.913454518516,8.0,999.0
14671,501.74971031286213,288.1476845902379,0.0,999.0
14671,500.8573376047986,228.50805943070344,5.0,995.0
14671,,,,
14671,334.50671392543114,235.77196865991502,0.0,990.0
