count,mean,std,min,max
19337,668.032890313906,235.04034054163506,7.0,999.0
19337,500.445570667632,287.8744877104462,0.0,999.0
19337,499.6758545793039,230.09409965654817,4.0,996.0
19337,,,,
19337,334.972125976108,236.74622255066657,0.0,995.0
