count,mean,std,min,max
15432,665.3566614826335,238.3013457654743,12.0,999.0
15432,498.5230041472265,290.07439082974827,0.0,999.0
15432,498.7562856402281,230.69710739832178,6.0,997.0
15432,,,,
15432,332.38258164852255,235.45651298150108,0.0,987.0
