count,mean,std,min,max
14051,665.8117571703082,234.7506645923025,14.0,999.0
14051,499.00149455554765,288.11142849439807,0.0,999.0
14051,499.0677531848267,228.9694059500887,2.0,999.0
14051,,,,
14051,333.3311508077717,234.50150811119843,0.0,988.0
