count,mean,std,min,max
10888,498.2650624540779,290.48384316904304,0,999
10888,666.0895481263776,236.0923463468131,9,999
10888,332.46170095518,235.27559203951324,0,994
10888,499.97648787656135,230.18912954681988,3,996
