count,mean,std,min,max
19932,500.3294200280955,290.9329270487387,0,999
19932,666.3544049769215,236.42648103243917,5,999
19932,331.2889323700582,236.4646995084383,0,992
19932,498.18342364037727,231.5063053236443,3,996
