count,mean,std,min,max
11673,500.9320654501842,288.0902168128859,0,999
11673,663.3413004369057,235.08342369220148,15,999
11673,333.8582198235244,236.1834829630459,0,992
11673,496.313544076073,230.35539979547167,5,995
